timestamp,frame_idx,infer_ms,total_ms,cpu_percent,mem_rss_mb,gpu_util,gpu_mem_mb
1779138594.0084562,0,1.5504874972975813,4.4340249987726565,0.0,1039.203125,22,1482.0390625
1779138594.0084617,1,1.5504874972975813,4.434524998941924,0.0,1039.203125,22,1482.0390625
1779138594.0084631,2,1.5504874972975813,4.434662499988917,0.0,1039.203125,22,1482.0390625
1779138594.0084639,3,1.5504874972975813,4.434749997017207,0.0,1039.203125,22,1482.0390625
1779138594.0084646,4,1.5504874972975813,4.434824997588294,0.0,1039.203125,22,1482.0390625
1779138594.0084677,5,1.5504874972975813,4.43519999680575,0.0,1039.203125,22,1482.0390625
1779138594.0084682,6,1.5504874972975813,4.435262497281656,0.0,1039.203125,22,1482.0390625
1779138594.0084684,7,1.5504874972975813,4.4353249977575615,0.0,1039.203125,22,1482.0390625
1779138594.050084,8,1.7477000001235865,3.1306999990192708,36.4,1045.8203125,22,1482.0390625
1779138594.0500872,9,1.7477000001235865,3.130937497189734,36.4,1045.8203125,22,1482.0390625
1779138594.0500877,10,1.7477000001235865,3.131012497760821,36.4,1045.8203125,22,1482.0390625
1779138594.0500882,11,1.7477000001235865,3.131074998236727,36.4,1045.8203125,22,1482.0390625
1779138594.0500886,12,1.7477000001235865,3.131137498712633,36.4,1045.8203125,22,1482.0390625
1779138594.0500891,13,1.7477000001235865,3.1311999991885386,36.4,1045.8203125,22,1482.0390625
1779138594.0500898,14,1.7477000001235865,3.1312499995692633,36.4,1045.8203125,22,1482.0390625
1779138594.0500903,15,1.7477000001235865,3.1313250001403503,36.4,1045.8203125,22,1482.0390625
1779138594.0950716,16,1.4592999978049193,2.7929249990847893,22.2,1046.12890625,22,1482.0390625
1779138594.095074,17,1.4592999978049193,2.793124996969709,22.2,1046.12890625,22,1482.0390625
1779138594.095075,18,1.4592999978049193,2.7932249977311585,22.2,1046.12890625,22,1482.0390625
1779138594.0950756,19,1.4592999978049193,2.7932874982070643,22.2,1046.12890625,22,1482.0390625
1779138594.095076,20,1.4592999978049193,2.7933624987781513,22.2,1046.12890625,22,1482.0390625
1779138594.0950766,21,1.4592999978049193,2.793424999254057,22.2,1046.12890625,22,1482.0390625
1779138594.095077,22,1.4592999978049193,2.793487499729963,22.2,1046.12890625,22,1482.0390625
1779138594.0950773,23,1.4592999978049193,2.793537496472709,22.2,1046.12890625,22,1482.0390625
1779138594.1291804,24,1.2695375007751863,2.630200000567129,11.1,1046.1484375,22,1482.0390625
1779138594.1291833,25,1.2695375007751863,2.630487499118317,11.1,1046.1484375,22,1482.0390625
1779138594.129184,26,1.2695375007751863,2.630574999784585,11.1,1046.1484375,22,1482.0390625
1779138594.1291845,27,1.2695375007751863,2.630637500260491,11.1,1046.1484375,22,1482.0390625
1779138594.1291852,28,1.2695375007751863,2.630712500831578,11.1,1046.1484375,22,1482.0390625
1779138594.1291854,29,1.2695375007751863,2.6307500011171214,11.1,1046.1484375,22,1482.0390625
1779138594.1291862,30,1.2695375007751863,2.6308125015930273,11.1,1046.1484375,22,1482.0390625
1779138594.1291866,31,1.2695375007751863,2.6308874985261355,11.1,1046.1484375,22,1482.0390625
1779138594.1636038,32,1.4707750015077181,2.798212502966635,10.0,1046.1484375,22,1482.0390625
1779138594.1636062,33,1.4707750015077181,2.798437501041917,10.0,1046.1484375,22,1482.0390625
1779138594.163607,34,1.4707750015077181,2.798512501613004,10.0,1046.1484375,22,1482.0390625
1779138594.1636076,35,1.4707750015077181,2.79857500208891,10.0,1046.1484375,22,1482.0390625
1779138594.163608,36,1.4707750015077181,2.798650002659997,10.0,1046.1484375,22,1482.0390625
1779138594.1636083,37,1.4707750015077181,2.7987000030407216,10.0,1046.1484375,22,1482.0390625
1779138594.1636088,38,1.4707750015077181,2.7987499997834675,10.0,1046.1484375,22,1482.0390625
1779138594.1636093,39,1.4707750015077181,2.7988250003545545,10.0,1046.1484375,22,1482.0390625
1779138594.2030306,40,1.7349749978166074,3.08802499785088,45.5,1046.15234375,22,1482.0390625
1779138594.203034,41,1.7349749978166074,3.0882999999448657,45.5,1046.15234375,22,1482.0390625
1779138594.2030346,42,1.7349749978166074,3.0883999970683362,45.5,1046.15234375,22,1482.0390625
1779138594.203035,43,1.7349749978166074,3.0884749976394232,45.5,1046.15234375,22,1482.0390625
1779138594.20304,44,1.7349749978166074,3.0890624984749593,45.5,1046.15234375,22,1482.0390625
1779138594.2030404,45,1.7349749978166074,3.089112498855684,45.5,1046.15234375,22,1482.0390625
1779138594.203041,46,1.7349749978166074,3.08917499933159,45.5,1046.15234375,22,1482.0390625
1779138594.2030413,47,1.7349749978166074,3.089249999902677,45.5,1046.15234375,22,1482.0390625
1779138594.2437792,48,1.445787500415463,2.806562501064036,0.0,1046.171875,22,1482.0390625
1779138594.2437816,49,1.445787500415463,2.806800002872478,0.0,1046.171875,22,1482.0390625
1779138594.2437823,50,1.445787500415463,2.8068999999959487,0.0,1046.171875,22,1482.0390625
1779138594.2437835,51,1.445787500415463,2.807000000757398,0.0,1046.171875,22,1482.0390625
1779138594.2437837,52,1.445787500415463,2.807062501233304,0.0,1046.171875,22,1482.0390625
1779138594.2437844,53,1.445787500415463,2.807150001899572,0.0,1046.171875,22,1482.0390625
1779138594.243785,54,1.445787500415463,2.807212502375478,0.0,1046.171875,22,1482.0390625
1779138594.2437854,55,1.445787500415463,2.8072750028513838,0.0,1046.171875,22,1482.0390625
1779138594.285793,56,1.7116875023930334,3.169287501805229,60.0,1046.63671875,13,1482.0390625
1779138594.285796,57,1.7116875023930334,3.16949999978533,60.0,1046.63671875,13,1482.0390625
1779138594.2857966,58,1.7116875023930334,3.1695875004515983,60.0,1046.63671875,13,1482.0390625
1779138594.285797,59,1.7116875023930334,3.1696625010226853,60.0,1046.63671875,13,1482.0390625
1779138594.2857978,60,1.7116875023930334,3.1697375015937723,60.0,1046.63671875,13,1482.0390625
1779138594.2857983,61,1.7116875023930334,3.169800002069678,60.0,1046.63671875,13,1482.0390625
1779138594.2857985,62,1.7116875023930334,3.169850002450403,60.0,1046.63671875,13,1482.0390625
1779138594.2857993,63,1.7116875023930334,3.1699000028311275,60.0,1046.63671875,13,1482.0390625
1779138594.3234253,64,1.4141749998088926,2.858237498003291,0.0,1046.64453125,13,1482.0390625
1779138594.3234298,65,1.4141749998088926,2.858687497791834,0.0,1046.64453125,13,1482.0390625
1779138594.3234303,66,1.4141749998088926,2.858762498362921,0.0,1046.64453125,13,1482.0390625
1779138594.3234313,67,1.4141749998088926,2.858837498934008,0.0,1046.64453125,13,1482.0390625
1779138594.3234317,68,1.4141749998088926,2.858912499505095,0.0,1046.64453125,13,1482.0390625
1779138594.3234322,69,1.4141749998088926,2.858974999981001,0.0,1046.64453125,13,1482.0390625
1779138594.3234327,70,1.4141749998088926,2.859037496818928,0.0,1046.64453125,13,1482.0390625
1779138594.3234332,71,1.4141749998088926,2.859099997294834,0.0,1046.64453125,13,1482.0390625
1779138594.3599555,72,1.2071375022060238,2.5459000025875866,44.4,1046.64453125,13,1482.0390625
1779138594.359958,73,1.2071375022060238,2.5461125005676877,44.4,1046.64453125,13,1482.0390625
1779138594.359959,74,1.2071375022060238,2.5461750010435935,44.4,1046.64453125,13,1482.0390625
1779138594.3599594,75,1.2071375022060238,2.5462500016146805,44.4,1046.64453125,13,1482.0390625
1779138594.3599598,76,1.2071375022060238,2.5463250021857675,44.4,1046.64453125,13,1482.0390625
1779138594.3599622,77,1.2071375022060238,2.5466250008321367,44.4,1046.64453125,13,1482.0390625
1779138594.3599627,78,1.2071375022060238,2.5466875013080426,44.4,1046.64453125,13,1482.0390625
1779138594.3599634,79,1.2071375022060238,2.5467625018791296,44.4,1046.64453125,13,1482.0390625
1779138594.396456,80,1.4198249991750345,2.836449999449542,40.0,1046.6484375,13,1482.0390625
1779138594.3964584,81,1.4198249991750345,2.836675001162803,40.0,1046.6484375,13,1482.0390625
1779138594.3964593,82,1.4198249991750345,2.83673749800073,40.0,1046.6484375,13,1482.0390625
1779138594.3964639,83,1.4198249991750345,2.837324998836266,40.0,1046.6484375,13,1482.0390625
1779138594.3964643,84,1.4198249991750345,2.8373874993121717,40.0,1046.6484375,13,1482.0390625
1779138594.3964648,85,1.4198249991750345,2.8374499997880775,40.0,1046.6484375,13,1482.0390625
1779138594.3964653,86,1.4198249991750345,2.8375125002639834,40.0,1046.6484375,13,1482.0390625
1779138594.396466,87,1.4198249991750345,2.8375875008350704,40.0,1046.6484375,13,1482.0390625
1779138594.4422214,88,1.6285499987134244,2.9959124985907692,20.0,1046.65625,13,1482.0390625
1779138594.442224,89,1.6285499987134244,2.9961500003992114,20.0,1046.65625,13,1482.0390625
1779138594.4422247,90,1.6285499987134244,2.9962250009702984,20.0,1046.65625,13,1482.0390625
1779138594.4422252,91,1.6285499987134244,2.996275001351023,20.0,1046.65625,13,1482.0390625
1779138594.4422257,92,1.6285499987134244,2.99633749818895,20.0,1046.65625,13,1482.0390625
1779138594.4422276,93,1.6285499987134244,2.996612500282936,20.0,1046.65625,13,1482.0390625
1779138594.4422286,94,1.6285499987134244,2.996687500854023,20.0,1046.65625,13,1482.0390625
1779138594.442229,95,1.6285499987134244,2.9967500013299286,20.0,1046.65625,13,1482.0390625
1779138594.4830172,96,1.3166374992579222,2.6904125006694812,0.0,1046.65625,13,1482.0390625
1779138594.4830203,97,1.3166374992579222,2.6906374987447634,0.0,1046.65625,13,1482.0390625
1779138594.4830208,98,1.3166374992579222,2.6907124993158504,0.0,1046.65625,13,1482.0390625
1779138594.4830215,99,1.3166374992579222,2.6907749997917563,0.0,1046.65625,13,1482.0390625
1779138594.483022,100,1.3166374992579222,2.6908750005532056,0.0,1046.65625,13,1482.0390625
1779138594.483023,101,1.3166374992579222,2.6909500011242926,0.0,1046.65625,13,1482.0390625
1779138594.4830234,102,1.3166374992579222,2.6910124979622196,0.0,1046.65625,13,1482.0390625
1779138594.483028,103,1.3166374992579222,2.6915999987977557,0.0,1046.65625,13,1482.0390625
1779138594.5178516,104,1.3366749990382232,2.743674998782808,15.0,1046.66015625,13,1482.0390625
1779138594.5178547,105,1.3366749990382232,2.743887496762909,15.0,1046.66015625,13,1482.0390625
1779138594.5178552,106,1.3366749990382232,2.743949997238815,15.0,1046.66015625,13,1482.0390625
1779138594.517856,107,1.3366749990382232,2.744049998000264,15.0,1046.66015625,13,1482.0390625
1779138594.5178566,108,1.3366749990382232,2.744124998571351,15.0,1046.66015625,13,1482.0390625
1779138594.5178597,109,1.3366749990382232,2.7444999977888074,15.0,1046.66015625,13,1482.0390625
1779138594.5178602,110,1.3366749990382232,2.7445749983598944,15.0,1046.66015625,13,1482.0390625
1779138594.5178607,111,1.3366749990382232,2.7446374988358,15.0,1046.66015625,13,1482.0390625
1779138594.5542595,112,1.4536000016960315,2.774749998934567,9.1,1046.66015625,13,1482.0390625
1779138594.554262,113,1.4536000016960315,2.7749500004574656,9.1,1046.66015625,13,1482.0390625
1779138594.5542629,114,1.4536000016960315,2.775037501123734,9.1,1046.66015625,13,1482.0390625
1779138594.5542634,115,1.4536000016960315,2.775112501694821,9.1,1046.66015625,13,1482.0390625
1779138594.5542638,116,1.4536000016960315,2.7751750021707267,9.1,1046.66015625,13,1482.0390625
1779138594.5542643,117,1.4536000016960315,2.7752374990086537,9.1,1046.66015625,13,1482.0390625
1779138594.5542648,118,1.4536000016960315,2.7752999994845595,9.1,1046.66015625,13,1482.0390625
1779138594.5542653,119,1.4536000016960315,2.7753624999604654,9.1,1046.66015625,13,1482.0390625
1779138594.5871744,120,1.2314999985392205,2.5574999999662396,8.3,1046.6640625,13,1482.0390625
1779138594.587177,121,1.2314999985392205,2.5577249980415218,8.3,1046.6640625,13,1482.0390625
1779138594.5871792,122,1.2314999985392205,2.5579875000403263,8.3,1046.6640625,13,1482.0390625
1779138594.5871797,123,1.2314999985392205,2.5580625006114133,8.3,1046.6640625,13,1482.0390625
1779138594.5871804,124,1.2314999985392205,2.5581375011825003,8.3,1046.6640625,13,1482.0390625
1779138594.587181,125,1.2314999985392205,2.5582249982107896,8.3,1046.6640625,13,1482.0390625
1779138594.5871816,126,1.2314999985392205,2.5582999987818766,8.3,1046.6640625,13,1482.0390625
1779138594.587182,127,1.2314999985392205,2.5583624992577825,8.3,1046.6640625,13,1482.0390625
1779138594.6231573,128,1.5709125000284985,2.9542625015892554,0.0,1046.671875,13,1482.0390625
1779138594.6231616,129,1.5709125000284985,2.9547000012826174,0.0,1046.671875,13,1482.0390625
1779138594.623162,130,1.5709125000284985,2.9547750018537045,0.0,1046.671875,13,1482.0390625
1779138594.623163,131,1.5709125000284985,2.954862498881994,0.0,1046.671875,13,1482.0390625
1779138594.6231635,132,1.5709125000284985,2.9549249993578997,0.0,1046.671875,13,1482.0390625
1779138594.623164,133,1.5709125000284985,2.9549749997386243,0.0,1046.671875,13,1482.0390625
1779138594.6231644,134,1.5709125000284985,2.95503750021453,0.0,1046.671875,13,1482.0390625
1779138594.623165,135,1.5709125000284985,2.955100000690436,0.0,1046.671875,13,1482.0390625
1779138594.6602273,136,1.5739875016151927,2.9293750012584496,30.0,1046.671875,13,1482.0390625
1779138594.6602302,137,1.5739875016151927,2.929612499428913,30.0,1046.671875,13,1482.0390625
1779138594.6602309,138,1.5739875016151927,2.9296875,30.0,1046.671875,13,1482.0390625
1779138594.6602314,139,1.5739875016151927,2.9297875007614493,30.0,1046.671875,13,1482.0390625
1779138594.6602323,140,1.5739875016151927,2.929837501142174,30.0,1046.671875,13,1482.0390625
1779138594.6602328,141,1.5739875016151927,2.92990000161808,30.0,1046.671875,13,1482.0390625
1779138594.6602373,142,1.5739875016151927,2.9304750023584347,30.0,1046.671875,13,1482.0390625
1779138594.6602378,143,1.5739875016151927,2.9305374991963618,30.0,1046.671875,13,1482.0390625
1779138594.7016535,144,1.4743125029781368,2.836962499713991,0.0,1046.67578125,13,1482.0390625
1779138594.7016566,145,1.4743125029781368,2.837187501427252,0.0,1046.67578125,13,1482.0390625
1779138594.7016573,146,1.4743125029781368,2.83727500209352,0.0,1046.67578125,13,1482.0390625
1779138594.7016578,147,1.4743125029781368,2.837337502569426,0.0,1046.67578125,13,1482.0390625
1779138594.7016587,148,1.4743125029781368,2.837412499502534,0.0,1046.67578125,13,1482.0390625
1779138594.7016606,149,1.4743125029781368,2.8376875015965197,0.0,1046.67578125,13,1482.0390625
1779138594.701661,150,1.4743125029781368,2.8377500020724256,0.0,1046.67578125,13,1482.0390625
1779138594.7016616,151,1.4743125029781368,2.8378250026435126,0.0,1046.67578125,13,1482.0390625
1779138594.7380495,152,1.5796500010765158,2.9281874994921964,15.8,1046.67578125,13,1482.0390625
1779138594.7380521,153,1.5796500010765158,2.9284125012054574,15.8,1046.67578125,13,1482.0390625
1779138594.7380528,154,1.5796500010765158,2.928475001681363,15.8,1046.67578125,13,1482.0390625
1779138594.7380533,155,1.5796500010765158,2.9285499986144714,15.8,1046.67578125,13,1482.0390625
1779138594.7380538,156,1.5796500010765158,2.9286124990903772,15.8,1046.67578125,13,1482.0390625
1779138594.7380545,157,1.5796500010765158,2.9286874996614642,15.8,1046.67578125,13,1482.0390625
1779138594.738055,158,1.5796500010765158,2.928737500042189,15.8,1046.67578125,13,1482.0390625
1779138594.7380555,159,1.5796500010765158,2.9288000005180947,15.8,1046.67578125,13,1482.0390625
1779138594.778057,160,1.54235000081826,2.8821125015383586,0.0,1046.6796875,13,1482.0390625
1779138594.7780612,161,1.54235000081826,2.8825250010413583,0.0,1046.6796875,13,1482.0390625
1779138594.7780619,162,1.54235000081826,2.8826000016124453,0.0,1046.6796875,13,1482.0390625
1779138594.7780623,163,1.54235000081826,2.882662502088351,0.0,1046.6796875,13,1482.0390625
1779138594.7780628,164,1.54235000081826,2.882712502469076,0.0,1046.6796875,13,1482.0390625
1779138594.778063,165,1.54235000081826,2.8827750029449817,0.0,1046.6796875,13,1482.0390625
1779138594.7780638,166,1.54235000081826,2.88284999987809,0.0,1046.6796875,13,1482.0390625
1779138594.7780645,167,1.54235000081826,2.8829125003539957,0.0,1046.6796875,13,1482.0390625
1779138594.814531,168,1.2680500003625639,2.6131874983548187,22.2,1046.6875,13,1482.0390625
1779138594.8145335,169,1.2680500003625639,2.613374999782536,22.2,1046.6875,13,1482.0390625
1779138594.8145342,170,1.2680500003625639,2.613437500258442,22.2,1046.6875,13,1482.0390625
1779138594.8145347,171,1.2680500003625639,2.61351249719155,22.2,1046.6875,13,1482.0390625
1779138594.8145351,172,1.2680500003625639,2.613574997667456,22.2,1046.6875,13,1482.0390625
1779138594.8145375,173,1.2680500003625639,2.613874999951804,22.2,1046.6875,13,1482.0390625
1779138594.814538,174,1.2680500003625639,2.6139250003325287,22.2,1046.6875,13,1482.0390625
1779138594.8145385,175,1.2680500003625639,2.613999997265637,22.2,1046.6875,13,1482.0390625
1779138594.8507938,176,1.554974998725811,2.898612499848241,15.4,1046.6875,13,1482.0390625
1779138594.8507962,177,1.554974998725811,2.898824997828342,15.4,1046.6875,13,1482.0390625
1779138594.850797,178,1.554974998725811,2.898887498304248,15.4,1046.6875,13,1482.0390625
1779138594.8507977,179,1.554974998725811,2.898962498875335,15.4,1046.6875,13,1482.0390625
1779138594.8507981,180,1.554974998725811,2.8990249993512407,15.4,1046.6875,13,1482.0390625
1779138594.8508024,181,1.554974998725811,2.8995749999012332,15.4,1046.6875,13,1482.0390625
1779138594.850803,182,1.554974998725811,2.899637500377139,15.4,1046.6875,13,1482.0390625
1779138594.8508034,183,1.554974998725811,2.899699997215066,15.4,1046.6875,13,1482.0390625
1779138594.8875613,184,1.4312124985735863,2.792399998725159,0.0,1046.69140625,13,1482.0390625
1779138594.8875635,185,1.4312124985735863,2.7925875001528766,0.0,1046.69140625,13,1482.0390625
1779138594.8875642,186,1.4312124985735863,2.7926625007239636,0.0,1046.69140625,13,1482.0390625
1779138594.887565,187,1.4312124985735863,2.7927124974667095,0.0,1046.69140625,13,1482.0390625
1779138594.8875654,188,1.4312124985735863,2.7927749979426153,0.0,1046.69140625,13,1482.0390625
1779138594.8875659,189,1.4312124985735863,2.7928499985137023,0.0,1046.69140625,13,1482.0390625
1779138594.887566,190,1.4312124985735863,2.792899998894427,0.0,1046.69140625,13,1482.0390625
1779138594.8875666,191,1.4312124985735863,2.7929499992751516,0.0,1046.69140625,13,1482.0390625
1779138594.9325302,192,1.8474499993317295,3.157524999551242,0.0,1046.69140625,13,1482.0390625
1779138594.9325328,193,1.8474499993317295,3.1577374975313433,0.0,1046.69140625,13,1482.0390625
1779138594.9325333,194,1.8474499993317295,3.157799998007249,0.0,1046.69140625,13,1482.0390625
1779138594.9325337,195,1.8474499993317295,3.157862498483155,0.0,1046.69140625,13,1482.0390625
1779138594.9325342,196,1.8474499993317295,3.157949999149423,0.0,1046.69140625,13,1482.0390625
1779138594.932535,197,1.8474499993317295,3.158012499625329,0.0,1046.69140625,13,1482.0390625
1779138594.9325356,198,1.8474499993317295,3.1580750001012348,0.0,1046.69140625,13,1482.0390625
1779138594.932536,199,1.8474499993317295,3.1581375005771406,0.0,1046.69140625,13,1482.0390625
1779138594.9662905,200,1.2572875020850915,2.611200001410907,0.0,1046.69921875,13,1482.0390625
1779138594.9662957,201,1.2572875020850915,2.611687501484994,0.0,1046.69921875,13,1482.0390625
1779138594.9662964,202,1.2572875020850915,2.611762502056081,0.0,1046.69921875,13,1482.0390625
1779138594.966297,203,1.2572875020850915,2.6118250025319867,0.0,1046.69921875,13,1482.0390625
1779138594.9662974,204,1.2572875020850915,2.6118874993699137,0.0,1046.69921875,13,1482.0390625
1779138594.9662979,205,1.2572875020850915,2.6119499998458195,0.0,1046.69921875,13,1482.0390625
1779138594.9662983,206,1.2572875020850915,2.6120125003217254,0.0,1046.69921875,13,1482.0390625
1779138594.9662988,207,1.2572875020850915,2.61206250070245,0.0,1046.69921875,13,1482.0390625
1779138595.005713,208,1.420012500602752,2.8070875014236663,27.3,1046.69921875,13,1482.0390625
1779138595.005716,209,1.420012500602752,2.8073249995941296,27.3,1046.69921875,13,1482.0390625
1779138595.0057166,210,1.420012500602752,2.8073875000700355,27.3,1046.69921875,13,1482.0390625
1779138595.005717,211,1.420012500602752,2.8074500005459413,27.3,1046.69921875,13,1482.0390625
1779138595.0057175,212,1.420012500602752,2.807512501021847,27.3,1046.69921875,13,1482.0390625
1779138595.005718,213,1.420012500602752,2.807575001497753,27.3,1046.69921875,13,1482.0390625
1779138595.0057185,214,1.420012500602752,2.8076250018784776,27.3,1046.69921875,13,1482.0390625
1779138595.0057187,215,1.420012500602752,2.8076875023543835,27.3,1046.69921875,13,1482.0390625
1779138595.0631564,216,1.6029375001380686,3.0172250008035917,25.0,1046.69921875,13,1482.0390625
1779138595.0631592,217,1.6029375001380686,3.0174374987836927,25.0,1046.69921875,13,1482.0390625
1779138595.0631597,218,1.6029375001380686,3.0175124993547797,25.0,1046.69921875,13,1482.0390625
1779138595.0631604,219,1.6029375001380686,3.0175749998306856,25.0,1046.69921875,13,1482.0390625
1779138595.063165,220,1.6029375001380686,3.018112500285497,25.0,1046.69921875,13,1482.0390625
1779138595.0631654,221,1.6029375001380686,3.018200000951765,25.0,1046.69921875,13,1482.0390625
1779138595.063166,222,1.6029375001380686,3.018262501427671,25.0,1046.69921875,13,1482.0390625
1779138595.0631664,223,1.6029375001380686,3.018324998265598,25.0,1046.69921875,13,1482.0390625
1779138595.0961936,224,1.2295000015001278,2.5722874997882172,20.0,1046.703125,13,1482.0390625
1779138595.0961962,225,1.2295000015001278,2.572500001406297,20.0,1046.703125,13,1482.0390625
1779138595.0961967,226,1.2295000015001278,2.572562501882203,20.0,1046.703125,13,1482.0390625
1779138595.0961971,227,1.2295000015001278,2.57263750245329,20.0,1046.703125,13,1482.0390625
1779138595.0961976,228,1.2295000015001278,2.572712499386398,20.0,1046.703125,13,1482.0390625
1779138595.0961983,229,1.2295000015001278,2.572762499767123,20.0,1046.703125,13,1482.0390625
1779138595.0961986,230,1.2295000015001278,2.5728250002430286,20.0,1046.703125,13,1482.0390625
1779138595.0961993,231,1.2295000015001278,2.5728750006237533,20.0,1046.703125,13,1482.0390625
1779138595.131286,232,1.3535999969462864,2.7193249989068136,9.5,1046.70703125,13,1482.0390625
1779138595.1312943,233,1.3535999969462864,2.720212498388719,9.5,1046.70703125,13,1482.0390625
1779138595.131295,234,1.3535999969462864,2.7202749988646246,9.5,1046.70703125,13,1482.0390625
1779138595.1312954,235,1.3535999969462864,2.7203374993405305,9.5,1046.70703125,13,1482.0390625
1779138595.1312957,236,1.3535999969462864,2.7203999998164363,9.5,1046.70703125,13,1482.0390625
1779138595.1312962,237,1.3535999969462864,2.720449996559182,9.5,1046.70703125,13,1482.0390625
1779138595.1312969,238,1.3535999969462864,2.720499996939907,9.5,1046.70703125,13,1482.0390625
1779138595.1313007,239,1.3535999969462864,2.7209999971091747,9.5,1046.70703125,13,1482.0390625
1779138595.1699507,240,1.7529374999867287,3.117650001513539,0.0,1046.71484375,13,1482.0390625
1779138595.1699533,241,1.7529374999867287,3.1178625031316187,0.0,1046.71484375,13,1482.0390625
1779138595.169954,242,1.7529374999867287,3.1179249999695458,0.0,1046.71484375,13,1482.0390625
1779138595.1699545,243,1.7529374999867287,3.1179875004454516,0.0,1046.71484375,13,1482.0390625
1779138595.1699553,244,1.7529374999867287,3.1180750011117198,0.0,1046.71484375,13,1482.0390625
1779138595.1699555,245,1.7529374999867287,3.1181250014924444,0.0,1046.71484375,13,1482.0390625
1779138595.1699562,246,1.7529374999867287,3.1181875019683503,0.0,1046.71484375,13,1482.0390625
1779138595.1699567,247,1.7529374999867287,3.118250002444256,0.0,1046.71484375,13,1482.0390625
1779138595.205739,248,1.4121374988462776,2.742525000940077,38.5,1046.71484375,13,1482.0390625
1779138595.2057416,249,1.4121374988462776,2.742724998824997,38.5,1046.71484375,13,1482.0390625
1779138595.2057421,250,1.4121374988462776,2.742799999396084,38.5,1046.71484375,13,1482.0390625
1779138595.2057428,251,1.4121374988462776,2.7428624998719897,38.5,1046.71484375,13,1482.0390625
1779138595.205743,252,1.4121374988462776,2.7429250003478955,38.5,1046.71484375,13,1482.0390625
1779138595.2057436,253,1.4121374988462776,2.74297500072862,38.5,1046.71484375,13,1482.0390625
1779138595.205744,254,1.4121374988462776,2.743037501204526,38.5,1046.71484375,13,1482.0390625
1779138595.2057447,255,1.4121374988462776,2.743087497947272,38.5,1046.71484375,13,1482.0390625
1779138595.2449343,256,1.7519125030958094,3.1034000021463726,0.0,1046.71484375,13,1482.0390625
1779138595.244937,257,1.7519125030958094,3.1036125001264736,0.0,1046.71484375,13,1482.0390625
1779138595.2449377,258,1.7519125030958094,3.1037000007927418,0.0,1046.71484375,13,1482.0390625
1779138595.244943,259,1.7519125030958094,3.1043500021041837,0.0,1046.71484375,13,1482.0390625
1779138595.2449436,260,1.7519125030958094,3.104437502770452,0.0,1046.71484375,13,1482.0390625
1779138595.244944,261,1.7519125030958094,3.104512503341539,0.0,1046.71484375,13,1482.0390625
1779138595.2449446,262,1.7519125030958094,3.1045625000842847,0.0,1046.71484375,13,1482.0390625
1779138595.244945,263,1.7519125030958094,3.1046250005601905,0.0,1046.71484375,13,1482.0390625
1779138595.283076,264,1.615612502064323,2.9528250015573576,40.0,1046.71875,14,1482.0390625
1779138595.2830782,265,1.615612502064323,2.952999999251915,40.0,1046.71875,14,1482.0390625
1779138595.283079,266,1.615612502064323,2.953074999823002,40.0,1046.71875,14,1482.0390625
1779138595.2830794,267,1.615612502064323,2.9531625004892703,40.0,1046.71875,14,1482.0390625
1779138595.28308,268,1.615612502064323,2.9532375010603573,40.0,1046.71875,14,1482.0390625
1779138595.2830825,269,1.615612502064323,2.9535374997067265,40.0,1046.71875,14,1482.0390625
1779138595.2830832,270,1.615612502064323,2.9536250003729947,40.0,1046.71875,14,1482.0390625
1779138595.2830837,271,1.615612502064323,2.9536875008489005,40.0,1046.71875,14,1482.0390625
1779138595.3177974,272,1.3596499993582256,2.683362501556985,28.6,1046.72265625,14,1482.0390625
1779138595.3178,273,1.3596499993582256,2.683562499441905,28.6,1046.72265625,14,1482.0390625
1779138595.3178005,274,1.3596499993582256,2.683624999917811,28.6,1046.72265625,14,1482.0390625
1779138595.317801,275,1.3596499993582256,2.683700000488898,28.6,1046.72265625,14,1482.0390625
1779138595.3178015,276,1.3596499993582256,2.6837625009648036,28.6,1046.72265625,14,1482.0390625
1779138595.317802,277,1.3596499993582256,2.6838250014407095,28.6,1046.72265625,14,1482.0390625
1779138595.3178053,278,1.3596499993582256,2.6842500010388903,28.6,1046.72265625,14,1482.0390625
1779138595.3178058,279,1.3596499993582256,2.684312501514796,28.6,1046.72265625,14,1482.0390625
1779138595.3549538,280,1.5568374983558897,2.8763624977727886,0.0,1046.7265625,14,1482.0390625
1779138595.3549564,281,1.5568374983558897,2.8765624992956873,0.0,1046.7265625,14,1482.0390625
1779138595.3549569,282,1.5568374983558897,2.876624999771593,0.0,1046.7265625,14,1482.0390625
1779138595.3549573,283,1.5568374983558897,2.87670000034268,0.0,1046.7265625,14,1482.0390625
1779138595.3549578,284,1.5568374983558897,2.876762497180607,0.0,1046.7265625,14,1482.0390625
1779138595.3549583,285,1.5568374983558897,2.876812497561332,0.0,1046.7265625,14,1482.0390625
1779138595.3549588,286,1.5568374983558897,2.8768749980372377,0.0,1046.7265625,14,1482.0390625
1779138595.3549592,287,1.5568374983558897,2.8769249984179623,0.0,1046.7265625,14,1482.0390625
1779138595.3951488,288,1.604699999006698,2.9575250009656884,35.7,1046.73046875,14,1482.0390625
1779138595.3951516,289,1.604699999006698,2.9577499990409706,35.7,1046.73046875,14,1482.0390625
1779138595.3951523,290,1.604699999006698,2.9578249996120576,35.7,1046.73046875,14,1482.0390625
1779138595.3951526,291,1.604699999006698,2.9578875000879634,35.7,1046.73046875,14,1482.0390625
1779138595.3951535,292,1.604699999006698,2.9579625006590504,35.7,1046.73046875,14,1482.0390625
1779138595.395154,293,1.604699999006698,2.9580250011349563,35.7,1046.73046875,14,1482.0390625
1779138595.3951545,294,1.604699999006698,2.958075001515681,35.7,1046.73046875,14,1482.0390625
1779138595.3951547,295,1.604699999006698,2.9581375019915868,35.7,1046.73046875,14,1482.0390625
1779138595.433537,296,1.6560749972995836,3.03878749764408,0.0,1046.73046875,14,1480.6015625
1779138595.4335399,297,1.6560749972995836,3.0389999992621597,0.0,1046.73046875,14,1480.6015625
1779138595.433545,298,1.6560749972995836,3.039674997125985,0.0,1046.73046875,14,1480.6015625
1779138595.4335458,299,1.6560749972995836,3.039737497601891,0.0,1046.73046875,14,1480.6015625
1779138595.4335463,300,1.6560749972995836,3.0397999980777968,0.0,1046.73046875,14,1480.6015625
1779138595.4335468,301,1.6560749972995836,3.0398624985537026,0.0,1046.73046875,14,1480.6015625
1779138595.4335473,302,1.6560749972995836,3.0399249990296084,0.0,1046.73046875,14,1480.6015625
1779138595.4335477,303,1.6560749972995836,3.0399874995055143,0.0,1046.73046875,14,1480.6015625
1779138595.4741328,304,1.437362498108996,2.8096374990127515,9.1,1046.73828125,14,1480.6015625
1779138595.4741359,305,1.437362498108996,2.809887500916375,9.1,1046.73828125,14,1480.6015625
1779138595.4741364,306,1.437362498108996,2.809975001582643,9.1,1046.73828125,14,1480.6015625
1779138595.474137,307,1.437362498108996,2.8100624986109324,9.1,1046.73828125,14,1480.6015625
1779138595.4741378,308,1.437362498108996,2.8101374991820194,9.1,1046.73828125,14,1480.6015625
1779138595.4741404,309,1.437362498108996,2.810462498018751,9.1,1046.73828125,14,1480.6015625
1779138595.4741411,310,1.437362498108996,2.810549998685019,9.1,1046.73828125,14,1480.6015625
1779138595.4741416,311,1.437362498108996,2.810624999256106,9.1,1046.73828125,14,1480.6015625
1779138595.5141475,312,1.5540124986728188,2.9110625000612345,0.0,1046.73828125,14,1480.6015625
1779138595.5141504,313,1.5540124986728188,2.9112875017744955,0.0,1046.73828125,14,1480.6015625
1779138595.5141509,314,1.5540124986728188,2.9113499986124225,0.0,1046.73828125,14,1480.6015625
1779138595.5141513,315,1.5540124986728188,2.9114124990883283,0.0,1046.73828125,14,1480.6015625
1779138595.5141523,316,1.5540124986728188,2.9115124998497777,0.0,1046.73828125,14,1480.6015625
1779138595.5141566,317,1.5540124986728188,2.912050000304589,0.0,1046.73828125,14,1480.6015625
1779138595.514157,318,1.5540124986728188,2.912125000875676,0.0,1046.73828125,14,1480.6015625
1779138595.5141578,319,1.5540124986728188,2.912200001446763,0.0,1046.73828125,14,1480.6015625
1779138595.557362,320,1.6107750016089994,2.9623375012306497,0.0,1046.7421875,14,1480.6015625
1779138595.5573645,321,1.6107750016089994,2.9625249990203883,0.0,1046.7421875,14,1480.6015625
1779138595.5573652,322,1.6107750016089994,2.9626249997818377,0.0,1046.7421875,14,1480.6015625
1779138595.5573661,323,1.6107750016089994,2.9626875002577435,0.0,1046.7421875,14,1480.6015625
1779138595.5573666,324,1.6107750016089994,2.9627750009240117,0.0,1046.7421875,14,1480.6015625
1779138595.557367,325,1.6107750016089994,2.9628250013047364,0.0,1046.7421875,14,1480.6015625
1779138595.5573676,326,1.6107750016089994,2.962887501780642,0.0,1046.7421875,14,1480.6015625
1779138595.557368,327,1.6107750016089994,2.9629499986185692,0.0,1046.7421875,14,1480.6015625
1779138595.5942113,328,1.2634250015253201,2.607250000437489,33.3,1046.7421875,14,1480.6015625
1779138595.5942142,329,1.2634250015253201,2.607474998512771,33.3,1046.7421875,14,1480.6015625
1779138595.594215,330,1.2634250015253201,2.607562499179039,33.3,1046.7421875,14,1480.6015625
1779138595.5942154,331,1.2634250015253201,2.607637499750126,33.3,1046.7421875,14,1480.6015625
1779138595.594216,332,1.2634250015253201,2.607712500321213,33.3,1046.7421875,14,1480.6015625
1779138595.5942166,333,1.2634250015253201,2.6077875008923,33.3,1046.7421875,14,1480.6015625
1779138595.5942173,334,1.2634250015253201,2.6078749979205895,33.3,1046.7421875,14,1480.6015625
1779138595.594218,335,1.2634250015253201,2.607924998301314,33.3,1046.7421875,14,1480.6015625
1779138595.6335244,336,1.5200874986476265,2.940799997304566,20.0,1046.8046875,14,1480.6015625
1779138595.6335268,337,1.5200874986476265,2.941012498922646,20.0,1046.8046875,14,1480.6015625
1779138595.6335273,338,1.5200874986476265,2.941074999398552,20.0,1046.8046875,14,1480.6015625
1779138595.6335278,339,1.5200874986476265,2.9411249997792765,20.0,1046.8046875,14,1480.6015625
1779138595.6335282,340,1.5200874986476265,2.9411875002551824,20.0,1046.8046875,14,1480.6015625
1779138595.6335285,341,1.5200874986476265,2.9412374969979282,20.0,1046.8046875,14,1480.6015625
1779138595.6335292,342,1.5200874986476265,2.941299997473834,20.0,1046.8046875,14,1480.6015625
1779138595.6335297,343,1.5200874986476265,2.94136249794974,20.0,1046.8046875,14,1480.6015625
1779138595.6728244,344,1.6495999989274424,2.976949999720091,40.0,1046.8046875,14,1480.6015625
1779138595.6728268,345,1.6495999989274424,2.977162501338171,40.0,1046.8046875,14,1480.6015625
1779138595.6728277,346,1.6495999989274424,2.977237501909258,40.0,1046.8046875,14,1480.6015625
1779138595.6728282,347,1.6495999989274424,2.977312498842366,40.0,1046.8046875,14,1480.6015625
1779138595.672829,348,1.6495999989274424,2.977387499413453,40.0,1046.8046875,14,1480.6015625
1779138595.6728294,349,1.6495999989274424,2.977475000079721,40.0,1046.8046875,14,1480.6015625
1779138595.6728299,350,1.6495999989274424,2.977537500555627,40.0,1046.8046875,14,1480.6015625
1779138595.6728306,351,1.6495999989274424,2.9775875009363517,40.0,1046.8046875,14,1480.6015625
1779138595.7120495,352,1.8024624987447169,3.1388874995172955,6.7,1046.8046875,14,1480.6015625
1779138595.7120535,353,1.8024624987447169,3.1393124991154764,6.7,1046.8046875,14,1480.6015625
1779138595.7120543,354,1.8024624987447169,3.1393874996865634,6.7,1046.8046875,14,1480.6015625
1779138595.7120545,355,1.8024624987447169,3.1394624966196716,6.7,1046.8046875,14,1480.6015625
1779138595.7120552,356,1.8024624987447169,3.1395499972859398,6.7,1046.8046875,14,1480.6015625
1779138595.712056,357,1.8024624987447169,3.1396124977618456,6.7,1046.8046875,14,1480.6015625
1779138595.7120564,358,1.8024624987447169,3.1396749982377514,6.7,1046.8046875,14,1480.6015625
1779138595.7120569,359,1.8024624987447169,3.139724998618476,6.7,1046.8046875,14,1480.6015625
1779138595.7498524,360,1.3674625006387942,2.7164749990333803,50.0,1046.8046875,14,1480.6015625
1779138595.749855,361,1.3674625006387942,2.716675000556279,50.0,1046.8046875,14,1480.6015625
1779138595.7498558,362,1.3674625006387942,2.716750001127366,50.0,1046.8046875,14,1480.6015625
1779138595.7498562,363,1.3674625006387942,2.716812497965293,50.0,1046.8046875,14,1480.6015625
1779138595.7498567,364,1.3674625006387942,2.716874998441199,50.0,1046.8046875,14,1480.6015625
1779138595.7498572,365,1.3674625006387942,2.716949999012286,50.0,1046.8046875,14,1480.6015625
1779138595.749858,366,1.3674625006387942,2.7169999993930105,50.0,1046.8046875,14,1480.6015625
1779138595.7498584,367,1.3674625006387942,2.717049999773735,50.0,1046.8046875,14,1480.6015625
1779138595.7852452,368,1.324324999586679,2.6583250000840053,40.0,1046.8046875,15,1480.6015625
1779138595.785248,369,1.324324999586679,2.6585500017972663,40.0,1046.8046875,15,1480.6015625
1779138595.7852488,370,1.324324999586679,2.6586250023683533,40.0,1046.8046875,15,1480.6015625
1779138595.7852492,371,1.324324999586679,2.6586999993014615,40.0,1046.8046875,15,1480.6015625
1779138595.7852497,372,1.324324999586679,2.6587624997773673,40.0,1046.8046875,15,1480.6015625
1779138595.7852502,373,1.324324999586679,2.658825000253273,40.0,1046.8046875,15,1480.6015625
1779138595.785251,374,1.324324999586679,2.658887500729179,40.0,1046.8046875,15,1480.6015625
1779138595.7852514,375,1.324324999586679,2.658950001205085,40.0,1046.8046875,15,1480.6015625
1779138595.8227012,376,1.537475000077393,2.8468750024330802,0.0,1046.8046875,15,1480.6015625
1779138595.822704,377,1.537475000077393,2.8471000005083624,0.0,1046.8046875,15,1480.6015625
1779138595.8227046,378,1.537475000077393,2.8471625009842683,0.0,1046.8046875,15,1480.6015625
1779138595.8227053,379,1.537475000077393,2.847225001460174,0.0,1046.8046875,15,1480.6015625
1779138595.8227057,380,1.537475000077393,2.84728750193608,0.0,1046.8046875,15,1480.6015625
1779138595.8227065,381,1.537475000077393,2.8473999991547316,0.0,1046.8046875,15,1480.6015625
1779138595.822707,382,1.537475000077393,2.8474624996306375,0.0,1046.8046875,15,1480.6015625
1779138595.8227074,383,1.537475000077393,2.847512500011362,0.0,1046.8046875,15,1480.6015625
1779138595.8659878,384,1.7717374976200517,3.123312497336883,13.0,1046.8046875,15,1480.6015625
1779138595.8659906,385,1.7717374976200517,3.123524998954963,13.0,1046.8046875,15,1480.6015625
1779138595.865991,386,1.7717374976200517,3.12359999952605,13.0,1046.8046875,15,1480.6015625
1779138595.8659916,387,1.7717374976200517,3.123675000097137,13.0,1046.8046875,15,1480.6015625
1779138595.8659925,388,1.7717374976200517,3.123737496935064,13.0,1046.8046875,15,1480.6015625
1779138595.8659928,389,1.7717374976200517,3.12379999741097,13.0,1046.8046875,15,1480.6015625
1779138595.8659933,390,1.7717374976200517,3.1238624978868756,13.0,1046.8046875,15,1480.6015625
1779138595.8659937,391,1.7717374976200517,3.1239249983627815,13.0,1046.8046875,15,1480.6015625
1779138595.9033806,392,1.4160499995341524,2.818612498231232,0.0,1046.8046875,15,1480.6015625
1779138595.9033837,393,1.4160499995341524,2.8188500000396743,0.0,1046.8046875,15,1480.6015625
1779138595.9033847,394,1.4160499995341524,2.8189249969727825,0.0,1046.8046875,15,1480.6015625
1779138595.9033856,395,1.4160499995341524,2.8190749981149565,0.0,1046.8046875,15,1480.6015625
1779138595.9033866,396,1.4160499995341524,2.8191624987812247,0.0,1046.8046875,15,1480.6015625
1779138595.9033868,397,1.4160499995341524,2.819249999447493,0.0,1046.8046875,15,1480.6015625
1779138595.9033875,398,1.4160499995341524,2.8193124999233987,0.0,1046.8046875,15,1480.6015625
1779138595.9033883,399,1.4160499995341524,2.8193750003993046,0.0,1046.8046875,15,1480.6015625
1779138595.9519014,400,1.5504375005548354,2.971662503114203,21.1,1046.8046875,15,1480.6015625
1779138595.951906,401,1.5504375005548354,2.972112502902746,21.1,1046.8046875,15,1480.6015625
1779138595.951907,402,1.5504375005548354,2.972187503473833,21.1,1046.8046875,15,1480.6015625
1779138595.9519074,403,1.5504375005548354,2.9722625004069414,21.1,1046.8046875,15,1480.6015625
1779138595.9519079,404,1.5504375005548354,2.9723250008828472,21.1,1046.8046875,15,1480.6015625
1779138595.951908,405,1.5504375005548354,2.972375001263572,21.1,1046.8046875,15,1480.6015625
1779138595.9519086,406,1.5504375005548354,2.9724250016442966,21.1,1046.8046875,15,1480.6015625
1779138595.951909,407,1.5504375005548354,2.9725000022153836,21.1,1046.8046875,15,1480.6015625
1779138595.9967113,408,1.286437502130866,2.6464500006113667,0.0,1046.8046875,15,1480.6015625
1779138595.9967144,409,1.286437502130866,2.64668749878183,0.0,1046.8046875,15,1480.6015625
1779138595.9967148,410,1.286437502130866,2.646762499352917,0.0,1046.8046875,15,1480.6015625
1779138595.9967153,411,1.286437502130866,2.646824999828823,0.0,1046.8046875,15,1480.6015625
1779138595.996716,412,1.286437502130866,2.646912500495091,0.0,1046.8046875,15,1480.6015625
1779138595.9967165,413,1.286437502130866,2.646975000970997,0.0,1046.8046875,15,1480.6015625
1779138595.996717,414,1.286437502130866,2.647050001542084,0.0,1046.8046875,15,1480.6015625
1779138595.9967182,415,1.286437502130866,2.647174998855917,0.0,1046.8046875,15,1480.6015625
1779138596.0365012,416,1.7529875003674533,3.1615625011909287,15.4,1046.8046875,15,1480.6015625
1779138596.0365043,417,1.7529875003674533,3.161787499266211,15.4,1046.8046875,15,1480.6015625
1779138596.036505,418,1.7529875003674533,3.1618875000276603,15.4,1046.8046875,15,1480.6015625
1779138596.0365057,419,1.7529875003674533,3.1619750006939285,15.4,1046.8046875,15,1480.6015625
1779138596.0365064,420,1.7529875003674533,3.1620375011698343,15.4,1046.8046875,15,1480.6015625
1779138596.0365067,421,1.7529875003674533,3.1620999980077613,15.4,1046.8046875,15,1480.6015625
1779138596.0365074,422,1.7529875003674533,3.162162498483667,15.4,1046.8046875,15,1480.6015625
1779138596.0365078,423,1.7529875003674533,3.162237499054754,15.4,1046.8046875,15,1480.6015625
1779138596.0934062,424,1.402949998009717,2.7539374968910124,20.0,1046.8046875,15,1480.6015625
1779138596.0934098,425,1.402949998009717,2.7542374991753604,20.0,1046.8046875,15,1480.6015625
1779138596.0934107,426,1.402949998009717,2.7543249998416286,20.0,1046.8046875,15,1480.6015625
1779138596.0934114,427,1.402949998009717,2.754399996774737,20.0,1046.8046875,15,1480.6015625
1779138596.093412,428,1.402949998009717,2.754487497441005,20.0,1046.8046875,15,1480.6015625
1779138596.0934126,429,1.402949998009717,2.754574998107273,20.0,1046.8046875,15,1480.6015625
1779138596.0934134,430,1.402949998009717,2.7546624987735413,20.0,1046.8046875,15,1480.6015625
1779138596.0934138,431,1.402949998009717,2.7547374993446283,20.0,1046.8046875,15,1480.6015625
1779138596.12784,432,1.2657500010391232,2.618062499095686,30.0,1045.26171875,15,1480.6015625
1779138596.127843,433,1.2657500010391232,2.6182750007137656,30.0,1045.26171875,15,1480.6015625
1779138596.1278436,434,1.2657500010391232,2.618387501570396,30.0,1045.26171875,15,1480.6015625
1779138596.127844,435,1.2657500010391232,2.618450002046302,30.0,1045.26171875,15,1480.6015625
1779138596.1278446,436,1.2657500010391232,2.618512502522208,30.0,1045.26171875,15,1480.6015625
1779138596.127845,437,1.2657500010391232,2.618574999360135,30.0,1045.26171875,15,1480.6015625
1779138596.1278453,438,1.2657500010391232,2.6186249997408595,30.0,1045.26171875,15,1480.6015625
1779138596.127846,439,1.2657500010391232,2.618675000121584,30.0,1045.26171875,15,1480.6015625
1779138596.1638312,440,1.580962500156602,2.937599998404039,100.0,1044.6171875,15,1480.6015625
1779138596.1638339,441,1.580962500156602,2.9377874998317566,100.0,1044.6171875,15,1480.6015625
1779138596.1638343,442,1.580962500156602,2.9378624967648648,100.0,1044.6171875,15,1480.6015625
1779138596.1638348,443,1.580962500156602,2.9379374973359518,100.0,1044.6171875,15,1480.6015625
1779138596.1638353,444,1.580962500156602,2.9379874977166764,100.0,1044.6171875,15,1480.6015625
1779138596.163836,445,1.580962500156602,2.9380499981925823,100.0,1044.6171875,15,1480.6015625
1779138596.1638365,446,1.580962500156602,2.938099998573307,100.0,1044.6171875,15,1480.6015625
1779138596.163837,447,1.580962500156602,2.938174999144394,100.0,1044.6171875,15,1480.6015625
1779138596.208128,448,1.3474000006681308,2.710362503421493,23.1,1046.58203125,15,1480.6015625
1779138596.2081316,449,1.3474000006681308,2.710650001972681,23.1,1046.58203125,15,1480.6015625
1779138596.208132,450,1.3474000006681308,2.710725002543768,23.1,1046.58203125,15,1480.6015625
1779138596.2081325,451,1.3474000006681308,2.710800003114855,23.1,1046.58203125,15,1480.6015625
1779138596.2081332,452,1.3474000006681308,2.710862499952782,23.1,1046.58203125,15,1480.6015625
1779138596.208134,453,1.3474000006681308,2.710925000428688,23.1,1046.58203125,15,1480.6015625
1779138596.2081347,454,1.3474000006681308,2.7110375012853183,23.1,1046.58203125,15,1480.6015625
1779138596.2081351,455,1.3474000006681308,2.711100001761224,23.1,1046.58203125,15,1480.6015625
1779138596.2469163,456,1.3763500028289855,2.7710750000551343,0.0,1046.58203125,15,1480.6015625
1779138596.2469206,457,1.3763500028289855,2.7715249998436775,0.0,1046.58203125,15,1480.6015625
1779138596.2469215,458,1.3763500028289855,2.7716125005099457,0.0,1046.58203125,15,1480.6015625
1779138596.246922,459,1.3763500028289855,2.7716625008906703,0.0,1046.58203125,15,1480.6015625
1779138596.2469225,460,1.3763500028289855,2.7717375014617573,0.0,1046.58203125,15,1480.6015625
1779138596.246923,461,1.3763500028289855,2.771787501842482,0.0,1046.58203125,15,1480.6015625
1779138596.2469234,462,1.3763500028289855,2.7718375022232067,0.0,1046.58203125,15,1480.6015625
1779138596.2469237,463,1.3763500028289855,2.7719000026991125,0.0,1046.58203125,15,1480.6015625
1779138596.2837057,464,1.6050999984145164,2.9872249979234766,25.0,1046.58203125,12,1480.6015625
1779138596.2837079,465,1.6050999984145164,2.9874249994463753,25.0,1046.58203125,12,1480.6015625
1779138596.2837086,466,1.6050999984145164,2.9875000000174623,25.0,1046.58203125,12,1480.6015625
1779138596.2837093,467,1.6050999984145164,2.9875749969505705,25.0,1046.58203125,12,1480.6015625
1779138596.2837098,468,1.6050999984145164,2.987624997331295,25.0,1046.58203125,12,1480.6015625
1779138596.2837102,469,1.6050999984145164,2.987687497807201,25.0,1046.58203125,12,1480.6015625
1779138596.2837107,470,1.6050999984145164,2.987749998283107,25.0,1046.58203125,12,1480.6015625
1779138596.283711,471,1.6050999984145164,2.9878124987590127,25.0,1046.58203125,12,1480.6015625
1779138596.3222249,472,1.5682625016779639,2.9401874999166466,12.5,1046.5859375,12,1480.6015625
1779138596.3222277,473,1.5682625016779639,2.94043750182027,12.5,1046.5859375,12,1480.6015625
1779138596.3222284,474,1.5682625016779639,2.940500002296176,12.5,1046.5859375,12,1480.6015625
1779138596.322229,475,1.5682625016779639,2.940574999229284,12.5,1046.5859375,12,1480.6015625
1779138596.3222294,476,1.5682625016779639,2.94063749970519,12.5,1046.5859375,12,1480.6015625
1779138596.3222303,477,1.5682625016779639,2.940737500466639,12.5,1046.5859375,12,1480.6015625
1779138596.3222308,478,1.5682625016779639,2.940787500847364,12.5,1046.5859375,12,1480.6015625
1779138596.322231,479,1.5682625016779639,2.9408500013232697,12.5,1046.5859375,12,1480.6015625
1779138596.3616097,480,1.3653749992954545,2.7193749992875382,18.8,1046.58984375,12,1480.6015625
1779138596.3616126,481,1.3653749992954545,2.7195874972676393,18.8,1046.58984375,12,1480.6015625
1779138596.3616133,482,1.3653749992954545,2.7196624978387263,18.8,1046.58984375,12,1480.6015625
1779138596.3616138,483,1.3653749992954545,2.7197374984098133,18.8,1046.58984375,12,1480.6015625
1779138596.3616142,484,1.3653749992954545,2.719799998885719,18.8,1046.58984375,12,1480.6015625
1779138596.361615,485,1.3653749992954545,2.719874999456806,18.8,1046.58984375,12,1480.6015625
1779138596.3616157,486,1.3653749992954545,2.7199625001230743,18.8,1046.58984375,12,1480.6015625
1779138596.361616,487,1.3653749992954545,2.7200249969610013,18.8,1046.58984375,12,1480.6015625
1779138596.399262,488,1.4544750010827556,2.856650000467198,33.3,1046.58984375,12,1480.6015625
1779138596.3992646,489,1.4544750010827556,2.856849998352118,33.3,1046.58984375,12,1480.6015625
1779138596.3992653,490,1.4544750010827556,2.856924998923205,33.3,1046.58984375,12,1480.6015625
1779138596.3992658,491,1.4544750010827556,2.8569874993991107,33.3,1046.58984375,12,1480.6015625
1779138596.3992662,492,1.4544750010827556,2.8570624999701977,33.3,1046.58984375,12,1480.6015625
1779138596.39927,493,1.4544750010827556,2.857537499949103,33.3,1046.58984375,12,1480.6015625
1779138596.3992708,494,1.4544750010827556,2.857600000425009,33.3,1046.58984375,12,1480.6015625
1779138596.3992712,495,1.4544750010827556,2.857662500900915,33.3,1046.58984375,12,1480.6015625
1779138596.4403691,496,1.8995874997926876,3.291700002591824,21.4,1046.59375,12,1480.6015625
1779138596.4403734,497,1.8995874997926876,3.292050001618918,21.4,1046.59375,12,1480.6015625
1779138596.4403746,498,1.8995874997926876,3.2921625024755485,21.4,1046.59375,12,1480.6015625
1779138596.4403753,499,1.8995874997926876,3.2922874997893814,21.4,1046.59375,12,1480.6015625
1779138596.4403763,500,1.8995874997926876,3.2923875005508307,21.4,1046.59375,12,1480.6015625
1779138596.440377,501,1.8995874997926876,3.2925000014074612,21.4,1046.59375,12,1480.6015625
1779138596.4403782,502,1.8995874997926876,3.292637502454454,21.4,1046.59375,12,1480.6015625
1779138596.4403791,503,1.8995874997926876,3.2927499996731058,21.4,1046.59375,12,1480.6015625
1779138596.4799767,504,1.5394000001833774,2.9019875000813045,0.0,1046.6796875,12,1480.6015625
1779138596.4799798,505,1.5394000001833774,2.9022125017945655,0.0,1046.6796875,12,1480.6015625
1779138596.4799802,506,1.5394000001833774,2.9022750022704713,0.0,1046.6796875,12,1480.6015625
1779138596.4799807,507,1.5394000001833774,2.902324999013217,0.0,1046.6796875,12,1480.6015625
1779138596.4799814,508,1.5394000001833774,2.902387499489123,0.0,1046.6796875,12,1480.6015625
1779138596.479982,509,1.5394000001833774,2.90246250006021,0.0,1046.6796875,12,1480.6015625
1779138596.4799824,510,1.5394000001833774,2.9025125004409347,0.0,1046.6796875,12,1480.6015625
1779138596.4799826,511,1.5394000001833774,2.9025750009168405,0.0,1046.6796875,12,1480.6015625
1779138596.518222,512,1.5655499992135447,2.930200000264449,16.7,1046.8203125,12,1480.6015625
1779138596.5182252,513,1.5655499992135447,2.9304499985300936,16.7,1046.8203125,12,1480.6015625
1779138596.518226,514,1.5655499992135447,2.9305249991011806,16.7,1046.8203125,12,1480.6015625
1779138596.5182264,515,1.5655499992135447,2.9305999996722676,16.7,1046.8203125,12,1480.6015625
1779138596.5182269,516,1.5655499992135447,2.9306750002433546,16.7,1046.8203125,12,1480.6015625
1779138596.5182273,517,1.5655499992135447,2.9307375007192604,16.7,1046.8203125,12,1480.6015625
1779138596.5182283,518,1.5655499992135447,2.9308000011951663,16.7,1046.8203125,12,1480.6015625
1779138596.5182288,519,1.5655499992135447,2.9309000019566156,16.7,1046.8203125,12,1480.6015625
1779138596.56518,520,1.749474999087397,3.0813749981462024,25.0,1046.82421875,12,1480.6015625
1779138596.5651848,521,1.749474999087397,3.0818749983154703,25.0,1046.82421875,12,1480.6015625
1779138596.5651855,522,1.749474999087397,3.0819499988865573,25.0,1046.82421875,12,1480.6015625
1779138596.565186,523,1.749474999087397,3.0820249994576443,25.0,1046.82421875,12,1480.6015625
1779138596.5651865,524,1.749474999087397,3.08208749993355,25.0,1046.82421875,12,1480.6015625
1779138596.565187,525,1.749474999087397,3.082150000409456,25.0,1046.82421875,12,1480.6015625
1779138596.5651877,526,1.749474999087397,3.082225000980543,25.0,1046.82421875,12,1480.6015625
1779138596.5651882,527,1.749474999087397,3.082274997723289,25.0,1046.82421875,12,1480.6015625
1779138596.6015203,528,1.2473124988900963,2.6124625001102686,8.3,1046.828125,12,1480.6015625
1779138596.601523,529,1.2473124988900963,2.6126499979000073,8.3,1046.828125,12,1480.6015625
1779138596.6015234,530,1.2473124988900963,2.6127249984710943,8.3,1046.828125,12,1480.6015625
1779138596.6015239,531,1.2473124988900963,2.612787498947,8.3,1046.828125,12,1480.6015625
1779138596.6015284,532,1.2473124988900963,2.6133249994018115,8.3,1046.828125,12,1480.6015625
1779138596.601529,533,1.2473124988900963,2.6134125000680797,8.3,1046.828125,12,1480.6015625
1779138596.6015296,534,1.2473124988900963,2.6134624968108255,8.3,1046.828125,12,1480.6015625
1779138596.6015298,535,1.2473124988900963,2.6135249972867314,8.3,1046.828125,12,1480.6015625
1779138596.6377614,536,1.4874750013404991,2.8764375019818544,0.0,1046.84765625,12,1480.6015625
1779138596.637764,537,1.4874750013404991,2.8766625000571366,0.0,1046.84765625,12,1480.6015625
1779138596.637765,538,1.4874750013404991,2.8767250005330425,0.0,1046.84765625,12,1480.6015625
1779138596.6377654,539,1.4874750013404991,2.8768000011041295,0.0,1046.84765625,12,1480.6015625
1779138596.637766,540,1.4874750013404991,2.8768625015800353,0.0,1046.84765625,12,1480.6015625
1779138596.6377664,541,1.4874750013404991,2.876925002055941,0.0,1046.84765625,12,1480.6015625
1779138596.6377666,542,1.4874750013404991,2.876975002436666,0.0,1046.84765625,12,1480.6015625
1779138596.637767,543,1.4874750013404991,2.877037499274593,0.0,1046.84765625,12,1480.6015625
1779138596.6754153,544,1.4223500002117362,2.7712874980352353,11.1,1046.84765625,12,1480.6015625
1779138596.6754181,545,1.4223500002117362,2.7715124997484963,11.1,1046.84765625,12,1480.6015625
1779138596.6754186,546,1.4223500002117362,2.771575000224402,11.1,1046.84765625,12,1480.6015625
1779138596.675419,547,1.4223500002117362,2.7716624972526915,11.1,1046.84765625,12,1480.6015625
1779138596.6754198,548,1.4223500002117362,2.771712497633416,11.1,1046.84765625,12,1480.6015625
1779138596.67542,549,1.4223500002117362,2.771774998109322,11.1,1046.84765625,12,1480.6015625
1779138596.6754208,550,1.4223500002117362,2.771837498585228,11.1,1046.84765625,12,1480.6015625
1779138596.6754253,551,1.4223500002117362,2.7723999992304016,11.1,1046.84765625,12,1480.6015625
1779138596.7175848,552,1.4250374988478143,2.7684499982569832,40.0,1046.8515625,12,1480.6015625
1779138596.7175877,553,1.4250374988478143,2.7686749999702442,40.0,1046.8515625,12,1480.6015625
1779138596.7175884,554,1.4250374988478143,2.7687500005413312,40.0,1046.8515625,12,1480.6015625
1779138596.717589,555,1.4250374988478143,2.768812501017237,40.0,1046.8515625,12,1480.6015625
1779138596.7175896,556,1.4250374988478143,2.7688874979503453,40.0,1046.8515625,12,1480.6015625
1779138596.71759,557,1.4250374988478143,2.7689624985214323,40.0,1046.8515625,12,1480.6015625
1779138596.7175906,558,1.4250374988478143,2.769012498902157,40.0,1046.8515625,12,1480.6015625
1779138596.7175908,559,1.4250374988478143,2.7690624992828816,40.0,1046.8515625,12,1480.6015625
1779138596.753206,560,1.3292125004227273,2.6999625006283168,42.9,1046.8671875,12,1480.6015625
1779138596.7532089,561,1.3292125004227273,2.70019999879878,42.9,1046.8671875,12,1480.6015625
1779138596.7532096,562,1.3292125004227273,2.700274999369867,42.9,1046.8671875,12,1480.6015625
1779138596.75321,563,1.3292125004227273,2.700349999940954,42.9,1046.8671875,12,1480.6015625
1779138596.7532105,564,1.3292125004227273,2.70041250041686,42.9,1046.8671875,12,1480.6015625
1779138596.753211,565,1.3292125004227273,2.7004625007975847,42.9,1046.8671875,12,1480.6015625
1779138596.7532117,566,1.3292125004227273,2.7005250012734905,42.9,1046.8671875,12,1480.6015625
1779138596.7532122,567,1.3292125004227273,2.7005874981114175,42.9,1046.8671875,12,1480.6015625
1779138596.7925098,568,1.515474999905564,2.859924999938812,0.0,1046.875,18,1480.6015625
1779138596.7925122,569,1.515474999905564,2.860124997823732,0.0,1046.875,18,1480.6015625
1779138596.7925131,570,1.515474999905564,2.860199998394819,0.0,1046.875,18,1480.6015625
1779138596.7925174,571,1.515474999905564,2.8607624990399927,0.0,1046.875,18,1480.6015625
1779138596.792518,572,1.515474999905564,2.860849999706261,0.0,1046.875,18,1480.6015625
1779138596.7925184,573,1.515474999905564,2.8609000000869855,0.0,1046.875,18,1480.6015625
1779138596.7925189,574,1.515474999905564,2.8609624969249126,0.0,1046.875,18,1480.6015625
1779138596.7925193,575,1.515474999905564,2.8610249974008184,0.0,1046.875,18,1480.6015625
1779138596.8297875,576,1.3706249992537778,2.7059749991167337,16.7,1046.8828125,18,1479.1640625
1779138596.8297915,577,1.3706249992537778,2.706300001591444,16.7,1046.8828125,18,1479.1640625
1779138596.829792,578,1.3706249992537778,2.706375002162531,16.7,1046.8828125,18,1479.1640625
1779138596.8297925,579,1.3706249992537778,2.706437499000458,16.7,1046.8828125,18,1479.1640625
1779138596.8297932,580,1.3706249992537778,2.706512499571545,16.7,1046.8828125,18,1479.1640625
1779138596.8297937,581,1.3706249992537778,2.706575000047451,16.7,1046.8828125,18,1479.1640625
1779138596.8297946,582,1.3706249992537778,2.7066750008089002,16.7,1046.8828125,18,1479.1640625
1779138596.8297951,583,1.3706249992537778,2.706737501284806,16.7,1046.8828125,18,1479.1640625
1779138596.8671021,584,1.511712500359863,2.8678000016952865,13.3,1046.8828125,18,1479.1640625
1779138596.8671045,585,1.511712500359863,2.8680124996753875,13.3,1046.8828125,18,1479.1640625
1779138596.8671052,586,1.511712500359863,2.8681000003416557,13.3,1046.8828125,18,1479.1640625
1779138596.8671057,587,1.511712500359863,2.8681625008175615,13.3,1046.8828125,18,1479.1640625
1779138596.8671062,588,1.511712500359863,2.868212501198286,13.3,1046.8828125,18,1479.1640625
1779138596.867107,589,1.511712500359863,2.868275001674192,13.3,1046.8828125,18,1479.1640625
1779138596.867111,590,1.511712500359863,2.868787501938641,13.3,1046.8828125,18,1479.1640625
1779138596.8671114,591,1.511712500359863,2.868850002414547,13.3,1046.8828125,18,1479.1640625
1779138596.9039154,592,1.4215125011105556,2.7834124994114973,0.0,1046.890625,18,1479.1640625
1779138596.9039261,593,1.4215125011105556,2.784637501463294,0.0,1046.890625,18,1479.1640625
1779138596.9039268,594,1.4215125011105556,2.784725002129562,0.0,1046.890625,18,1479.1640625
1779138596.9039276,595,1.4215125011105556,2.7848124991578516,0.0,1046.890625,18,1479.1640625
1779138596.9039278,596,1.4215125011105556,2.7848624995385762,0.0,1046.890625,18,1479.1640625
1779138596.9039283,597,1.4215125011105556,2.784925000014482,0.0,1046.890625,18,1479.1640625
1779138596.9039288,598,1.4215125011105556,2.784987500490388,0.0,1046.890625,18,1479.1640625
1779138596.9039292,599,1.4215125011105556,2.7850375008711126,0.0,1046.890625,18,1479.1640625
1779138596.9566076,600,1.6522500009159558,2.9854624990548473,16.7,1046.89453125,18,1479.1640625
1779138596.9566104,601,1.6522500009159558,2.9857125009584706,16.7,1046.89453125,18,1479.1640625
1779138596.9566114,602,1.6522500009159558,2.9857875015295576,16.7,1046.89453125,18,1479.1640625
1779138596.9566119,603,1.6522500009159558,2.9858500020054635,16.7,1046.89453125,18,1479.1640625
1779138596.9566126,604,1.6522500009159558,2.985937499033753,16.7,1046.89453125,18,1479.1640625
1779138596.956613,605,1.6522500009159558,2.98601249960484,16.7,1046.89453125,18,1479.1640625
1779138596.9566135,606,1.6522500009159558,2.9860750000807457,16.7,1046.89453125,18,1479.1640625
1779138596.9566143,607,1.6522500009159558,2.9861375005566515,16.7,1046.89453125,18,1479.1640625
1779138596.995606,608,1.768512502167141,3.1744875013828278,0.0,1046.8984375,18,1479.1640625
1779138596.9956088,609,1.768512502167141,3.1747125030960888,0.0,1046.8984375,18,1479.1640625
1779138596.9956174,610,1.768512502167141,3.1757750002725516,0.0,1046.8984375,18,1479.1640625
1779138596.995618,611,1.768512502167141,3.1758625009388197,0.0,1046.8984375,18,1479.1640625
1779138596.9956186,612,1.768512502167141,3.1759250014147256,0.0,1046.8984375,18,1479.1640625
1779138596.9956193,613,1.768512502167141,3.1760000019858126,0.0,1046.8984375,18,1479.1640625
1779138596.9956195,614,1.768512502167141,3.1760500023665372,0.0,1046.8984375,18,1479.1640625
1779138596.99562,615,1.768512502167141,3.176112502842443,0.0,1046.8984375,18,1479.1640625
1779138597.038978,616,1.5467499979422428,2.899549999710871,16.7,1046.90234375,18,1479.1640625
1779138597.0389807,617,1.5467499979422428,2.899762497690972,16.7,1046.90234375,18,1479.1640625
1779138597.0389812,618,1.5467499979422428,2.899837498262059,16.7,1046.90234375,18,1479.1640625
1779138597.0389817,619,1.5467499979422428,2.899912498833146,16.7,1046.90234375,18,1479.1640625
1779138597.0389822,620,1.5467499979422428,2.8999624992138706,16.7,1046.90234375,18,1479.1640625
1779138597.0389826,621,1.5467499979422428,2.900049999880139,16.7,1046.90234375,18,1479.1640625
1779138597.0389833,622,1.5467499979422428,2.9001125003560446,16.7,1046.90234375,18,1479.1640625
1779138597.0389836,623,1.5467499979422428,2.9001624970987905,16.7,1046.90234375,18,1479.1640625
1779138597.0769064,624,1.497850000305334,2.8118874979554676,50.0,1046.90625,18,1479.1640625
1779138597.0769093,625,1.497850000305334,2.8121249997639097,50.0,1046.90625,18,1479.1640625
1779138597.07691,626,1.497850000305334,2.812212500430178,50.0,1046.90625,18,1479.1640625
1779138597.0769105,627,1.497850000305334,2.8122750009060837,50.0,1046.90625,18,1479.1640625
1779138597.0769112,628,1.497850000305334,2.8123374977440108,50.0,1046.90625,18,1479.1640625
1779138597.0769148,629,1.497850000305334,2.812799997627735,50.0,1046.90625,18,1479.1640625
1779138597.0769153,630,1.497850000305334,2.812862498103641,50.0,1046.90625,18,1479.1640625
1779138597.0769157,631,1.497850000305334,2.812924998579547,50.0,1046.90625,18,1479.1640625
1779138597.112465,632,1.3045124978816602,2.668612498382572,0.0,1046.9140625,18,1479.1640625
1779138597.1124675,633,1.3045124978816602,2.6688124999054708,0.0,1046.9140625,18,1479.1640625
1779138597.1124682,634,1.3045124978816602,2.6688875004765578,0.0,1046.9140625,18,1479.1640625
1779138597.1124685,635,1.3045124978816602,2.668949997314485,0.0,1046.9140625,18,1479.1640625
1779138597.112469,636,1.3045124978816602,2.6689999976952095,0.0,1046.9140625,18,1479.1640625
1779138597.1124694,637,1.3045124978816602,2.6690749982662965,0.0,1046.9140625,18,1479.1640625
1779138597.11247,638,1.3045124978816602,2.6691374987422023,0.0,1046.9140625,18,1479.1640625
1779138597.1124706,639,1.3045124978816602,2.669187499122927,0.0,1046.9140625,18,1479.1640625
1779138597.1481526,640,1.3181624999560881,2.649937498063082,0.0,1046.9140625,18,1479.1640625
1779138597.1481552,641,1.3181624999560881,2.6501374995859805,0.0,1046.9140625,18,1479.1640625
1779138597.148156,642,1.3181624999560881,2.6502124965190887,0.0,1046.9140625,18,1479.1640625
1779138597.1481564,643,1.3181624999560881,2.6502749969949946,0.0,1046.9140625,18,1479.1640625
1779138597.148157,644,1.3181624999560881,2.6503499975660816,0.0,1046.9140625,18,1479.1640625
1779138597.1481571,645,1.3181624999560881,2.6503999979468063,0.0,1046.9140625,18,1479.1640625
1779138597.1481578,646,1.3181624999560881,2.6504749985178933,0.0,1046.9140625,18,1479.1640625
1779138597.1481586,647,1.3181624999560881,2.650537498993799,0.0,1046.9140625,18,1479.1640625
1779138597.1860142,648,1.3414250024652574,2.6692999999795575,0.0,1046.91796875,18,1479.1640625
1779138597.1860173,649,1.3414250024652574,2.6695375017879996,0.0,1046.91796875,18,1479.1640625
1779138597.1860178,650,1.3414250024652574,2.6696125023590866,0.0,1046.91796875,18,1479.1640625
1779138597.1860182,651,1.3414250024652574,2.6696749991970137,0.0,1046.91796875,18,1479.1640625
1779138597.1860187,652,1.3414250024652574,2.6697374996729195,0.0,1046.91796875,18,1479.1640625
1779138597.1860194,653,1.3414250024652574,2.6698000001488253,0.0,1046.91796875,18,1479.1640625
1779138597.18602,654,1.3414250024652574,2.66985000052955,0.0,1046.91796875,18,1479.1640625
1779138597.1860201,655,1.3414250024652574,2.669912501005456,0.0,1046.91796875,18,1479.1640625
1779138597.2220032,656,1.3353499998629559,2.6956999972753692,10.0,1047.0703125,18,1479.1640625
1779138597.2220063,657,1.3353499998629559,2.695912498893449,10.0,1047.0703125,18,1479.1640625
1779138597.2220068,658,1.3353499998629559,2.695987499464536,10.0,1047.0703125,18,1479.1640625
1779138597.2220073,659,1.3353499998629559,2.696049999940442,10.0,1047.0703125,18,1479.1640625
1779138597.2220078,660,1.3353499998629559,2.69612499687355,10.0,1047.0703125,18,1479.1640625
1779138597.2220082,661,1.3353499998629559,2.696187497349456,10.0,1047.0703125,18,1479.1640625
1779138597.222009,662,1.3353499998629559,2.6962374977301806,10.0,1047.0703125,18,1479.1640625
1779138597.2220094,663,1.3353499998629559,2.6962999982060865,10.0,1047.0703125,18,1479.1640625
1779138597.2605436,664,1.326000001427019,2.7000125010090414,12.5,1047.22265625,18,1479.1640625
1779138597.260546,665,1.326000001427019,2.700200002436759,12.5,1047.22265625,18,1479.1640625
1779138597.260547,666,1.326000001427019,2.700274999369867,12.5,1047.22265625,18,1479.1640625
1779138597.2605472,667,1.326000001427019,2.700337499845773,12.5,1047.22265625,18,1479.1640625
1779138597.2605517,668,1.326000001427019,2.700912500586128,12.5,1047.22265625,18,1479.1640625
1779138597.2605522,669,1.326000001427019,2.7009750010620337,12.5,1047.22265625,18,1479.1640625
1779138597.2605526,670,1.326000001427019,2.7010375015379395,12.5,1047.22265625,18,1479.1640625
1779138597.2605531,671,1.326000001427019,2.7011000020138454,12.5,1047.22265625,18,1479.1640625
1779138597.297856,672,1.4463375009654555,2.7856875021825545,12.5,1047.2265625,17,1479.1640625
1779138597.2978606,673,1.4463375009654555,2.786150002066279,12.5,1047.2265625,17,1479.1640625
1779138597.2978613,674,1.4463375009654555,2.786225002637366,12.5,1047.2265625,17,1479.1640625
1779138597.2978618,675,1.4463375009654555,2.7862750030180905,12.5,1047.2265625,17,1479.1640625
1779138597.2978623,676,1.4463375009654555,2.7863499999511987,12.5,1047.2265625,17,1479.1640625
1779138597.297863,677,1.4463375009654555,2.7864250005222857,12.5,1047.2265625,17,1479.1640625
1779138597.2978635,678,1.4463375009654555,2.7864750009030104,12.5,1047.2265625,17,1479.1640625
1779138597.2978637,679,1.4463375009654555,2.786537501378916,12.5,1047.2265625,17,1479.1640625
1779138597.334705,680,1.4859750008326955,2.8548000009323005,6.7,1047.23046875,17,1479.1640625
1779138597.3347085,681,1.4859750008326955,2.8550749993883073,6.7,1047.23046875,17,1479.1640625
1779138597.3347092,682,1.4859750008326955,2.8551625000545755,6.7,1047.23046875,17,1479.1640625
1779138597.3347101,683,1.4859750008326955,2.8552500007208437,6.7,1047.23046875,17,1479.1640625
1779138597.3347108,684,1.4859750008326955,2.855337501387112,6.7,1047.23046875,17,1479.1640625
1779138597.3347113,685,1.4859750008326955,2.855412501958199,6.7,1047.23046875,17,1479.1640625
1779138597.334712,686,1.4859750008326955,2.855499998986488,6.7,1047.23046875,17,1479.1640625
1779138597.3347125,687,1.4859750008326955,2.855574999557575,6.7,1047.23046875,17,1479.1640625
1779138597.3734949,688,1.4019749978615437,2.79188749846071,0.0,1047.53125,17,1479.1640625
1779138597.373498,689,1.4019749978615437,2.79210000007879,0.0,1047.53125,17,1479.1640625
1779138597.3734984,690,1.4019749978615437,2.7921625005546957,0.0,1047.53125,17,1479.1640625
1779138597.373499,691,1.4019749978615437,2.7922375011257827,0.0,1047.53125,17,1479.1640625
1779138597.3734994,692,1.4019749978615437,2.7922999979637098,0.0,1047.53125,17,1479.1640625
1779138597.3734999,693,1.4019749978615437,2.7923624984396156,0.0,1047.53125,17,1479.1640625
1779138597.373504,694,1.4019749978615437,2.792887498799246,0.0,1047.53125,17,1479.1640625
1779138597.3735044,695,1.4019749978615437,2.7929499992751516,0.0,1047.53125,17,1479.1640625
1779138597.414488,696,1.4148374975775369,2.7702624975063372,37.5,1047.53515625,17,1479.1640625
1779138597.4144907,697,1.4148374975775369,2.7704874992195982,37.5,1047.53515625,17,1479.1640625
1779138597.4144914,698,1.4148374975775369,2.770549999695504,37.5,1047.53515625,17,1479.1640625
1779138597.414492,699,1.4148374975775369,2.770612496533431,37.5,1047.53515625,17,1479.1640625
1779138597.4144924,700,1.4148374975775369,2.7706999971996993,37.5,1047.53515625,17,1479.1640625
1779138597.4144928,701,1.4148374975775369,2.770762497675605,37.5,1047.53515625,17,1479.1640625
1779138597.4144933,702,1.4148374975775369,2.770824998151511,37.5,1047.53515625,17,1479.1640625
1779138597.414494,703,1.4148374975775369,2.770887498627417,37.5,1047.53515625,17,1479.1640625
1779138597.4535732,704,1.456975001929095,2.8164625000499655,36.4,1047.53515625,17,1479.1640625
1779138597.4535758,705,1.456975001929095,2.8166875017632265,36.4,1047.53515625,17,1479.1640625
1779138597.4535766,706,1.456975001929095,2.8167500022391323,36.4,1047.53515625,17,1479.1640625
1779138597.4535809,707,1.456975001929095,2.8172750025987625,36.4,1047.53515625,17,1479.1640625
1779138597.4535813,708,1.456975001929095,2.8173374994366895,36.4,1047.53515625,17,1479.1640625
1779138597.4535818,709,1.456975001929095,2.8173999999125954,36.4,1047.53515625,17,1479.1640625
1779138597.453582,710,1.456975001929095,2.81745000029332,36.4,1047.53515625,17,1479.1640625
1779138597.4535825,711,1.456975001929095,2.817512500769226,36.4,1047.53515625,17,1479.1640625
1779138597.4929802,712,1.6289374980260618,2.9878749992349185,11.1,1047.54296875,17,1479.1640625
1779138597.4929829,713,1.6289374980260618,2.988075000757817,11.1,1047.54296875,17,1479.1640625
1779138597.4929836,714,1.6289374980260618,2.988150001328904,11.1,1047.54296875,17,1479.1640625
1779138597.492984,715,1.6289374980260618,2.9882249982620124,11.1,1047.54296875,17,1479.1640625
1779138597.4929845,716,1.6289374980260618,2.988287498737918,11.1,1047.54296875,17,1479.1640625
1779138597.492985,717,1.6289374980260618,2.988349999213824,11.1,1047.54296875,17,1479.1640625
1779138597.4929855,718,1.6289374980260618,2.98841249968973,11.1,1047.54296875,17,1479.1640625
1779138597.4929862,719,1.6289374980260618,2.988500000355998,11.1,1047.54296875,17,1479.1640625
1779138597.546175,720,1.5850499985390343,3.0180749999999534,25.0,1047.54296875,17,1479.1640625
1779138597.5461776,721,1.5850499985390343,3.0182749978848733,25.0,1047.54296875,17,1479.1640625
1779138597.546178,722,1.5850499985390343,3.018337498360779,25.0,1047.54296875,17,1479.1640625
1779138597.5461786,723,1.5850499985390343,3.018399998836685,25.0,1047.54296875,17,1479.1640625
1779138597.546179,724,1.5850499985390343,3.018474999407772,25.0,1047.54296875,17,1479.1640625
1779138597.5461795,725,1.5850499985390343,3.018537499883678,25.0,1047.54296875,17,1479.1640625
1779138597.54618,726,1.5850499985390343,3.0185875002644025,25.0,1047.54296875,17,1479.1640625
1779138597.5461845,727,1.5850499985390343,3.019124997081235,25.0,1047.54296875,17,1479.1640625
1779138597.5835378,728,1.553599999169819,2.8807749986299314,18.2,1047.546875,17,1479.1640625
1779138597.5835404,729,1.553599999169819,2.8810000003431924,18.2,1047.546875,17,1479.1640625
1779138597.583541,730,1.553599999169819,2.881062500819098,18.2,1047.546875,17,1479.1640625
1779138597.5835419,731,1.553599999169819,2.881137501390185,18.2,1047.546875,17,1479.1640625
1779138597.5835423,732,1.553599999169819,2.8811999982281122,18.2,1047.546875,17,1479.1640625
1779138597.5835428,733,1.553599999169819,2.881262498704018,18.2,1047.546875,17,1479.1640625
1779138597.5835433,734,1.553599999169819,2.881324999179924,18.2,1047.546875,17,1479.1640625
1779138597.5835438,735,1.553599999169819,2.881399999751011,18.2,1047.546875,17,1479.1640625
1779138597.621812,736,1.5633625007467344,2.9266250021464657,0.0,1047.546875,17,1479.1640625
1779138597.6218147,737,1.5633625007467344,2.9268124999362044,0.0,1047.546875,17,1479.1640625
1779138597.6218152,738,1.5633625007467344,2.9268750004121102,0.0,1047.546875,17,1479.1640625
1779138597.621816,739,1.5633625007467344,2.9269500009831972,0.0,1047.546875,17,1479.1640625
1779138597.6218164,740,1.5633625007467344,2.927012501459103,0.0,1047.546875,17,1479.1640625
1779138597.6218169,741,1.5633625007467344,2.92708750203019,0.0,1047.546875,17,1479.1640625
1779138597.6218176,742,1.5633625007467344,2.9271624989632983,0.0,1047.546875,17,1479.1640625
1779138597.621818,743,1.5633625007467344,2.927224999439204,0.0,1047.546875,17,1479.1640625
1779138597.6594863,744,1.3778499996988103,2.7232624997850507,10.2,1047.5546875,17,1479.1640625
1779138597.659489,745,1.3778499996988103,2.723487497860333,10.2,1047.5546875,17,1479.1640625
1779138597.6594942,746,1.3778499996988103,2.7240999988862313,10.2,1047.5546875,17,1479.1640625
1779138597.6594944,747,1.3778499996988103,2.724162499362137,10.2,1047.5546875,17,1479.1640625
1779138597.659495,748,1.3778499996988103,2.724224999838043,10.2,1047.5546875,17,1479.1640625
1779138597.6594954,749,1.3778499996988103,2.724287500313949,10.2,1047.5546875,17,1479.1640625
1779138597.6594958,750,1.3778499996988103,2.7243375006946735,10.2,1047.5546875,17,1479.1640625
1779138597.6594963,751,1.3778499996988103,2.7243874974374194,10.2,1047.5546875,17,1479.1640625
1779138597.698448,752,1.477424997574417,2.9050124976492953,0.0,1047.55859375,17,1479.1640625
1779138597.698451,753,1.477424997574417,2.905287499743281,0.0,1047.55859375,17,1479.1640625
1779138597.6984518,754,1.477424997574417,2.9053749967715703,0.0,1047.55859375,17,1479.1640625
1779138597.6984525,755,1.477424997574417,2.9054749975330196,0.0,1047.55859375,17,1479.1640625
1779138597.698453,756,1.477424997574417,2.9055374980089255,0.0,1047.55859375,17,1479.1640625
1779138597.6984534,757,1.477424997574417,2.90558749838965,0.0,1047.55859375,17,1479.1640625
1779138597.6984544,758,1.477424997574417,2.9056874991510995,0.0,1047.55859375,17,1479.1640625
1779138597.6984549,759,1.477424997574417,2.9057499996270053,0.0,1047.55859375,17,1479.1640625
1779138597.7389998,760,1.477287500165403,2.8087750033591874,7.1,1047.55859375,17,1479.1640625
1779138597.7390053,761,1.477287500165403,2.8093625005567446,7.1,1047.55859375,17,1479.1640625
1779138597.7390063,762,1.477287500165403,2.8094375011278316,7.1,1047.55859375,17,1479.1640625
1779138597.7390068,763,1.477287500165403,2.8095125016989186,7.1,1047.55859375,17,1479.1640625
1779138597.7390072,764,1.477287500165403,2.8095625020796433,7.1,1047.55859375,17,1479.1640625
1779138597.7390077,765,1.477287500165403,2.809625002555549,7.1,1047.55859375,17,1479.1640625
1779138597.7390118,766,1.477287500165403,2.8101750031055417,7.1,1047.55859375,17,1479.1640625
1779138597.7390122,767,1.477287500165403,2.8102249998482876,7.1,1047.55859375,17,1479.1640625
1779138597.777328,768,1.4687000002595596,2.8360875003272668,0.0,1047.5703125,14,1479.1640625
1779138597.7773309,769,1.4687000002595596,2.836312498402549,0.0,1047.5703125,14,1479.1640625
1779138597.7773318,770,1.4687000002595596,2.836399999068817,0.0,1047.5703125,14,1479.1640625
1779138597.7773323,771,1.4687000002595596,2.836474999639904,0.0,1047.5703125,14,1479.1640625
1779138597.7773328,772,1.4687000002595596,2.83653750011581,0.0,1047.5703125,14,1479.1640625
1779138597.7773335,773,1.4687000002595596,2.8366249971440993,0.0,1047.5703125,14,1479.1640625
1779138597.777334,774,1.4687000002595596,2.836687497620005,0.0,1047.5703125,14,1479.1640625
1779138597.7773342,775,1.4687000002595596,2.836749998095911,0.0,1047.5703125,14,1479.1640625
1779138597.8193536,776,1.7869875009637326,3.1594874999427702,10.0,1047.5703125,14,1479.1640625
1779138597.819357,777,1.7869875009637326,3.1597500019415747,10.0,1047.5703125,14,1479.1640625
1779138597.8193576,778,1.7869875009637326,3.159837502607843,10.0,1047.5703125,14,1479.1640625
1779138597.819358,779,1.7869875009637326,3.1599249996361323,10.0,1047.5703125,14,1479.1640625
1779138597.819359,780,1.7869875009637326,3.1600000002072193,10.0,1047.5703125,14,1479.1640625
1779138597.8193595,781,1.7869875009637326,3.1600750007783063,10.0,1047.5703125,14,1479.1640625
1779138597.81936,782,1.7869875009637326,3.1601500013493933,10.0,1047.5703125,14,1479.1640625
1779138597.8193605,783,1.7869875009637326,3.160212501825299,10.0,1047.5703125,14,1479.1640625
1779138597.8630507,784,1.3391124994086567,2.683124999748543,10.0,1047.5703125,14,1479.1640625
1779138597.8630536,785,1.3391124994086567,2.6833624979190063,10.0,1047.5703125,14,1479.1640625
1779138597.8630579,786,1.3391124994086567,2.6838874982786365,10.0,1047.5703125,14,1479.1640625
1779138597.8630583,787,1.3391124994086567,2.6839749989449047,10.0,1047.5703125,14,1479.1640625
1779138597.863059,788,1.3391124994086567,2.6840499995159917,10.0,1047.5703125,14,1479.1640625
1779138597.8630598,789,1.3391124994086567,2.6841124999918975,10.0,1047.5703125,14,1479.1640625
1779138597.8630602,790,1.3391124994086567,2.6841750004678033,10.0,1047.5703125,14,1479.1640625
1779138597.8630605,791,1.3391124994086567,2.684237500943709,10.0,1047.5703125,14,1479.1640625
1779138597.909639,792,1.6000124996935483,2.970274999825051,50.0,1047.57421875,14,1479.1640625
1779138597.9096417,793,1.6000124996935483,2.9705124979955144,50.0,1047.57421875,14,1479.1640625
1779138597.9096425,794,1.6000124996935483,2.9705999986617826,50.0,1047.57421875,14,1479.1640625
1779138597.9096427,795,1.6000124996935483,2.9706499990425073,50.0,1047.57421875,14,1479.1640625
1779138597.9096434,796,1.6000124996935483,2.9707249996135943,50.0,1047.57421875,14,1479.1640625
1779138597.909644,797,1.6000124996935483,2.970774999994319,50.0,1047.57421875,14,1479.1640625
1779138597.9096444,798,1.6000124996935483,2.9708250003750436,50.0,1047.57421875,14,1479.1640625
1779138597.9096448,799,1.6000124996935483,2.9708750007557683,50.0,1047.57421875,14,1479.1640625
1779138597.954767,800,1.7856250015029218,3.177350001351442,11.1,1047.63671875,14,1479.1640625
1779138597.9547696,801,1.7856250015029218,3.1775624993315432,11.1,1047.63671875,14,1479.1640625
1779138597.95477,802,1.7856250015029218,3.177624999807449,11.1,1047.63671875,14,1479.1640625
1779138597.9547708,803,1.7856250015029218,3.177700000378536,11.1,1047.63671875,14,1479.1640625
1779138597.9547713,804,1.7856250015029218,3.177762500854442,11.1,1047.63671875,14,1479.1640625
1779138597.9547718,805,1.7856250015029218,3.177837501425529,11.1,1047.63671875,14,1479.1640625
1779138597.954773,806,1.7856250015029218,3.1779625023773406,11.1,1047.63671875,14,1479.1640625
1779138597.9547734,807,1.7856250015029218,3.1780250028532464,11.1,1047.63671875,14,1479.1640625
1779138597.9938226,808,1.376374999381369,2.7561249989958014,29.4,1047.63671875,14,1479.1640625
1779138597.993825,809,1.376374999381369,2.7563249968807213,29.4,1047.63671875,14,1479.1640625
1779138597.9938254,810,1.376374999381369,2.7563999974518083,29.4,1047.63671875,14,1479.1640625
1779138597.9938262,811,1.376374999381369,2.756462497927714,29.4,1047.63671875,14,1479.1640625
1779138597.9938269,812,1.376374999381369,2.756537498498801,29.4,1047.63671875,14,1479.1640625
1779138597.9938273,813,1.376374999381369,2.756599998974707,29.4,1047.63671875,14,1479.1640625
1779138597.9938276,814,1.376374999381369,2.756662499450613,29.4,1047.63671875,14,1479.1640625
1779138597.993828,815,1.376374999381369,2.7567249999265186,29.4,1047.63671875,14,1479.1640625
1779138598.0407658,816,2.1050499999546446,3.483050000795629,0.0,1047.63671875,14,1479.1640625
1779138598.0407689,817,2.1050499999546446,3.48326249877573,0.0,1047.63671875,14,1479.1640625
1779138598.0407696,818,2.1050499999546446,3.483349999441998,0.0,1047.63671875,14,1479.1640625
1779138598.04077,819,2.1050499999546446,3.483412499917904,0.0,1047.63671875,14,1479.1640625
1779138598.0407708,820,2.1050499999546446,3.483487500488991,0.0,1047.63671875,14,1479.1640625
1779138598.040771,821,2.1050499999546446,3.4835500009648968,0.0,1047.63671875,14,1479.1640625
1779138598.0407715,822,2.1050499999546446,3.4836125014408026,0.0,1047.63671875,14,1479.1640625
1779138598.0407722,823,2.1050499999546446,3.4836749982787296,0.0,1047.63671875,14,1479.1640625
1779138598.0822809,824,1.3439124995784368,2.744262499618344,0.0,1047.63671875,14,1479.1640625
1779138598.0822842,825,1.3439124995784368,2.744562501902692,0.0,1047.63671875,14,1479.1640625
1779138598.0822852,826,1.3439124995784368,2.7446374988358,0.0,1047.63671875,14,1479.1640625
1779138598.0822856,827,1.3439124995784368,2.744699999311706,0.0,1047.63671875,14,1479.1640625
1779138598.0822864,828,1.3439124995784368,2.744787499977974,0.0,1047.63671875,14,1479.1640625
1779138598.0822868,829,1.3439124995784368,2.744837500358699,0.0,1047.63671875,14,1479.1640625
1779138598.0822873,830,1.3439124995784368,2.744912500929786,0.0,1047.63671875,14,1479.1640625
1779138598.0822878,831,1.3439124995784368,2.7449750014056917,0.0,1047.63671875,14,1479.1640625
1779138598.120799,832,1.4067875017644837,2.761700001428835,0.0,1047.63671875,14,1479.1640625
1779138598.1208017,833,1.4067875017644837,2.7619249995041173,0.0,1047.63671875,14,1479.1640625
1779138598.1208024,834,1.4067875017644837,2.761987499980023,0.0,1047.63671875,14,1479.1640625
1779138598.1208029,835,1.4067875017644837,2.762050000455929,0.0,1047.63671875,14,1479.1640625
1779138598.1208036,836,1.4067875017644837,2.762125001027016,0.0,1047.63671875,14,1479.1640625
1779138598.120804,837,1.4067875017644837,2.762200001598103,0.0,1047.63671875,14,1479.1640625
1779138598.1208045,838,1.4067875017644837,2.76226249843603,0.0,1047.63671875,14,1479.1640625
1779138598.120805,839,1.4067875017644837,2.7623124988167547,0.0,1047.63671875,14,1479.1640625
1779138598.1612296,840,1.4000250012031756,2.763225002127001,14.3,1047.63671875,14,1479.1640625
1779138598.1612322,841,1.4000250012031756,2.7633999998215586,14.3,1047.63671875,14,1479.1640625
1779138598.161233,842,1.4000250012031756,2.763500000583008,14.3,1047.63671875,14,1479.1640625
1779138598.1612334,843,1.4000250012031756,2.7635500009637326,14.3,1047.63671875,14,1479.1640625
1779138598.161234,844,1.4000250012031756,2.7636250015348196,14.3,1047.63671875,14,1479.1640625
1779138598.1612344,845,1.4000250012031756,2.7637125022010878,14.3,1047.63671875,14,1479.1640625
1779138598.161235,846,1.4000250012031756,2.7637750026769936,14.3,1047.63671875,14,1479.1640625
1779138598.1612358,847,1.4000250012031756,2.7638249994197395,14.3,1047.63671875,14,1479.1640625
1779138598.1991284,848,1.4700624997203704,2.788112498819828,0.0,1047.63671875,14,1479.1640625
1779138598.1991313,849,1.4700624997203704,2.7883125003427267,0.0,1047.63671875,14,1479.1640625
1779138598.1991317,850,1.4700624997203704,2.7883875009138137,0.0,1047.63671875,14,1479.1640625
1779138598.1991322,851,1.4700624997203704,2.7884499977517407,0.0,1047.63671875,14,1479.1640625
1779138598.1991327,852,1.4700624997203704,2.7885124982276466,0.0,1047.63671875,14,1479.1640625
1779138598.1991332,853,1.4700624997203704,2.7885624986083712,0.0,1047.63671875,14,1479.1640625
1779138598.1991336,854,1.4700624997203704,2.788624999084277,0.0,1047.63671875,14,1479.1640625
1779138598.1991339,855,1.4700624997203704,2.7886749994650017,0.0,1047.63671875,14,1479.1640625
1779138598.2384021,856,1.476725003158208,2.80858750193147,8.0,1047.63671875,14,1479.1640625
1779138598.2384045,857,1.476725003158208,2.8087875034543686,8.0,1047.63671875,14,1479.1640625
1779138598.2384052,858,1.476725003158208,2.8088625003874768,8.0,1047.63671875,14,1479.1640625
1779138598.2384057,859,1.476725003158208,2.8089250008633826,8.0,1047.63671875,14,1479.1640625
1779138598.2384064,860,1.476725003158208,2.8089875013392884,8.0,1047.63671875,14,1479.1640625
1779138598.23841,861,1.476725003158208,2.809462501318194,8.0,1047.63671875,14,1479.1640625
1779138598.2384105,862,1.476725003158208,2.8095250017941,8.0,1047.63671875,14,1479.1640625
1779138598.238411,863,1.476725003158208,2.8095875022700056,8.0,1047.63671875,14,1479.1640625
1779138598.2762513,864,1.3560999977926258,2.702449997741496,0.0,1047.63671875,14,1479.1640625
1779138598.2762537,865,1.3560999977926258,2.702649999264395,0.0,1047.63671875,14,1479.1640625
1779138598.2762544,866,1.3560999977926258,2.702737499930663,0.0,1047.63671875,14,1479.1640625
1779138598.276255,867,1.3560999977926258,2.7027875003113877,0.0,1047.63671875,14,1479.1640625
1779138598.2762554,868,1.3560999977926258,2.7028625008824747,0.0,1047.63671875,14,1479.1640625
1779138598.276256,869,1.3560999977926258,2.7029124976252206,0.0,1047.63671875,14,1479.1640625
1779138598.2762566,870,1.3560999977926258,2.7029749981011264,0.0,1047.63671875,14,1479.1640625
1779138598.276257,871,1.3560999977926258,2.7030374985770322,0.0,1047.63671875,14,1479.1640625
1779138598.3150592,872,1.4438124999287538,2.8281624981900677,37.5,1047.63671875,14,1479.1640625
1779138598.3150618,873,1.4438124999287538,2.8283874999033287,37.5,1047.63671875,14,1479.1640625
1779138598.3150623,874,1.4438124999287538,2.8284499967412557,37.5,1047.63671875,14,1479.1640625
1779138598.315063,875,1.4438124999287538,2.828549997502705,37.5,1047.63671875,14,1479.1640625
1779138598.3150635,876,1.4438124999287538,2.828612497978611,37.5,1047.63671875,14,1479.1640625
1779138598.315064,877,1.4438124999287538,2.8286749984545168,37.5,1047.63671875,14,1479.1640625
1779138598.3150647,878,1.4438124999287538,2.8287374989304226,37.5,1047.63671875,14,1479.1640625
1779138598.3150651,879,1.4438124999287538,2.8287874993111473,37.5,1047.63671875,14,1479.1640625
1779138598.3545938,880,1.3780624976789113,2.737712497037137,0.0,1047.63671875,14,1479.1640625
1779138598.3545966,881,1.3780624976789113,2.7379124985600356,0.0,1047.63671875,14,1479.1640625
1779138598.354597,882,1.3780624976789113,2.7379874991311226,0.0,1047.63671875,14,1479.1640625
1779138598.3545976,883,1.3780624976789113,2.7380624997022096,0.0,1047.63671875,14,1479.1640625
1779138598.3545988,884,1.3780624976789113,2.7381749969208613,0.0,1047.63671875,14,1479.1640625
1779138598.3545995,885,1.3780624976789113,2.7382499974919483,0.0,1047.63671875,14,1479.1640625
1779138598.3545997,886,1.3780624976789113,2.738312497967854,0.0,1047.63671875,14,1479.1640625
1779138598.3546002,887,1.3780624976789113,2.73837499844376,0.0,1047.63671875,14,1479.1640625
1779138598.392488,888,1.3394875022640917,2.6521625004534144,30.0,1047.63671875,14,1479.1640625
1779138598.3924904,889,1.3394875022640917,2.652362501976313,30.0,1047.63671875,14,1479.1640625
1779138598.392491,890,1.3394875022640917,2.6524375025474,30.0,1047.63671875,14,1479.1640625
1779138598.3924916,891,1.3394875022640917,2.652499999385327,30.0,1047.63671875,14,1479.1640625
1779138598.3924923,892,1.3394875022640917,2.652574999956414,30.0,1047.63671875,14,1479.1640625
1779138598.3924928,893,1.3394875022640917,2.6526250003371388,30.0,1047.63671875,14,1479.1640625
1779138598.392493,894,1.3394875022640917,2.6526875008130446,30.0,1047.63671875,14,1479.1640625
1779138598.3924935,895,1.3394875022640917,2.6527375011937693,30.0,1047.63671875,14,1479.1640625
1779138598.4291468,896,1.3476875028572977,2.6657375019567553,9.5,1047.63671875,14,1479.1640625
1779138598.4291496,897,1.3476875028572977,2.665937503479654,9.5,1047.63671875,14,1479.1640625
1779138598.42915,898,1.3476875028572977,2.666000000317581,9.5,1047.63671875,14,1479.1640625
1779138598.4291508,899,1.3476875028572977,2.666075000888668,9.5,1047.63671875,14,1479.1640625
1779138598.4291513,900,1.3476875028572977,2.666137501364574,9.5,1047.63671875,14,1479.1640625
1779138598.429152,901,1.3476875028572977,2.6662500022212043,9.5,1047.63671875,14,1479.1640625
1779138598.4291525,902,1.3476875028572977,2.66631250269711,9.5,1047.63671875,14,1479.1640625
1779138598.4291532,903,1.3476875028572977,2.666387503268197,9.5,1047.63671875,14,1479.1640625
1779138598.4770098,904,1.4481250000244472,2.7888250006071758,7.7,1047.63671875,14,1479.1640625
1779138598.4770122,905,1.4481250000244472,2.7890124983969145,7.7,1047.63671875,14,1479.1640625
1779138598.477013,906,1.4481250000244472,2.7890999990631826,7.7,1047.63671875,14,1479.1640625
1779138598.4770136,907,1.4481250000244472,2.7891749996342696,7.7,1047.63671875,14,1479.1640625
1779138598.477014,908,1.4481250000244472,2.7892375001101755,7.7,1047.63671875,14,1479.1640625
1779138598.4770145,909,1.4481250000244472,2.7893000005860813,7.7,1047.63671875,14,1479.1640625
1779138598.4770148,910,1.4481250000244472,2.7893624974240083,7.7,1047.63671875,14,1479.1640625
1779138598.4770153,911,1.4481250000244472,2.789412497804733,7.7,1047.63671875,14,1479.1640625
1779138598.517694,912,1.4003750002302695,2.7347875002305955,21.4,1047.63671875,14,1479.1640625
1779138598.517697,913,1.4003750002302695,2.7350250020390376,21.4,1047.63671875,14,1479.1640625
1779138598.5176976,914,1.4003750002302695,2.7351000026101246,21.4,1047.63671875,14,1479.1640625
1779138598.517698,915,1.4003750002302695,2.735174999543233,21.4,1047.63671875,14,1479.1640625
1779138598.5176988,916,1.4003750002302695,2.735262500209501,21.4,1047.63671875,14,1479.1640625
1779138598.5176992,917,1.4003750002302695,2.735325000685407,21.4,1047.63671875,14,1479.1640625
1779138598.5177002,918,1.4003750002302695,2.735400001256494,21.4,1047.63671875,14,1479.1640625
1779138598.5177007,919,1.4003750002302695,2.7354625017323997,21.4,1047.63671875,14,1479.1640625
1779138598.558235,920,1.439550000213785,2.8004249979858287,0.0,1047.640625,14,1479.1640625
1779138598.5582378,921,1.439550000213785,2.8006374996039085,0.0,1047.640625,14,1479.1640625
1779138598.5582383,922,1.439550000213785,2.8007125001749955,0.0,1047.640625,14,1479.1640625
1779138598.5582392,923,1.439550000213785,2.800837501126807,0.0,1047.640625,14,1479.1640625
1779138598.55824,924,1.439550000213785,2.800899997964734,0.0,1047.640625,14,1479.1640625
1779138598.5582402,925,1.439550000213785,2.80096249844064,0.0,1047.640625,14,1479.1640625
1779138598.5582407,926,1.439550000213785,2.8010124988213647,0.0,1047.640625,14,1479.1640625
1779138598.5582414,927,1.439550000213785,2.8010749992972706,0.0,1047.640625,14,1479.1640625
1779138598.6010962,928,1.3591874994745012,2.679425000678748,0.0,1047.640625,14,1479.1640625
1779138598.601099,929,1.3591874994745012,2.6796624988492113,0.0,1047.640625,14,1479.1640625
1779138598.6010997,930,1.3591874994745012,2.6797374994202983,0.0,1047.640625,14,1479.1640625
1779138598.6011002,931,1.3591874994745012,2.6798124999913853,0.0,1047.640625,14,1479.1640625
1779138598.6011007,932,1.3591874994745012,2.67986250037211,0.0,1047.640625,14,1479.1640625
1779138598.6011014,933,1.3591874994745012,2.679924997210037,0.0,1047.640625,14,1479.1640625
1779138598.6011019,934,1.3591874994745012,2.679987497685943,0.0,1047.640625,14,1479.1640625
1779138598.601102,935,1.3591874994745012,2.6800499981618486,0.0,1047.640625,14,1479.1640625
1779138598.6428597,936,1.4513000023725908,2.786100001685554,3.8,1047.640625,14,1479.1640625
1779138598.6428623,937,1.4513000023725908,2.786299999570474,3.8,1047.640625,14,1479.1640625
1779138598.642863,938,1.4513000023725908,2.786375000141561,3.8,1047.640625,14,1479.1640625
1779138598.6428633,939,1.4513000023725908,2.786437500617467,3.8,1047.640625,14,1479.1640625
1779138598.642864,940,1.4513000023725908,2.7865000010933727,3.8,1047.640625,14,1479.1640625
1779138598.6428645,941,1.4513000023725908,2.7865750016644597,3.8,1047.640625,14,1479.1640625
1779138598.6428654,942,1.4513000023725908,2.786675002425909,3.8,1047.640625,14,1479.1640625
1779138598.642866,943,1.4513000023725908,2.7867250028066337,3.8,1047.640625,14,1479.1640625
1779138598.6810987,944,1.384649996907683,2.7812499974970706,11.1,1047.64453125,14,1479.1640625
1779138598.6811016,945,1.384649996907683,2.7814499990199693,11.1,1047.64453125,14,1479.1640625
1779138598.681102,946,1.384649996907683,2.7815249995910563,11.1,1047.64453125,14,1479.1640625
1779138598.6811025,947,1.384649996907683,2.781587500066962,11.1,1047.64453125,14,1479.1640625
1779138598.681103,948,1.384649996907683,2.781649996904889,11.1,1047.64453125,14,1479.1640625
1779138598.6811037,949,1.384649996907683,2.781712497380795,11.1,1047.64453125,14,1479.1640625
1779138598.681104,950,1.384649996907683,2.7817624977615196,11.1,1047.64453125,14,1479.1640625
1779138598.6811044,951,1.384649996907683,2.7818124981422443,11.1,1047.64453125,14,1479.1640625
1779138598.719879,952,1.3865250002709217,2.7604249989963137,27.3,1047.64453125,14,1479.1640625
1779138598.7198818,953,1.3865250002709217,2.760675000899937,27.3,1047.64453125,14,1479.1640625
1779138598.7198825,954,1.3865250002709217,2.760750001471024,27.3,1047.64453125,14,1479.1640625
1779138598.719883,955,1.3865250002709217,2.760824998404132,27.3,1047.64453125,14,1479.1640625
1779138598.7198834,956,1.3865250002709217,2.760899998975219,27.3,1047.64453125,14,1479.1640625
1779138598.7198844,957,1.3865250002709217,2.760974999546306,27.3,1047.64453125,14,1479.1640625
1779138598.7198846,958,1.3865250002709217,2.761024999927031,27.3,1047.64453125,14,1479.1640625
1779138598.719885,959,1.3865250002709217,2.7610875004029367,27.3,1047.64453125,14,1479.1640625
1779138598.7625005,960,1.5035875003377441,2.8705750009976327,0.0,1047.64453125,14,1479.1640625
1779138598.762504,961,1.5035875003377441,2.870874999644002,0.0,1047.64453125,14,1479.1640625
1779138598.7625096,962,1.5035875003377441,2.8715625012409873,0.0,1047.64453125,14,1479.1640625
1779138598.7625105,963,1.5035875003377441,2.87170000228798,0.0,1047.64453125,14,1479.1640625
1779138598.7625113,964,1.5035875003377441,2.8717749992210884,0.0,1047.64453125,14,1479.1640625
1779138598.762512,965,1.5035875003377441,2.871837499696994,0.0,1047.64453125,14,1479.1640625
1779138598.7625127,966,1.5035875003377441,2.8719375004584435,0.0,1047.64453125,14,1479.1640625
1779138598.7625132,967,1.5035875003377441,2.8720000009343494,0.0,1047.64453125,14,1479.1640625
1779138598.8009994,968,1.4190250003593974,2.7608499985944945,45.5,1047.6484375,18,1479.1640625
1779138598.8010023,969,1.4190250003593974,2.7610625002125744,45.5,1047.6484375,18,1479.1640625
1779138598.801003,970,1.4190250003593974,2.7611375007836614,45.5,1047.6484375,18,1479.1640625
1779138598.8010035,971,1.4190250003593974,2.761200001259567,45.5,1047.6484375,18,1479.1640625
1779138598.801004,972,1.4190250003593974,2.761275001830654,45.5,1047.6484375,18,1479.1640625
1779138598.8010085,973,1.4190250003593974,2.761837498837849,45.5,1047.6484375,18,1479.1640625
1779138598.8010092,974,1.4190250003593974,2.761912499408936,45.5,1047.6484375,18,1479.1640625
1779138598.8010097,975,1.4190250003593974,2.761987499980023,45.5,1047.6484375,18,1479.1640625
1779138598.8425589,976,1.4915374995325692,2.8699750000669155,60.0,1047.65234375,18,1479.1640625
1779138598.8425617,977,1.4915374995325692,2.870175001589814,60.0,1047.65234375,18,1479.1640625
1779138598.8425622,978,1.4915374995325692,2.8702499985229224,60.0,1047.65234375,18,1479.1640625
1779138598.8425632,979,1.4915374995325692,2.8703124989988282,60.0,1047.65234375,18,1479.1640625
1779138598.8425634,980,1.4915374995325692,2.870374999474734,60.0,1047.65234375,18,1479.1640625
1779138598.842567,981,1.4915374995325692,2.870812499168096,60.0,1047.65234375,18,1479.1640625
1779138598.8425674,982,1.4915374995325692,2.870887499739183,60.0,1047.65234375,18,1479.1640625
1779138598.842568,983,1.4915374995325692,2.870950000215089,60.0,1047.65234375,18,1479.1640625
1779138598.8830886,984,1.318662500125356,2.6669625003705733,20.0,1047.65625,18,1479.1640625
1779138598.8830912,985,1.318662500125356,2.667162501893472,20.0,1047.65625,18,1479.1640625
1779138598.883092,986,1.318662500125356,2.667237502464559,20.0,1047.65625,18,1479.1640625
1779138598.8830922,987,1.318662500125356,2.6672875028452836,20.0,1047.65625,18,1479.1640625
1779138598.8830929,988,1.318662500125356,2.667374999873573,20.0,1047.65625,18,1479.1640625
1779138598.8830936,989,1.318662500125356,2.667437500349479,20.0,1047.65625,18,1479.1640625
1779138598.883094,990,1.318662500125356,2.6674875007302035,20.0,1047.65625,18,1479.1640625
1779138598.8830945,991,1.318662500125356,2.6675500012061093,20.0,1047.65625,18,1479.1640625
1779138598.9223573,992,1.4532874993165024,2.867474999220576,50.0,1047.65625,18,1479.1640625
1779138598.9223604,993,1.4532874993165024,2.8677250011241995,50.0,1047.65625,18,1479.1640625
1779138598.9223611,994,1.4532874993165024,2.8678125017904676,50.0,1047.65625,18,1479.1640625
1779138598.9223619,995,1.4532874993165024,2.867899998818757,50.0,1047.65625,18,1479.1640625
1779138598.9223623,996,1.4532874993165024,2.867962499294663,50.0,1047.65625,18,1479.1640625
1779138598.9223628,997,1.4532874993165024,2.8680249997705687,50.0,1047.65625,18,1479.1640625
1779138598.9223633,998,1.4532874993165024,2.8681000003416557,50.0,1047.65625,18,1479.1640625
1779138598.922364,999,1.4532874993165024,2.8681625008175615,50.0,1047.65625,18,1479.1640625
1779138598.9824462,1000,2.3550624973722734,3.724099999089958,0.0,1047.66015625,18,1479.1640625
1779138598.9824548,1001,2.3550624973722734,3.7249874985718634,0.0,1047.66015625,18,1479.1640625
1779138598.9824557,1002,2.3550624973722734,3.725112499523675,0.0,1047.66015625,18,1479.1640625
1779138598.9824567,1003,2.3550624973722734,3.7252250003803056,0.0,1047.66015625,18,1479.1640625
1779138598.9824574,1004,2.3550624973722734,3.725324997503776,0.0,1047.66015625,18,1479.1640625
1779138598.982458,1005,2.3550624973722734,3.7254124981700443,0.0,1047.66015625,18,1479.1640625
1779138598.9824588,1006,2.3550624973722734,3.7255124989314936,0.0,1047.66015625,18,1479.1640625
1779138598.9824595,1007,2.3550624973722734,3.725612499692943,0.0,1047.66015625,18,1479.1640625
1779138599.023021,1008,1.4643124995927792,2.8677999980573077,23.1,1047.6640625,18,1479.1640625
1779138599.0230248,1009,1.4643124995927792,2.868125000532018,23.1,1047.6640625,18,1479.1640625
1779138599.023026,1010,1.4643124995927792,2.868262497941032,23.1,1047.6640625,18,1479.1640625
1779138599.0230267,1011,1.4643124995927792,2.8683499986073,23.1,1047.6640625,18,1479.1640625
1779138599.0230277,1012,1.4643124995927792,2.8684624994639307,23.1,1047.6640625,18,1479.1640625
1779138599.0230281,1013,1.4643124995927792,2.868550000130199,23.1,1047.6640625,18,1479.1640625
1779138599.0230293,1014,1.4643124995927792,2.8686625009868294,23.1,1047.6640625,18,1479.1640625
1779138599.02303,1015,1.4643124995927792,2.8687374979199376,23.1,1047.6640625,18,1479.1640625
1779138599.0668254,1016,1.6867999984242488,3.08729999960633,0.0,1047.6640625,18,1479.1640625
1779138599.0668283,1017,1.6867999984242488,3.087512497586431,0.0,1047.6640625,18,1479.1640625
1779138599.066829,1018,1.6867999984242488,3.087599998252699,0.0,1047.6640625,18,1479.1640625
1779138599.06683,1019,1.6867999984242488,3.0876874989189673,0.0,1047.6640625,18,1479.1640625
1779138599.066835,1020,1.6867999984242488,3.0883500003255904,0.0,1047.6640625,18,1479.1640625
1779138599.0668356,1021,1.6867999984242488,3.0884374973538797,0.0,1047.6640625,18,1479.1640625
1779138599.066836,1022,1.6867999984242488,3.0884999978297856,0.0,1047.6640625,18,1479.1640625
1779138599.0668368,1023,1.6867999984242488,3.0885499982105102,0.0,1047.6640625,18,1479.1640625
1779138599.1090143,1024,1.5961624994815793,2.9099749990564305,0.0,1047.66796875,18,1479.1640625
1779138599.1090178,1025,1.5961624994815793,2.9102624976076186,0.0,1047.66796875,18,1479.1640625
1779138599.1090186,1026,1.5961624994815793,2.9103499982738867,0.0,1047.66796875,18,1479.1640625
1779138599.1090193,1027,1.5961624994815793,2.910437498940155,0.0,1047.66796875,18,1479.1640625
1779138599.10902,1028,1.5961624994815793,2.910512499511242,0.0,1047.66796875,18,1479.1640625
1779138599.1090207,1029,1.5961624994815793,2.91060000017751,0.0,1047.66796875,18,1479.1640625
1779138599.1090212,1030,1.5961624994815793,2.9106749971106183,0.0,1047.66796875,18,1479.1640625
1779138599.1090217,1031,1.5961624994815793,2.9107499976817053,0.0,1047.66796875,18,1479.1640625
1779138599.1640935,1032,1.3785875016765203,4.212474999803817,22.9,1047.671875,18,1479.1640625
1779138599.1640975,1033,1.3785875016765203,4.212787502183346,22.9,1047.671875,18,1479.1640625
1779138599.1640985,1034,1.3785875016765203,4.21292499959236,22.9,1047.671875,18,1479.1640625
1779138599.1640992,1035,1.3785875016765203,4.2130250003538094,22.9,1047.671875,18,1479.1640625
1779138599.1641006,1036,1.3785875016765203,4.213162501400802,22.9,1047.671875,18,1479.1640625
1779138599.1641014,1037,1.3785875016765203,4.213275002257433,22.9,1047.671875,18,1479.1640625
1779138599.1641023,1038,1.3785875016765203,4.2133874994760845,22.9,1047.671875,18,1479.1640625
1779138599.164103,1039,1.3785875016765203,4.2134625000471715,22.9,1047.671875,18,1479.1640625
1779138599.223657,1040,1.732112497847993,3.1667749972257297,20.0,1047.67578125,18,1479.1640625
1779138599.223664,1041,1.732112497847993,3.167374998156447,20.0,1047.67578125,18,1479.1640625
1779138599.2236662,1042,1.732112497847993,3.167612499964889,20.0,1047.67578125,18,1479.1640625
1779138599.2236676,1043,1.732112497847993,3.167799997754628,20.0,1047.67578125,18,1479.1640625
1779138599.223669,1044,1.732112497847993,3.167962498991983,20.0,1047.67578125,18,1479.1640625
1779138599.2236702,1045,1.732112497847993,3.1681249965913594,20.0,1047.67578125,18,1479.1640625
1779138599.2236714,1046,1.732112497847993,3.1682874978287145,20.0,1047.67578125,18,1479.1640625
1779138599.2236729,1047,1.732112497847993,3.1684374989708886,20.0,1047.67578125,18,1479.1640625
1779138599.2705715,1048,1.884662498923717,3.2458249988849275,13.3,1047.67578125,11,1479.1640625
1779138599.2705746,1049,1.884662498923717,3.2460625006933697,13.3,1047.67578125,11,1479.1640625
1779138599.270575,1050,1.884662498923717,3.2461375012644567,13.3,1047.67578125,11,1479.1640625
1779138599.2705755,1051,1.884662498923717,3.2462000017403625,13.3,1047.67578125,11,1479.1640625
1779138599.2705765,1052,1.884662498923717,3.2462624985782895,13.3,1047.67578125,11,1479.1640625
1779138599.270577,1053,1.884662498923717,3.2463374991493765,13.3,1047.67578125,11,1479.1640625
1779138599.2705774,1054,1.884662498923717,3.2463999996252824,13.3,1047.67578125,11,1479.1640625
1779138599.270578,1055,1.884662498923717,3.246462500101188,13.3,1047.67578125,11,1479.1640625
1779138599.3088953,1056,1.3478625005518552,2.666575001057936,0.0,1047.6796875,11,1479.1640625
1779138599.3088977,1057,1.3478625005518552,2.666787499038037,0.0,1047.6796875,11,1479.1640625
1779138599.3088982,1058,1.3478625005518552,2.6668499995139427,0.0,1047.6796875,11,1479.1640625
1779138599.3089006,1059,1.3478625005518552,2.6671125015127473,0.0,1047.6796875,11,1479.1640625
1779138599.308901,1060,1.3478625005518552,2.6671874984458555,0.0,1047.6796875,11,1479.1640625
1779138599.3089015,1061,1.3478625005518552,2.66723749882658,0.0,1047.6796875,11,1479.1640625
1779138599.3089018,1062,1.3478625005518552,2.667299999302486,0.0,1047.6796875,11,1479.1640625
1779138599.3089025,1063,1.3478625005518552,2.667362499778392,0.0,1047.6796875,11,1479.1640625
1779138599.3481972,1064,1.422125002136454,2.744400000665337,10.0,1047.6875,11,1479.1640625
1779138599.3481994,1065,1.422125002136454,2.7446000021882355,10.0,1047.6875,11,1479.1640625
1779138599.3482,1066,1.422125002136454,2.7446625026641414,10.0,1047.6875,11,1479.1640625
1779138599.3482008,1067,1.422125002136454,2.7447374995972496,10.0,1047.6875,11,1479.1640625
1779138599.3482013,1068,1.422125002136454,2.7448000000731554,10.0,1047.6875,11,1479.1640625
1779138599.3482018,1069,1.422125002136454,2.7448750006442424,10.0,1047.6875,11,1479.1640625
1779138599.3482022,1070,1.422125002136454,2.7449375011201482,10.0,1047.6875,11,1479.1640625
1779138599.3482027,1071,1.422125002136454,2.745000001596054,10.0,1047.6875,11,1479.1640625
1779138599.388335,1072,1.3174000014259946,2.6782250024552923,0.0,1047.6875,11,1479.1640625
1779138599.3883374,1073,1.3174000014259946,2.678412500245031,0.0,1047.6875,11,1479.1640625
1779138599.3883379,1074,1.3174000014259946,2.678487500816118,0.0,1047.6875,11,1479.1640625
1779138599.3883383,1075,1.3174000014259946,2.678550001292024,0.0,1047.6875,11,1479.1640625
1779138599.388339,1076,1.3174000014259946,2.6786125017679296,0.0,1047.6875,11,1479.1640625
1779138599.3883395,1077,1.3174000014259946,2.6786625021486543,0.0,1047.6875,11,1479.1640625
1779138599.38834,1078,1.3174000014259946,2.67872500262456,0.0,1047.6875,11,1479.1640625
1779138599.388346,1079,1.3174000014259946,2.6794625009642914,0.0,1047.6875,11,1479.1640625
1779138599.4297814,1080,1.7340625017823186,3.0855875011184253,21.4,1047.69140625,11,1479.1640625
1779138599.429784,1081,1.7340625017823186,3.085787499003345,21.4,1047.69140625,11,1479.1640625
1779138599.4297848,1082,1.7340625017823186,3.085862499574432,21.4,1047.69140625,11,1479.1640625
1779138599.4297853,1083,1.7340625017823186,3.085925000050338,21.4,1047.69140625,11,1479.1640625
1779138599.429786,1084,1.7340625017823186,3.085987500526244,21.4,1047.69140625,11,1479.1640625
1779138599.4297864,1085,1.7340625017823186,3.0860375009069685,21.4,1047.69140625,11,1479.1640625
1779138599.4297867,1086,1.7340625017823186,3.0861000013828743,21.4,1047.69140625,11,1479.1640625
1779138599.4297872,1087,1.7340625017823186,3.086150001763599,21.4,1047.69140625,11,1479.1640625
1779138599.4819825,1088,2.136975002940744,3.5020000032091048,0.0,1047.6953125,11,1479.1640625
1779138599.481985,1089,2.136975002940744,3.5022000010940246,0.0,1047.6953125,11,1479.1640625
1779138599.4819856,1090,2.136975002940744,3.5022750016651116,0.0,1047.6953125,11,1479.1640625
1779138599.4819863,1091,2.136975002940744,3.5023375021410175,0.0,1047.6953125,11,1479.1640625
1779138599.4819865,1092,2.136975002940744,3.5024000026169233,0.0,1047.6953125,11,1479.1640625
1779138599.481987,1093,2.136975002940744,3.502462503092829,0.0,1047.6953125,11,1479.1640625
1779138599.4819875,1094,2.136975002940744,3.502524999930756,0.0,1047.6953125,11,1479.1640625
1779138599.4819882,1095,2.136975002940744,3.502587500406662,0.0,1047.6953125,11,1479.1640625
1779138599.52238,1096,1.405137500114506,2.8200249980727676,18.8,1047.6953125,11,1479.1640625
1779138599.5223827,1097,1.405137500114506,2.82026249988121,18.8,1047.6953125,11,1479.1640625
1779138599.5223904,1098,1.405137500114506,2.8211999997438397,18.8,1047.6953125,11,1479.1640625
1779138599.5223908,1099,1.405137500114506,2.8212625002197456,18.8,1047.6953125,11,1479.1640625
1779138599.5223916,1100,1.405137500114506,2.8213374971528538,18.8,1047.6953125,11,1479.1640625
1779138599.5223958,1101,1.405137500114506,2.8218874977028463,18.8,1047.6953125,11,1479.1640625
1779138599.5223963,1102,1.405137500114506,2.8219624982739333,18.8,1047.6953125,11,1479.1640625
1779138599.522397,1103,1.405137500114506,2.822024998749839,18.8,1047.6953125,11,1479.1640625
1779138599.5619247,1104,1.4723124986630864,2.7919124986510724,33.3,1047.69921875,11,1479.1640625
1779138599.5619273,1105,1.4723124986630864,2.7921375003643334,33.3,1047.69921875,11,1479.1640625
1779138599.561928,1106,1.4723124986630864,2.7922124972974416,33.3,1047.69921875,11,1479.1640625
1779138599.5619287,1107,1.4723124986630864,2.7922874978685286,33.3,1047.69921875,11,1479.1640625
1779138599.5619292,1108,1.4723124986630864,2.7923749985347968,33.3,1047.69921875,11,1479.1640625
1779138599.5619297,1109,1.4723124986630864,2.7924374990107026,33.3,1047.69921875,11,1479.1640625
1779138599.5619304,1110,1.4723124986630864,2.7924999994866084,33.3,1047.69921875,11,1479.1640625
1779138599.561931,1111,1.4723124986630864,2.7925750000576954,33.3,1047.69921875,11,1479.1640625
1779138599.6032398,1112,1.5299500009859912,2.8693250023934525,9.1,1047.69921875,11,1479.1640625
1779138599.6032422,1113,1.5299500009859912,2.8695375003735535,9.1,1047.69921875,11,1479.1640625
1779138599.603243,1114,1.5299500009859912,2.8696000008494593,9.1,1047.69921875,11,1479.1640625
1779138599.6032436,1115,1.5299500009859912,2.869662501325365,9.1,1047.69921875,11,1479.1640625
1779138599.6032438,1116,1.5299500009859912,2.869737501896452,9.1,1047.69921875,11,1479.1640625
1779138599.6032443,1117,1.5299500009859912,2.869800002372358,9.1,1047.69921875,11,1479.1640625
1779138599.603249,1118,1.5299500009859912,2.8703999996650964,9.1,1047.69921875,11,1479.1640625
1779138599.603251,1119,1.5299500009859912,2.8706125012831762,9.1,1047.69921875,11,1479.1640625
1779138599.6439075,1120,1.2838250004278962,2.6112375016964506,11.1,1047.7109375,11,1479.1640625
1779138599.6439106,1121,1.2838250004278962,2.611474999866914,11.1,1047.7109375,11,1479.1640625
1779138599.6439114,1122,1.2838250004278962,2.611562500533182,11.1,1047.7109375,11,1479.1640625
1779138599.6439116,1123,1.2838250004278962,2.611625001009088,11.1,1047.7109375,11,1479.1640625
1779138599.6439126,1124,1.2838250004278962,2.611687501484994,11.1,1047.7109375,11,1479.1640625
1779138599.6439128,1125,1.2838250004278962,2.6117500019608997,11.1,1047.7109375,11,1479.1640625
1779138599.6439133,1126,1.2838250004278962,2.6117999987036455,11.1,1047.7109375,11,1479.1640625
1779138599.6439137,1127,1.2838250004278962,2.6118624991795514,11.1,1047.7109375,11,1479.1640625
1779138599.6833713,1128,1.5746749995741993,2.92008749966044,0.0,1047.7109375,11,1479.1640625
1779138599.6833746,1129,1.5746749995741993,2.9203499980212655,0.0,1047.7109375,11,1479.1640625
1779138599.6833754,1130,1.5746749995741993,2.9204249985923525,0.0,1047.7109375,11,1479.1640625
1779138599.6833758,1131,1.5746749995741993,2.9204999991634395,0.0,1047.7109375,11,1479.1640625
1779138599.6833766,1132,1.5746749995741993,2.9205874998297077,0.0,1047.7109375,11,1479.1640625
1779138599.6833773,1133,1.5746749995741993,2.9206499966676347,0.0,1047.7109375,11,1479.1640625
1779138599.683378,1134,1.5746749995741993,2.9207249972387217,0.0,1047.7109375,11,1479.1640625
1779138599.6833782,1135,1.5746749995741993,2.9207874977146275,0.0,1047.7109375,11,1479.1640625
1779138599.7237656,1136,1.3366499988478608,2.687637497729156,16.7,1047.7109375,11,1479.1640625
1779138599.7237737,1137,1.3366499988478608,2.688562497496605,16.7,1047.7109375,11,1479.1640625
1779138599.7237744,1138,1.3366499988478608,2.688637498067692,16.7,1047.7109375,11,1479.1640625
1779138599.723775,1139,1.3366499988478608,2.688712498638779,16.7,1047.7109375,11,1479.1640625
1779138599.7237754,1140,1.3366499988478608,2.6887749991146848,16.7,1047.7109375,11,1479.1640625
1779138599.723776,1141,1.3366499988478608,2.6888249994954094,16.7,1047.7109375,11,1479.1640625
1779138599.7237766,1142,1.3366499988478608,2.6888874999713153,16.7,1047.7109375,11,1479.1640625
1779138599.723777,1143,1.3366499988478608,2.688950000447221,16.7,1047.7109375,11,1479.1640625
1779138599.765291,1144,1.3329875000636093,2.760762501566205,15.4,1047.71484375,11,1479.1640625
1779138599.7652938,1145,1.3329875000636093,2.760962499451125,15.4,1047.71484375,11,1479.1640625
1779138599.7652943,1146,1.3329875000636093,2.761037500022212,15.4,1047.71484375,11,1479.1640625
1779138599.7652948,1147,1.3329875000636093,2.761100000498118,15.4,1047.71484375,11,1479.1640625
1779138599.7652955,1148,1.3329875000636093,2.761187501164386,15.4,1047.71484375,11,1479.1640625
1779138599.7652962,1149,1.3329875000636093,2.761262501735473,15.4,1047.71484375,11,1479.1640625
1779138599.7652967,1150,1.3329875000636093,2.7613125021161977,15.4,1047.71484375,11,1479.1640625
1779138599.7652972,1151,1.3329875000636093,2.7613750025921036,15.4,1047.71484375,11,1479.1640625
1779138599.8064306,1152,1.3339874967641663,2.6817250000021886,0.0,1047.71875,18,1479.1640625
1779138599.806433,1153,1.3339874967641663,2.6819249978871085,0.0,1047.71875,18,1479.1640625
1779138599.8064334,1154,1.3339874967641663,2.6819874983630143,0.0,1047.71875,18,1479.1640625
1779138599.8064342,1155,1.3339874967641663,2.68204999883892,0.0,1047.71875,18,1479.1640625
1779138599.8064346,1156,1.3339874967641663,2.682112499314826,0.0,1047.71875,18,1479.1640625
1779138599.806439,1157,1.3339874967641663,2.682637499674456,0.0,1047.71875,18,1479.1640625
1779138599.8064392,1158,1.3339874967641663,2.6826999965123832,0.0,1047.71875,18,1479.1640625
1779138599.8064396,1159,1.3339874967641663,2.682762496988289,0.0,1047.71875,18,1479.1640625
1779138599.8464894,1160,1.3793375001114327,2.732087501499336,7.7,1047.72265625,18,1479.1640625
1779138599.8464918,1161,1.3793375001114327,2.7322999994794372,7.7,1047.72265625,18,1479.1640625
1779138599.8464925,1162,1.3793375001114327,2.7323750000505242,7.7,1047.72265625,18,1479.1640625
1779138599.846493,1163,1.3793375001114327,2.7324500006216113,7.7,1047.72265625,18,1479.1640625
1779138599.8464935,1164,1.3793375001114327,2.732512501097517,7.7,1047.72265625,18,1479.1640625
1779138599.8464942,1165,1.3793375001114327,2.732575001573423,7.7,1047.72265625,18,1479.1640625
1779138599.8464944,1166,1.3793375001114327,2.7326375020493288,7.7,1047.72265625,18,1479.1640625
1779138599.846495,1167,1.3793375001114327,2.7326875024300534,7.7,1047.72265625,18,1479.1640625
1779138599.8884747,1168,1.602087497303728,2.9356624982028734,0.0,1047.72265625,18,1479.1640625
1779138599.8884768,1169,1.602087497303728,2.935862499725772,0.0,1047.72265625,18,1479.1640625
1779138599.8884778,1170,1.602087497303728,2.935937500296859,0.0,1047.72265625,18,1479.1640625
1779138599.8884783,1171,1.602087497303728,2.935999997134786,0.0,1047.72265625,18,1479.1640625
1779138599.8884788,1172,1.602087497303728,2.936062497610692,0.0,1047.72265625,18,1479.1640625
1779138599.8884792,1173,1.602087497303728,2.936137498181779,0.0,1047.72265625,18,1479.1640625
1779138599.8884797,1174,1.602087497303728,2.9361999986576848,0.0,1047.72265625,18,1479.1640625
1779138599.8884802,1175,1.602087497303728,2.9362624991335906,0.0,1047.72265625,18,1479.1640625
1779138599.928889,1176,1.4988375005486887,2.9329874996619765,10.0,1047.734375,18,1479.1640625
1779138599.928892,1177,1.4988375005486887,2.9332000012800563,10.0,1047.734375,18,1479.1640625
1779138599.9288926,1178,1.4988375005486887,2.9332750018511433,10.0,1047.734375,18,1479.1640625
1779138599.928893,1179,1.4988375005486887,2.9333500024222303,10.0,1047.734375,18,1479.1640625
1779138599.9288938,1180,1.4988375005486887,2.9334374994505197,10.0,1047.734375,18,1479.1640625
1779138599.9288943,1181,1.4988375005486887,2.9334999999264255,10.0,1047.734375,18,1479.1640625
1779138599.928895,1182,1.4988375005486887,2.9335750004975125,10.0,1047.734375,18,1479.1640625
1779138599.9288952,1183,1.4988375005486887,2.933625000878237,10.0,1047.734375,18,1479.1640625
1779138600.0077753,1184,2.997375002451008,4.503025000303751,4.8,1047.734375,18,1479.1640625
1779138600.0077784,1185,2.997375002451008,4.503275002207374,4.8,1047.734375,18,1479.1640625
1779138600.0077794,1186,2.997375002451008,4.503374999330845,4.8,1047.734375,18,1479.1640625
1779138600.0077798,1187,2.997375002451008,4.503462499997113,4.8,1047.734375,18,1479.1640625
1779138600.0077803,1188,2.997375002451008,4.503525000473019,4.8,1047.734375,18,1479.1640625
1779138600.007781,1189,2.997375002451008,4.503600001044106,4.8,1047.734375,18,1479.1640625
1779138600.0077817,1190,2.997375002451008,4.503675001615193,4.8,1047.734375,18,1479.1640625
1779138600.0077822,1191,2.997375002451008,4.50375000218628,4.8,1047.734375,18,1479.1640625
1779138600.063737,1192,1.8719125000643544,3.2490375015186146,33.3,1047.734375,18,1479.1640625
1779138600.0637393,1193,1.8719125000643544,3.2492499994987156,33.3,1047.734375,18,1479.1640625
1779138600.0637403,1194,1.8719125000643544,3.249337500164984,33.3,1047.734375,18,1479.1640625
1779138600.063741,1195,1.8719125000643544,3.2494000006408896,33.3,1047.734375,18,1479.1640625
1779138600.0637462,1196,1.8719125000643544,3.2501125024282373,33.3,1047.734375,18,1479.1640625
1779138600.0637472,1197,1.8719125000643544,3.2501875029993244,33.3,1047.734375,18,1479.1640625
1779138600.0637476,1198,1.8719125000643544,3.2502624999324325,33.3,1047.734375,18,1479.1640625
1779138600.0637481,1199,1.8719125000643544,3.2503250004083384,33.3,1047.734375,18,1479.1640625
1779138600.107324,1200,1.4470749993051868,2.811987498716917,0.0,1047.73828125,18,1479.1640625
1779138600.1073265,1201,1.4470749993051868,2.8122000003349967,0.0,1047.73828125,18,1479.1640625
1779138600.107327,1202,1.4470749993051868,2.8122750009060837,0.0,1047.73828125,18,1479.1640625
1779138600.1073275,1203,1.4470749993051868,2.8123374977440108,0.0,1047.73828125,18,1479.1640625
1779138600.107328,1204,1.4470749993051868,2.8123999982199166,0.0,1047.73828125,18,1479.1640625
1779138600.1073284,1205,1.4470749993051868,2.8124624986958224,0.0,1047.73828125,18,1479.1640625
1779138600.1073291,1206,1.4470749993051868,2.8125249991717283,0.0,1047.73828125,18,1479.1640625
1779138600.1073296,1207,1.4470749993051868,2.812574999552453,0.0,1047.73828125,18,1479.1640625
1779138600.1470072,1208,1.3603750012407545,2.795100001094397,10.0,1047.7421875,18,1479.1640625
1779138600.1470103,1209,1.3603750012407545,2.7953499993600417,10.0,1047.7421875,18,1479.1640625
1779138600.147011,1210,1.3603750012407545,2.7954249999311287,10.0,1047.7421875,18,1479.1640625
1779138600.1470115,1211,1.3603750012407545,2.795512500597397,10.0,1047.7421875,18,1479.1640625
1779138600.147012,1212,1.3603750012407545,2.7955625009781215,10.0,1047.7421875,18,1479.1640625
1779138600.1470127,1213,1.3603750012407545,2.795612501358846,10.0,1047.7421875,18,1479.1640625
1779138600.147013,1214,1.3603750012407545,2.795675001834752,10.0,1047.7421875,18,1479.1640625
1779138600.1470175,1215,1.3603750012407545,2.796237498841947,10.0,1047.7421875,18,1479.1640625
1779138600.1888082,1216,1.4346874995680992,2.8232874974492006,11.1,1047.74609375,18,1479.1640625
1779138600.1888108,1217,1.4346874995680992,2.8235124991624616,11.1,1047.74609375,18,1479.1640625
1779138600.1888115,1218,1.4346874995680992,2.8235749996383674,11.1,1047.74609375,18,1479.1640625
1779138600.188812,1219,1.4346874995680992,2.8236375001142733,11.1,1047.74609375,18,1479.1640625
1779138600.1888125,1220,1.4346874995680992,2.8237124970473815,11.1,1047.74609375,18,1479.1640625
1779138600.188813,1221,1.4346874995680992,2.8237874976184685,11.1,1047.74609375,18,1479.1640625
1779138600.1888137,1222,1.4346874995680992,2.8238499980943743,11.1,1047.74609375,18,1479.1640625
1779138600.1888142,1223,1.4346874995680992,2.823899998475099,11.1,1047.74609375,18,1479.1640625
1779138600.2277741,1224,1.3369125008466654,2.6921124990622047,11.1,1047.74609375,18,1479.1640625
1779138600.2277772,1225,1.3369125008466654,2.692362500965828,11.1,1047.74609375,18,1479.1640625
1779138600.2277777,1226,1.3369125008466654,2.6924125013465527,11.1,1047.74609375,18,1479.1640625
1779138600.2277782,1227,1.3369125008466654,2.6924875019176397,11.1,1047.74609375,18,1479.1640625
1779138600.227779,1228,1.3369125008466654,2.6925375022983644,11.1,1047.74609375,18,1479.1640625
1779138600.2277792,1229,1.3369125008466654,2.6925999991362914,11.1,1047.74609375,18,1479.1640625
1779138600.2277796,1230,1.3369125008466654,2.6926624996121973,11.1,1047.74609375,18,1479.1640625
1779138600.22778,1231,1.3369125008466654,2.692725000088103,11.1,1047.74609375,18,1479.1640625
1779138600.2698936,1232,1.480124999943655,2.858100000594277,15.4,1047.74609375,18,1479.1640625
1779138600.2698977,1233,1.480124999943655,2.8584249994310085,15.4,1047.74609375,18,1479.1640625
1779138600.2698984,1234,1.480124999943655,2.858525000192458,15.4,1047.74609375,18,1479.1640625
1779138600.2699022,1235,1.480124999943655,2.8590000001713634,15.4,1047.74609375,18,1479.1640625
1779138600.2699032,1236,1.480124999943655,2.859112497390015,15.4,1047.74609375,18,1479.1640625
1779138600.2699041,1237,1.480124999943655,2.8592249982466456,15.4,1047.74609375,18,1479.1640625
1779138600.2699049,1238,1.480124999943655,2.8593124989129137,15.4,1047.74609375,18,1479.1640625
1779138600.2699056,1239,1.480124999943655,2.859412499674363,15.4,1047.74609375,18,1479.1640625
1779138600.315413,1240,1.5409375009767246,2.9232624983706046,18.2,1047.7578125,17,1479.1640625
1779138600.3154156,1241,1.5409375009767246,2.923449999798322,18.2,1047.7578125,17,1479.1640625
1779138600.3154163,1242,1.5409375009767246,2.923512500274228,18.2,1047.7578125,17,1479.1640625
1779138600.3154166,1243,1.5409375009767246,2.923587500845315,18.2,1047.7578125,17,1479.1640625
1779138600.3154173,1244,1.5409375009767246,2.923662501416402,18.2,1047.7578125,17,1479.1640625
1779138600.3154216,1245,1.5409375009767246,2.924224998423597,18.2,1047.7578125,17,1479.1640625
1779138600.3154223,1246,1.5409375009767246,2.9242874988995027,18.2,1047.7578125,17,1479.1640625
1779138600.3154228,1247,1.5409375009767246,2.9243374992802273,18.2,1047.7578125,17,1479.1640625
1779138600.3543744,1248,1.375949999783188,2.730175001488533,0.0,1047.7578125,17,1479.1640625
1779138600.3543773,1249,1.375949999783188,2.7304124996589962,0.0,1047.7578125,17,1479.1640625
1779138600.354378,1250,1.375949999783188,2.7305000003252644,0.0,1047.7578125,17,1479.1640625
1779138600.3543785,1251,1.375949999783188,2.7305875009915326,0.0,1047.7578125,17,1479.1640625
1779138600.3543792,1252,1.375949999783188,2.7306500014674384,0.0,1047.7578125,17,1479.1640625
1779138600.35438,1253,1.375949999783188,2.7307250020385254,0.0,1047.7578125,17,1479.1640625
1779138600.3543851,1254,1.375949999783188,2.731399999902351,0.0,1047.7578125,17,1479.1640625
1779138600.3543859,1255,1.375949999783188,2.731475000473438,0.0,1047.7578125,17,1479.1640625
1779138600.3995478,1256,1.6319250025844667,3.008687501278473,33.3,1047.76171875,17,1479.1640625
1779138600.3995507,1257,1.6319250025844667,3.0088875028013717,33.3,1047.76171875,17,1479.1640625
1779138600.3995512,1258,1.6319250025844667,3.00896249973448,33.3,1047.76171875,17,1479.1640625
1779138600.3995516,1259,1.6319250025844667,3.009037500305567,33.3,1047.76171875,17,1479.1640625
1779138600.3995523,1260,1.6319250025844667,3.0091000007814728,33.3,1047.76171875,17,1479.1640625
1779138600.3995528,1261,1.6319250025844667,3.0091625012573786,33.3,1047.76171875,17,1479.1640625
1779138600.3995533,1262,1.6319250025844667,3.0092250017332844,33.3,1047.76171875,17,1479.1640625
1779138600.3995538,1263,1.6319250025844667,3.009275002114009,33.3,1047.76171875,17,1479.1640625
1779138600.4436119,1264,1.5318000005208887,2.9324875031306874,29.4,1047.82421875,17,1479.1640625
1779138600.4436147,1265,1.5318000005208887,2.9327250013011508,29.4,1047.82421875,17,1479.1640625
1779138600.4436152,1266,1.5318000005208887,2.9328000018722378,29.4,1047.82421875,17,1479.1640625
1779138600.443616,1267,1.5318000005208887,2.932887502538506,29.4,1047.82421875,17,1479.1640625
1779138600.4436166,1268,1.5318000005208887,2.9329500030144118,29.4,1047.82421875,17,1479.1640625
1779138600.443617,1269,1.5318000005208887,2.93302499994752,29.4,1047.82421875,17,1479.1640625
1779138600.4436178,1270,1.5318000005208887,2.933100000518607,29.4,1047.82421875,17,1479.1640625
1779138600.443618,1271,1.5318000005208887,2.933162500994513,29.4,1047.82421875,17,1479.1640625
1779138600.4830515,1272,1.4620125002693385,2.803012503136415,0.0,1047.82421875,17,1479.1640625
1779138600.4830554,1273,1.4620125002693385,2.8033125017827842,0.0,1047.82421875,17,1479.1640625
1779138600.4830568,1274,1.4620125002693385,2.8034750030201394,0.0,1047.82421875,17,1479.1640625
1779138600.4830577,1275,1.4620125002693385,2.80357500014361,0.0,1047.82421875,17,1479.1640625
1779138600.4830582,1276,1.4620125002693385,2.8036375006195158,0.0,1047.82421875,17,1479.1640625
1779138600.4830587,1277,1.4620125002693385,2.803712501190603,0.0,1047.82421875,17,1479.1640625
1779138600.4830594,1278,1.4620125002693385,2.803812501952052,0.0,1047.82421875,17,1479.1640625
1779138600.48306,1279,1.4620125002693385,2.803875002427958,0.0,1047.82421875,17,1479.1640625
1779138600.5262556,1280,1.4737874989805277,2.870374999474734,10.0,1047.82421875,17,1479.1640625
1779138600.5262585,1281,1.4737874989805277,2.8706250013783574,10.0,1047.82421875,17,1479.1640625
1779138600.5262592,1282,1.4737874989805277,2.8707000019494444,10.0,1047.82421875,17,1479.1640625
1779138600.5262597,1283,1.4737874989805277,2.8707749988825526,10.0,1047.82421875,17,1479.1640625
1779138600.5262601,1284,1.4737874989805277,2.8708249992632773,10.0,1047.82421875,17,1479.1640625
1779138600.5262609,1285,1.4737874989805277,2.8708999998343643,10.0,1047.82421875,17,1479.1640625
1779138600.5262613,1286,1.4737874989805277,2.87096250031027,10.0,1047.82421875,17,1479.1640625
1779138600.5262618,1287,1.4737874989805277,2.871025000786176,10.0,1047.82421875,17,1479.1640625
1779138600.5749228,1288,1.6122749984788243,3.008374998898944,0.0,1047.82421875,17,1479.1640625
1779138600.5749254,1289,1.6122749984788243,3.0085875005170237,0.0,1047.82421875,17,1479.1640625
1779138600.5749261,1290,1.6122749984788243,3.0086625010881107,0.0,1047.82421875,17,1479.1640625
1779138600.5749264,1291,1.6122749984788243,3.0087125014688354,0.0,1047.82421875,17,1479.1640625
1779138600.574927,1292,1.6122749984788243,3.0087874984019436,0.0,1047.82421875,17,1479.1640625
1779138600.5749276,1293,1.6122749984788243,3.0088749990682118,0.0,1047.82421875,17,1479.1640625
1779138600.5749283,1294,1.6122749984788243,3.008974999829661,0.0,1047.82421875,17,1479.1640625
1779138600.574929,1295,1.6122749984788243,3.0090250002103858,0.0,1047.82421875,17,1479.1640625
1779138600.6105845,1296,1.3639249991683755,2.729812498728279,50.0,1047.82421875,17,1479.1640625
1779138600.6105874,1297,1.3639249991683755,2.730050000536721,50.0,1047.82421875,17,1479.1640625
1779138600.6105878,1298,1.3639249991683755,2.7301124973746482,50.0,1047.82421875,17,1479.1640625
1779138600.6105883,1299,1.3639249991683755,2.730174997850554,50.0,1047.82421875,17,1479.1640625
1779138600.610589,1300,1.3639249991683755,2.7302249982312787,50.0,1047.82421875,17,1479.1640625
1779138600.6105893,1301,1.3639249991683755,2.7302874987071846,50.0,1047.82421875,17,1479.1640625
1779138600.6105897,1302,1.3639249991683755,2.7303499991830904,50.0,1047.82421875,17,1479.1640625
1779138600.6105902,1303,1.3639249991683755,2.7304124996589962,50.0,1047.82421875,17,1479.1640625
1779138600.64837,1304,1.406437499099411,2.8290999980526976,5.4,1047.82421875,17,1479.1640625
1779138600.6483724,1305,1.406437499099411,2.8292999995755963,5.4,1047.82421875,17,1479.1640625
1779138600.648373,1306,1.406437499099411,2.829362500051502,5.4,1047.82421875,17,1479.1640625
1779138600.6483736,1307,1.406437499099411,2.829425000527408,5.4,1047.82421875,17,1479.1640625
1779138600.648374,1308,1.406437499099411,2.829487497365335,5.4,1047.82421875,17,1479.1640625
1779138600.6483746,1309,1.406437499099411,2.829549997841241,5.4,1047.82421875,17,1479.1640625
1779138600.6483748,1310,1.406437499099411,2.8295999982219655,5.4,1047.82421875,17,1479.1640625
1779138600.6483753,1311,1.406437499099411,2.82964999860269,5.4,1047.82421875,17,1479.1640625
1779138600.6881533,1312,1.4267125006881543,2.79190000219387,16.7,1047.82421875,17,1479.1640625
1779138600.688156,1313,1.4267125006881543,2.7920749998884276,16.7,1047.82421875,17,1479.1640625
1779138600.6881564,1314,1.4267125006881543,2.7921500004595146,16.7,1047.82421875,17,1479.1640625
1779138600.6881566,1315,1.4267125006881543,2.7922125009354204,16.7,1047.82421875,17,1479.1640625
1779138600.6881576,1316,1.4267125006881543,2.792262501316145,16.7,1047.82421875,17,1479.1640625
1779138600.6881578,1317,1.4267125006881543,2.792325001792051,16.7,1047.82421875,17,1479.1640625
1779138600.6881583,1318,1.4267125006881543,2.7923750021727756,16.7,1047.82421875,17,1479.1640625
1779138600.6881588,1319,1.4267125006881543,2.7924374990107026,16.7,1047.82421875,17,1479.1640625
1779138600.7269628,1320,1.4442125029745512,2.8597375021490734,18.8,1047.82421875,17,1479.1640625
1779138600.726965,1321,1.4442125029745512,2.859925003576791,18.8,1047.82421875,17,1479.1640625
1779138600.7269654,1322,1.4442125029745512,2.860000000509899,18.8,1047.82421875,17,1479.1640625
1779138600.726966,1323,1.4442125029745512,2.860062500985805,18.8,1047.82421875,17,1479.1640625
1779138600.7269666,1324,1.4442125029745512,2.8601125013665296,18.8,1047.82421875,17,1479.1640625
1779138600.7269669,1325,1.4442125029745512,2.8601625017472543,18.8,1047.82421875,17,1479.1640625
1779138600.7269673,1326,1.4442125029745512,2.86022500222316,18.8,1047.82421875,17,1479.1640625
1779138600.7269678,1327,1.4442125029745512,2.860275002603885,18.8,1047.82421875,17,1479.1640625
1779138600.7649436,1328,1.3201000001572538,2.7436375021352433,18.8,1047.82421875,17,1479.1640625
1779138600.764946,1329,1.3201000001572538,2.743837500020163,18.8,1047.82421875,17,1479.1640625
1779138600.7649467,1330,1.3201000001572538,2.74391250059125,18.8,1047.82421875,17,1479.1640625
1779138600.7649472,1331,1.3201000001572538,2.743987501162337,18.8,1047.82421875,17,1479.1640625
1779138600.7649477,1332,1.3201000001572538,2.744062501733424,18.8,1047.82421875,17,1479.1640625
1779138600.7649481,1333,1.3201000001572538,2.74412500220933,18.8,1047.82421875,17,1479.1640625
1779138600.7649484,1334,1.3201000001572538,2.744187502685236,18.8,1047.82421875,17,1479.1640625
1779138600.7649493,1335,1.3201000001572538,2.7442375030659605,18.8,1047.82421875,17,1479.1640625
1779138600.8060794,1336,1.6986000009637792,3.0596875003539026,22.2,1045.4921875,19,1479.1640625
1779138600.8060822,1337,1.6986000009637792,3.0599250021623448,22.2,1045.4921875,19,1479.1640625
1779138600.806083,1338,1.6986000009637792,3.0600000027334318,22.2,1045.4921875,19,1479.1640625
1779138600.8060837,1339,1.6986000009637792,3.0600625032093376,22.2,1045.4921875,19,1479.1640625
1779138600.8060842,1340,1.6986000009637792,3.060150000237627,22.2,1045.4921875,19,1479.1640625
1779138600.8060846,1341,1.6986000009637792,3.0602000006183516,22.2,1045.4921875,19,1479.1640625
1779138600.806085,1342,1.6986000009637792,3.0602500009990763,22.2,1045.4921875,19,1479.1640625
1779138600.8060853,1343,1.6986000009637792,3.060300001379801,22.2,1045.4921875,19,1479.1640625
1779138600.848165,1344,1.2903749993711244,2.6434499995957594,6.7,1048.33984375,19,1479.1640625
1779138600.8481677,1345,1.2903749993711244,2.6436750013090204,6.7,1048.33984375,19,1479.1640625
1779138600.8481684,1346,1.2903749993711244,2.6437500018801074,6.7,1048.33984375,19,1479.1640625
1779138600.8481688,1347,1.2903749993711244,2.6438125023560133,6.7,1048.33984375,19,1479.1640625
1779138600.8481696,1348,1.2903749993711244,2.6438749991939403,6.7,1048.33984375,19,1479.1640625
1779138600.84817,1349,1.2903749993711244,2.643937499669846,6.7,1048.33984375,19,1479.1640625
1779138600.8481705,1350,1.2903749993711244,2.644000000145752,6.7,1048.33984375,19,1479.1640625
1779138600.848171,1351,1.2903749993711244,2.644075000716839,6.7,1048.33984375,19,1479.1640625
1779138600.8874698,1352,1.458275000914,2.8649125015363097,0.0,1046.97265625,19,1479.1640625
1779138600.8874762,1353,1.458275000914,2.8654000016103964,0.0,1046.97265625,19,1479.1640625
1779138600.8874774,1354,1.458275000914,2.865574999304954,0.0,1046.97265625,19,1479.1640625
1779138600.8874788,1355,1.458275000914,2.865737500542309,0.0,1046.97265625,19,1479.1640625
1779138600.88748,1356,1.458275000914,2.865887501684483,0.0,1046.97265625,19,1479.1640625
1779138600.887481,1357,1.458275000914,2.8660374991886783,0.0,1046.97265625,19,1479.1640625
1779138600.8874824,1358,1.458275000914,2.866175000235671,0.0,1046.97265625,19,1479.1640625
1779138600.8874843,1359,1.458275000914,2.866437498596497,0.0,1046.97265625,19,1479.1640625
1779138600.9613948,1360,2.355275002628332,3.7239125013002194,14.3,1046.97265625,19,1479.1640625
1779138600.9613972,1361,2.355275002628332,3.724087502632756,14.3,1046.97265625,19,1479.1640625
1779138600.9613976,1362,2.355275002628332,3.724162499565864,14.3,1046.97265625,19,1479.1640625
1779138600.9613984,1363,2.355275002628332,3.7242124999465887,14.3,1046.97265625,19,1479.1640625
1779138600.9613988,1364,2.355275002628332,3.7242750004224945,14.3,1046.97265625,19,1479.1640625
1779138600.961399,1365,2.355275002628332,3.724325000803219,14.3,1046.97265625,19,1479.1640625
1779138600.9613996,1366,2.355275002628332,3.724375001183944,14.3,1046.97265625,19,1479.1640625
1779138600.9614,1367,2.355275002628332,3.7244375016598497,14.3,1046.97265625,19,1479.1640625
1779138600.998608,1368,1.4710875002492685,2.838787502696505,0.0,1047.63671875,19,1479.1640625
1779138600.9986112,1369,1.4710875002492685,2.839012500771787,0.0,1047.63671875,19,1479.1640625
1779138600.9986117,1370,1.4710875002492685,2.839087501342874,0.0,1047.63671875,19,1479.1640625
1779138600.9986124,1371,1.4710875002492685,2.839175002009142,0.0,1047.63671875,19,1479.1640625
1779138600.9986129,1372,1.4710875002492685,2.839237502485048,0.0,1047.63671875,19,1479.1640625
1779138600.9986134,1373,1.4710875002492685,2.8392875028657727,0.0,1047.63671875,19,1479.1640625
1779138600.9986138,1374,1.4710875002492685,2.8393374996085186,0.0,1047.63671875,19,1479.1640625
1779138600.9986143,1375,1.4710875002492685,2.8393874999892432,0.0,1047.63671875,19,1479.1640625
1779138601.0422957,1376,1.527312499092659,2.8472750018408988,0.0,1047.6953125,19,1479.1640625
1779138601.042298,1377,1.527312499092659,2.8474499995354563,0.0,1047.6953125,19,1479.1640625
1779138601.0422988,1378,1.527312499092659,2.8475375002017245,0.0,1047.6953125,19,1479.1640625
1779138601.0422995,1379,1.527312499092659,2.847587500582449,0.0,1047.6953125,19,1479.1640625
1779138601.0423,1380,1.527312499092659,2.8476750012487173,0.0,1047.6953125,19,1479.1640625
1779138601.0423007,1381,1.527312499092659,2.8477500018198043,0.0,1047.6953125,19,1479.1640625
1779138601.042301,1382,1.527312499092659,2.847800002200529,0.0,1047.6953125,19,1479.1640625
1779138601.0423014,1383,1.527312499092659,2.847862499038456,0.0,1047.6953125,19,1479.1640625
1779138601.0787628,1384,1.3531999975384679,2.71470000006957,0.0,1047.69921875,19,1479.1640625
1779138601.0787656,1385,1.3531999975384679,2.714924998144852,0.0,1047.69921875,19,1479.1640625
1779138601.0787663,1386,1.3531999975384679,2.714999998715939,0.0,1047.69921875,19,1479.1640625
1779138601.078767,1387,1.3531999975384679,2.7150999994773883,0.0,1047.69921875,19,1479.1640625
1779138601.0787675,1388,1.3531999975384679,2.715162499953294,0.0,1047.69921875,19,1479.1640625
1779138601.078768,1389,1.3531999975384679,2.7152250004292,0.0,1047.69921875,19,1479.1640625
1779138601.0787687,1390,1.3531999975384679,2.715299997362308,0.0,1047.69921875,19,1479.1640625
1779138601.0787694,1391,1.3531999975384679,2.7154124982189387,0.0,1047.69921875,19,1479.1640625
1779138601.1169193,1392,1.4897250002832152,2.837212501617614,4.5,1047.703125,19,1479.1640625
1779138601.116922,1393,1.4897250002832152,2.837424999597715,4.5,1047.703125,19,1479.1640625
1779138601.1169224,1394,1.4897250002832152,2.837500000168802,4.5,1047.703125,19,1479.1640625
1779138601.1169229,1395,1.4897250002832152,2.837562500644708,4.5,1047.703125,19,1479.1640625
1779138601.1169233,1396,1.4897250002832152,2.837625001120614,4.5,1047.703125,19,1479.1640625
1779138601.1169238,1397,1.4897250002832152,2.8376875015965197,4.5,1047.703125,19,1479.1640625
1779138601.1169245,1398,1.4897250002832152,2.8377375019772444,4.5,1047.703125,19,1479.1640625
1779138601.116925,1399,1.4897250002832152,2.837787502357969,4.5,1047.703125,19,1479.1640625
1779138601.152138,1400,1.2300625021453016,2.557387499109609,0.0,1047.84375,19,1479.1640625
1779138601.1521409,1401,1.2300625021453016,2.5576250009180512,0.0,1047.84375,19,1479.1640625
1779138601.1521413,1402,1.2300625021453016,2.557687501393957,0.0,1047.84375,19,1479.1640625
1779138601.1521418,1403,1.2300625021453016,2.557762501965044,0.0,1047.84375,19,1479.1640625
1779138601.1521425,1404,1.2300625021453016,2.5578374988981523,0.0,1047.84375,19,1479.1640625
1779138601.152145,1405,1.2300625021453016,2.5581500012776814,0.0,1047.84375,19,1479.1640625
1779138601.1521454,1406,1.2300625021453016,2.5582125017535873,0.0,1047.84375,19,1479.1640625
1779138601.1521459,1407,1.2300625021453016,2.558262502134312,0.0,1047.84375,19,1479.1640625
1779138601.1892896,1408,1.4117624996288214,2.8073124994989485,16.7,1047.98046875,19,1479.1640625
1779138601.1892922,1409,1.4117624996288214,2.807500000926666,16.7,1047.98046875,19,1479.1640625
1779138601.1892931,1410,1.4117624996288214,2.8076000016881153,16.7,1047.98046875,19,1479.1640625
1779138601.1892939,1411,1.4117624996288214,2.8076750022592023,16.7,1047.98046875,19,1479.1640625
1779138601.189294,1412,1.4117624996288214,2.8077374990971293,16.7,1047.98046875,19,1479.1640625
1779138601.1892946,1413,1.4117624996288214,2.807787499477854,16.7,1047.98046875,19,1479.1640625
1779138601.189295,1414,1.4117624996288214,2.8078374998585787,16.7,1047.98046875,19,1479.1640625
1779138601.1892953,1415,1.4117624996288214,2.8079000003344845,16.7,1047.98046875,19,1479.1640625
1779138601.2307012,1416,1.546987499750685,2.8525375018944032,0.0,1048.06640625,19,1479.1640625
1779138601.2307043,1417,1.546987499750685,2.852787500160048,0.0,1048.06640625,19,1479.1640625
1779138601.2307048,1418,1.546987499750685,2.852862500731135,0.0,1048.06640625,19,1479.1640625
1779138601.2307055,1419,1.546987499750685,2.8529250012070406,0.0,1048.06640625,19,1479.1640625
1779138601.230706,1420,1.546987499750685,2.8529875016829465,0.0,1048.06640625,19,1479.1640625
1779138601.2307065,1421,1.546987499750685,2.853037502063671,0.0,1048.06640625,19,1479.1640625
1779138601.230707,1422,1.546987499750685,2.853099998901598,0.0,1048.06640625,19,1479.1640625
1779138601.2307072,1423,1.546987499750685,2.853149999282323,0.0,1048.06640625,19,1479.1640625
1779138601.2726686,1424,1.430025000445312,2.769912502117222,27.3,1048.06640625,14,1479.1640625
1779138601.2726712,1425,1.430025000445312,2.770112500002142,27.3,1048.06640625,14,1479.1640625
1779138601.272672,1426,1.430025000445312,2.77020000066841,27.3,1048.06640625,14,1479.1640625
1779138601.2726724,1427,1.430025000445312,2.770250001049135,27.3,1048.06640625,14,1479.1640625
1779138601.2726731,1428,1.430025000445312,2.770325001620222,27.3,1048.06640625,14,1479.1640625
1779138601.2726736,1429,1.430025000445312,2.7703750020009466,27.3,1048.06640625,14,1479.1640625
1779138601.2726784,1430,1.430025000445312,2.770987499388866,27.3,1048.06640625,14,1479.1640625
1779138601.2726789,1431,1.430025000445312,2.771049999864772,27.3,1048.06640625,14,1479.1640625
1779138601.3105009,1432,1.3057249998382758,2.767575002508238,0.0,1048.07421875,14,1479.1640625
1779138601.3105037,1433,1.3057249998382758,2.767787500488339,0.0,1048.07421875,14,1479.1640625
1779138601.3105042,1434,1.3057249998382758,2.767850000964245,0.0,1048.07421875,14,1479.1640625
1779138601.3105047,1435,1.3057249998382758,2.767925001535332,0.0,1048.07421875,14,1479.1640625
1779138601.3105052,1436,1.3057249998382758,2.768000002106419,0.0,1048.07421875,14,1479.1640625
1779138601.3105056,1437,1.3057249998382758,2.7680500024871435,0.0,1048.07421875,14,1479.1640625
1779138601.3105063,1438,1.3057249998382758,2.7681249994202517,0.0,1048.07421875,14,1479.1640625
1779138601.3105068,1439,1.3057249998382758,2.7681749998009764,0.0,1048.07421875,14,1479.1640625
1779138601.349753,1440,1.3035000010859221,2.652287501405226,9.1,1048.078125,14,1479.1640625
1779138601.3497553,1441,1.3035000010859221,2.6524875029281247,9.1,1048.078125,14,1479.1640625
1779138601.3497562,1442,1.3035000010859221,2.652562499861233,9.1,1048.078125,14,1479.1640625
1779138601.3497567,1443,1.3035000010859221,2.65263750043232,9.1,1048.078125,14,1479.1640625
1779138601.3497572,1444,1.3035000010859221,2.6527000009082258,9.1,1048.078125,14,1479.1640625
1779138601.3497577,1445,1.3035000010859221,2.6527625013841316,9.1,1048.078125,14,1479.1640625
1779138601.3497581,1446,1.3035000010859221,2.6528250018600374,9.1,1048.078125,14,1479.1640625
1779138601.3497586,1447,1.3035000010859221,2.6528875023359433,9.1,1048.078125,14,1479.1640625
1779138601.391007,1448,1.5643250007997267,2.9554250031651463,36.4,1048.08203125,14,1479.1640625
1779138601.3910098,1449,1.5643250007997267,2.9556375011452474,36.4,1048.08203125,14,1479.1640625
1779138601.3910105,1450,1.5643250007997267,2.9557250018115155,36.4,1048.08203125,14,1479.1640625
1779138601.391011,1451,1.5643250007997267,2.9557875022874214,36.4,1048.08203125,14,1479.1640625
1779138601.3910115,1452,1.5643250007997267,2.9558625028585084,36.4,1048.08203125,14,1479.1640625
1779138601.3910122,1453,1.5643250007997267,2.955925003334414,36.4,1048.08203125,14,1479.1640625
1779138601.3910127,1454,1.5643250007997267,2.95597500007716,36.4,1048.08203125,14,1479.1640625
1779138601.391013,1455,1.5643250007997267,2.9560250004578847,36.4,1048.08203125,14,1479.1640625
1779138601.428255,1456,1.3377874965954106,2.7105874978587963,50.0,1048.08984375,14,1479.1640625
1779138601.4282598,1457,1.3377874965954106,2.711012497456977,50.0,1048.08984375,14,1479.1640625
1779138601.428261,1458,1.3377874965954106,2.71114999850397,50.0,1048.08984375,14,1479.1640625
1779138601.4282622,1459,1.3377874965954106,2.711287499550963,50.0,1048.08984375,14,1479.1640625
1779138601.4282632,1460,1.3377874965954106,2.7114124968647957,50.0,1048.08984375,14,1479.1640625
1779138601.4282641,1461,1.3377874965954106,2.7115499979117885,50.0,1048.08984375,14,1479.1640625
1779138601.4282653,1462,1.3377874965954106,2.7116749988636,50.0,1048.08984375,14,1479.1640625
1779138601.4282663,1463,1.3377874965954106,2.711799999815412,50.0,1048.08984375,14,1479.1640625
1779138601.4826758,1464,2.0013124994875398,3.396950000023935,0.0,1048.08984375,14,1479.1640625
1779138601.482679,1465,2.0013124994875398,3.3972000019275583,0.0,1048.08984375,14,1479.1640625
1779138601.4826796,1466,2.0013124994875398,3.3972874989558477,0.0,1048.08984375,14,1479.1640625
1779138601.4826803,1467,2.0013124994875398,3.397387499717297,0.0,1048.08984375,14,1479.1640625
1779138601.482681,1468,2.0013124994875398,3.397462500288384,0.0,1048.08984375,14,1479.1640625
1779138601.4826863,1469,2.0013124994875398,3.3981375017901883,0.0,1048.08984375,14,1479.1640625
1779138601.482687,1470,2.0013124994875398,3.398237498913659,0.0,1048.08984375,14,1479.1640625
1779138601.4826877,1471,2.0013124994875398,3.398312499484746,0.0,1048.08984375,14,1479.1640625
1779138601.5295486,1472,1.9704625010490417,3.412425001442898,0.0,1048.09765625,14,1479.1640625
1779138601.5295513,1473,1.9704625010490417,3.4126624996133614,0.0,1048.09765625,14,1479.1640625
1779138601.5295522,1474,1.9704625010490417,3.4127250000892673,0.0,1048.09765625,14,1479.1640625
1779138601.5295525,1475,1.9704625010490417,3.412787500565173,0.0,1048.09765625,14,1479.1640625
1779138601.5295532,1476,1.9704625010490417,3.4128750012314413,0.0,1048.09765625,14,1479.1640625
1779138601.529554,1477,1.9704625010490417,3.4129500018025283,0.0,1048.09765625,14,1479.1640625
1779138601.5295544,1478,1.9704625010490417,3.4130124986404553,0.0,1048.09765625,14,1479.1640625
1779138601.5295546,1479,1.9704625010490417,3.413074999116361,0.0,1048.09765625,14,1479.1640625
1779138601.5687606,1480,1.5048000022943597,2.8675250032392796,16.7,1048.10546875,14,1479.1640625
1779138601.568763,1481,1.5048000022943597,2.8677250011241995,16.7,1048.10546875,14,1479.1640625
1779138601.568764,1482,1.5048000022943597,2.8678000016952865,16.7,1048.10546875,14,1479.1640625
1779138601.5687644,1483,1.5048000022943597,2.8678875023615547,16.7,1048.10546875,14,1479.1640625
1779138601.568765,1484,1.5048000022943597,2.8679500028374605,16.7,1048.10546875,14,1479.1640625
1779138601.5687654,1485,1.5048000022943597,2.8680125033133663,16.7,1048.10546875,14,1479.1640625
1779138601.5687659,1486,1.5048000022943597,2.868062500056112,16.7,1048.10546875,14,1479.1640625
1779138601.5687664,1487,1.5048000022943597,2.868112500436837,16.7,1048.10546875,14,1479.1640625
1779138601.604842,1488,1.3222375018813182,2.6304749990231358,0.0,1048.109375,14,1479.1640625
1779138601.6048446,1489,1.3222375018813182,2.6306625004508533,0.0,1048.109375,14,1479.1640625
1779138601.604845,1490,1.3222375018813182,2.6307375010219403,0.0,1048.109375,14,1479.1640625
1779138601.6048455,1491,1.3222375018813182,2.6308125015930273,0.0,1048.109375,14,1479.1640625
1779138601.604846,1492,1.3222375018813182,2.630875002068933,0.0,1048.109375,14,1479.1640625
1779138601.6048465,1493,1.3222375018813182,2.630937502544839,0.0,1048.109375,14,1479.1640625
1779138601.6048472,1494,1.3222375018813182,2.630999999382766,0.0,1048.109375,14,1479.1640625
1779138601.6048477,1495,1.3222375018813182,2.6310499997634906,0.0,1048.109375,14,1479.1640625
1779138601.6488404,1496,1.759875001880573,3.145750000840053,22.2,1048.109375,14,1479.1640625
1779138601.6488438,1497,1.759875001880573,3.146049999486422,22.2,1048.109375,14,1479.1640625
1779138601.6488447,1498,1.759875001880573,3.1461375001526903,22.2,1048.109375,14,1479.1640625
1779138601.6488452,1499,1.759875001880573,3.1462125007237773,22.2,1048.109375,14,1479.1640625
1779138601.648846,1500,1.759875001880573,3.1462875012948643,22.2,1048.109375,14,1479.1640625
1779138601.6488466,1501,1.759875001880573,3.1463875020563137,22.2,1048.109375,14,1479.1640625
1779138601.6488473,1502,1.759875001880573,3.1464625026274007,22.2,1048.109375,14,1479.1640625
1779138601.6488478,1503,1.759875001880573,3.146537499560509,22.2,1048.109375,14,1479.1640625
1779138601.6858723,1504,1.3453249994199723,2.6807124995684717,0.0,1048.1171875,14,1479.1640625
1779138601.685885,1505,1.3453249994199723,2.6823125008377247,0.0,1048.1171875,14,1479.1640625
1779138601.6858876,1506,1.3453249994199723,2.682487502170261,0.0,1048.1171875,14,1479.1640625
1779138601.6858885,1507,1.3453249994199723,2.6825874992937315,0.0,1048.1171875,14,1479.1640625
1779138601.6858935,1508,1.3453249994199723,2.6832250005099922,0.0,1048.1171875,14,1479.1640625
1779138601.6858943,1509,1.3453249994199723,2.6833000010810792,0.0,1048.1171875,14,1479.1640625
1779138601.685895,1510,1.3453249994199723,2.6834000018425286,0.0,1048.1171875,14,1479.1640625
1779138601.6858954,1511,1.3453249994199723,2.6834500022232533,0.0,1048.1171875,14,1479.1640625
1779138601.7304704,1512,1.5334000017901417,2.8942874996573664,0.0,1048.12109375,14,1479.1640625
1779138601.7304733,1513,1.5334000017901417,2.8945250014658086,0.0,1048.12109375,14,1479.1640625
1779138601.730474,1514,1.5334000017901417,2.894599998398917,0.0,1048.12109375,14,1479.1640625
1779138601.7304745,1515,1.5334000017901417,2.8946624988748226,0.0,1048.12109375,14,1479.1640625
1779138601.730475,1516,1.5334000017901417,2.8947374994459096,0.0,1048.12109375,14,1479.1640625
1779138601.7304754,1517,1.5334000017901417,2.8947874998266343,0.0,1048.12109375,14,1479.1640625
1779138601.7304761,1518,1.5334000017901417,2.8948625003977213,0.0,1048.12109375,14,1479.1640625
1779138601.7304766,1519,1.5334000017901417,2.894925000873627,0.0,1048.12109375,14,1479.1640625
1779138601.7701356,1520,1.4762999999220483,2.8698374990199227,42.9,1048.12109375,16,1479.1640625
1779138601.770138,1521,1.4762999999220483,2.8700500006380025,42.9,1048.12109375,16,1479.1640625
1779138601.7701387,1522,1.4762999999220483,2.8701125011139084,42.9,1048.12109375,16,1479.1640625
1779138601.7701395,1523,1.4762999999220483,2.8702000017801765,42.9,1048.12109375,16,1479.1640625
1779138601.77014,1524,1.4762999999220483,2.8702625022560824,42.9,1048.12109375,16,1479.1640625
1779138601.7701404,1525,1.4762999999220483,2.8703249990940094,42.9,1048.12109375,16,1479.1640625
1779138601.7701406,1526,1.4762999999220483,2.8703999996650964,42.9,1048.12109375,16,1479.1640625
1779138601.7701461,1527,1.4762999999220483,2.871037500881357,42.9,1048.12109375,16,1479.1640625
1779138601.810865,1528,1.72311249843915,3.0693374974362087,0.0,1048.12890625,16,1479.1640625
1779138601.810868,1529,1.72311249843915,3.0695624991494697,0.0,1048.12890625,16,1479.1640625
1779138601.8108687,1530,1.72311249843915,3.0696249996253755,0.0,1048.12890625,16,1479.1640625
1779138601.8108692,1531,1.72311249843915,3.0696999965584837,0.0,1048.12890625,16,1479.1640625
1779138601.8108697,1532,1.72311249843915,3.0697624970343895,0.0,1048.12890625,16,1479.1640625
1779138601.8108702,1533,1.72311249843915,3.0698499977006577,0.0,1048.12890625,16,1479.1640625
1779138601.8108711,1534,1.72311249843915,3.0699249982717447,0.0,1048.12890625,16,1479.1640625
1779138601.8108714,1535,1.72311249843915,3.0699749986524694,0.0,1048.12890625,16,1479.1640625
1779138601.855765,1536,1.710262498818338,3.079087498917943,0.0,1048.1328125,16,1479.1640625
1779138601.8557675,1537,1.710262498818338,3.0793000005360227,0.0,1048.1328125,16,1479.1640625
1779138601.8557682,1538,1.710262498818338,3.0793624973739497,0.0,1048.1328125,16,1479.1640625
1779138601.855769,1539,1.710262498818338,3.079449998040218,0.0,1048.1328125,16,1479.1640625
1779138601.8557696,1540,1.710262498818338,3.0795124985161237,0.0,1048.1328125,16,1479.1640625
1779138601.85577,1541,1.710262498818338,3.079599999182392,0.0,1048.1328125,16,1479.1640625
1779138601.8557708,1542,1.710262498818338,3.079674999753479,0.0,1048.1328125,16,1479.1640625
1779138601.855771,1543,1.710262498818338,3.0797375002293848,0.0,1048.1328125,16,1479.1640625
1779138601.9065037,1544,1.870137497462565,3.3318624991807155,68.8,1048.1328125,16,1479.1640625
1779138601.9065094,1545,1.870137497462565,3.3322999988740776,68.8,1048.1328125,16,1479.1640625
1779138601.906511,1546,1.870137497462565,3.3324874966638163,68.8,1048.1328125,16,1479.1640625
1779138601.906521,1547,1.870137497462565,3.3337624990963377,68.8,1048.1328125,16,1479.1640625
1779138601.9065223,1548,1.870137497462565,3.333924996695714,68.8,1048.1328125,16,1479.1640625
1779138601.9065237,1549,1.870137497462565,3.334062497742707,68.8,1048.1328125,16,1479.1640625
1779138601.9065247,1550,1.870137497462565,3.334212498884881,68.8,1048.1328125,16,1479.1640625
1779138601.9065256,1551,1.870137497462565,3.3343374998366926,68.8,1048.1328125,16,1479.1640625
1779138601.948745,1552,1.5042124978208449,2.983912498166319,0.0,1048.13671875,16,1479.1640625
1779138601.9487524,1553,1.5042124978208449,2.984562499477761,0.0,1048.13671875,16,1479.1640625
1779138601.948754,1554,1.5042124978208449,2.9847624973626807,0.0,1048.13671875,16,1479.1640625
1779138601.9487557,1555,1.5042124978208449,2.9849499987903982,0.0,1048.13671875,16,1479.1640625
1779138601.9487572,1556,1.5042124978208449,2.9851250001229346,0.0,1048.13671875,16,1479.1640625
1779138601.9487586,1557,1.5042124978208449,2.985299997817492,0.0,1048.13671875,16,1479.1640625
1779138601.9487598,1558,1.5042124978208449,2.9854874992452096,0.0,1048.13671875,16,1479.1640625
1779138601.9487615,1559,1.5042124978208449,2.985649996844586,0.0,1048.13671875,16,1479.1640625
1779138601.991571,1560,1.648774999921443,3.0157750006765127,53.3,1048.140625,16,1479.1640625
1779138601.9915738,1561,1.648774999921443,3.0159874986566138,53.3,1048.140625,16,1479.1640625
1779138601.9915745,1562,1.648774999921443,3.016074999322882,53.3,1048.140625,16,1479.1640625
1779138601.991575,1563,1.648774999921443,3.016149999893969,53.3,1048.140625,16,1479.1640625
1779138601.9915757,1564,1.648774999921443,3.016237500560237,53.3,1048.140625,16,1479.1640625
1779138601.9915764,1565,1.648774999921443,3.016312501131324,53.3,1048.140625,16,1479.1640625
1779138601.9915812,1566,1.648774999921443,3.0169249985192437,53.3,1048.140625,16,1479.1640625
1779138601.9915817,1567,1.648774999921443,3.0169874989951495,53.3,1048.140625,16,1479.1640625
1779138602.03715,1568,1.6928125005506445,3.1320000016421545,38.5,1048.14453125,16,1479.1640625
1779138602.037153,1569,1.6928125005506445,3.132237499812618,38.5,1048.14453125,16,1479.1640625
1779138602.0371535,1570,1.6928125005506445,3.132325000478886,38.5,1048.14453125,16,1479.1640625
1779138602.037154,1571,1.6928125005506445,3.1323750008596107,38.5,1048.14453125,16,1479.1640625
1779138602.0371547,1572,1.6928125005506445,3.1324375013355166,38.5,1048.14453125,16,1479.1640625
1779138602.0371552,1573,1.6928125005506445,3.1325000018114224,38.5,1048.14453125,16,1479.1640625
1779138602.0371556,1574,1.6928125005506445,3.1325625022873282,38.5,1048.14453125,16,1479.1640625
1779138602.037156,1575,1.6928125005506445,3.1326375028584152,38.5,1048.14453125,16,1479.1640625
1779138602.0759845,1576,1.346462497167522,2.702787496673409,0.0,1048.14453125,16,1479.1640625
1779138602.0759885,1577,1.346462497167522,2.7031124991481192,0.0,1048.14453125,16,1479.1640625
1779138602.0759892,1578,1.346462497167522,2.7032124999095686,0.0,1048.14453125,16,1479.1640625
1779138602.07599,1579,1.346462497167522,2.7033249971282203,0.0,1048.14453125,16,1479.1640625
1779138602.0759907,1580,1.346462497167522,2.7034124977944884,0.0,1048.14453125,16,1479.1640625
1779138602.0759919,1581,1.346462497167522,2.703512498555938,0.0,1048.14453125,16,1479.1640625
1779138602.0759923,1582,1.346462497167522,2.703599999222206,0.0,1048.14453125,16,1479.1640625
1779138602.075993,1583,1.346462497167522,2.703674999793293,0.0,1048.14453125,16,1479.1640625
1779138602.115179,1584,1.4620624970120843,2.7896124993276317,14.3,1048.1484375,16,1479.1640625
1779138602.1151853,1585,1.4620624970120843,2.7901875000679865,14.3,1048.1484375,16,1479.1640625
1779138602.1151881,1586,1.4620624970120843,2.790574999380624,14.3,1048.1484375,16,1479.1640625
1779138602.115189,1587,1.4620624970120843,2.790662500046892,14.3,1048.1484375,16,1479.1640625
1779138602.1151896,1588,1.4620624970120843,2.790725000522798,14.3,1048.1484375,16,1479.1640625
1779138602.11519,1589,1.4620624970120843,2.790787497360725,14.3,1048.1484375,16,1479.1640625
1779138602.1151905,1590,1.4620624970120843,2.7908374977414496,14.3,1048.1484375,16,1479.1640625
1779138602.1151907,1591,1.4620624970120843,2.7909124983125366,14.3,1048.1484375,16,1479.1640625
1779138602.151701,1592,1.2442125007510185,2.6088375016115606,0.0,1048.15625,16,1479.1640625
1779138602.151704,1593,1.2442125007510185,2.609062499686843,0.0,1048.15625,16,1479.1640625
1779138602.1517045,1594,1.2442125007510185,2.609162500448292,0.0,1048.15625,16,1479.1640625
1779138602.1517053,1595,1.2442125007510185,2.609237501019379,0.0,1048.15625,16,1479.1640625
1779138602.1517062,1596,1.2442125007510185,2.6093250016856473,0.0,1048.15625,16,1479.1640625
1779138602.1517067,1597,1.2442125007510185,2.6093874985235743,0.0,1048.15625,16,1479.1640625
1779138602.1517072,1598,1.2442125007510185,2.60944999899948,0.0,1048.15625,16,1479.1640625
1779138602.1517076,1599,1.2442125007510185,2.609524999570567,0.0,1048.15625,16,1479.1640625
1779138602.1908085,1600,1.5220749992295168,2.894699999160366,18.2,1048.15625,16,1479.1640625
1779138602.190811,1601,1.5220749992295168,2.8948750004929025,18.2,1048.15625,16,1479.1640625
1779138602.1908114,1602,1.5220749992295168,2.8949499974260107,18.2,1048.15625,16,1479.1640625
1779138602.1908119,1603,1.5220749992295168,2.8950124979019165,18.2,1048.15625,16,1479.1640625
1779138602.1908123,1604,1.5220749992295168,2.895062498282641,18.2,1048.15625,16,1479.1640625
1779138602.1908178,1605,1.5220749992295168,2.8957374997844454,18.2,1048.15625,16,1479.1640625
1779138602.1908183,1606,1.5220749992295168,2.8958000002603512,18.2,1048.15625,16,1479.1640625
1779138602.1908188,1607,1.5220749992295168,2.8958624970982783,18.2,1048.15625,16,1479.1640625
1779138602.233667,1608,2.1109749977767933,3.4514500002842396,25.0,1048.16015625,16,1479.1640625
1779138602.23367,1609,2.1109749977767933,3.4517124986450654,25.0,1048.16015625,16,1479.1640625
1779138602.2336707,1610,2.1109749977767933,3.4518124994065147,25.0,1048.16015625,16,1479.1640625
1779138602.2336714,1611,2.1109749977767933,3.4518874999776017,25.0,1048.16015625,16,1479.1640625
1779138602.2336721,1612,2.1109749977767933,3.451987500739051,25.0,1048.16015625,16,1479.1640625
1779138602.2336726,1613,2.1109749977767933,3.4520749977673404,25.0,1048.16015625,16,1479.1640625
1779138602.2336736,1614,2.1109749977767933,3.4521499983384274,25.0,1048.16015625,16,1479.1640625
1779138602.233674,1615,2.1109749977767933,3.4522249989095144,25.0,1048.16015625,16,1479.1640625
1779138602.2736523,1616,1.5161749979597516,2.9217999981483445,40.0,1048.1640625,14,1479.1640625
1779138602.2736547,1617,1.5161749979597516,2.9220124997664243,40.0,1048.1640625,14,1479.1640625
1779138602.2736557,1618,1.5161749979597516,2.9220875003375113,40.0,1048.1640625,14,1479.1640625
1779138602.273656,1619,1.5161749979597516,2.922137500718236,40.0,1048.1640625,14,1479.1640625
1779138602.2736566,1620,1.5161749979597516,2.922212497651344,40.0,1048.1640625,14,1479.1640625
1779138602.273657,1621,1.5161749979597516,2.92227499812725,40.0,1048.1640625,14,1479.1640625
1779138602.2736576,1622,1.5161749979597516,2.922337498603156,40.0,1048.1640625,14,1479.1640625
1779138602.273658,1623,1.5161749979597516,2.9223999990790617,40.0,1048.1640625,14,1479.1640625
1779138602.3087747,1624,1.2983000015083235,2.653650000866037,0.0,1048.1640625,14,1479.1640625
1779138602.3087811,1625,1.2983000015083235,2.654325002367841,0.0,1048.1640625,14,1479.1640625
1779138602.3087816,1626,1.2983000015083235,2.654400002938928,0.0,1048.1640625,14,1479.1640625
1779138602.308782,1627,1.2983000015083235,2.6544749998720363,0.0,1048.1640625,14,1479.1640625
1779138602.3087828,1628,1.2983000015083235,2.6545500004431233,0.0,1048.1640625,14,1479.1640625
1779138602.308783,1629,1.2983000015083235,2.654612500919029,0.0,1048.1640625,14,1479.1640625
1779138602.3087835,1630,1.2983000015083235,2.654662501299754,0.0,1048.1640625,14,1479.1640625
1779138602.3087842,1631,1.2983000015083235,2.6547250017756596,0.0,1048.1640625,14,1479.1640625
1779138602.3528316,1632,2.112150003085844,3.4767250035656616,50.0,1048.16796875,14,1479.1640625
1779138602.352834,1633,2.112150003085844,3.4769375015457626,50.0,1048.16796875,14,1479.1640625
1779138602.3528347,1634,2.112150003085844,3.4770000020216685,50.0,1048.16796875,14,1479.1640625
1779138602.3528354,1635,2.112150003085844,3.4770875026879366,50.0,1048.16796875,14,1479.1640625
1779138602.3528361,1636,2.112150003085844,3.4771625032590237,50.0,1048.16796875,14,1479.1640625
1779138602.3528366,1637,2.112150003085844,3.4772125000017695,50.0,1048.16796875,14,1479.1640625
1779138602.352837,1638,2.112150003085844,3.4772875005728565,50.0,1048.16796875,14,1479.1640625
1779138602.3528373,1639,2.112150003085844,3.477337500953581,50.0,1048.16796875,14,1479.1640625
1779138602.3989043,1640,1.6048375000536907,2.91914999979781,26.3,1048.16796875,14,1479.1640625
1779138602.398907,1641,1.6048375000536907,2.919375001511071,26.3,1048.16796875,14,1479.1640625
1779138602.3989077,1642,1.6048375000536907,2.919450002082158,26.3,1048.16796875,14,1479.1640625
1779138602.3989081,1643,1.6048375000536907,2.9195125025580637,26.3,1048.16796875,14,1479.1640625
1779138602.3989108,1644,1.6048375000536907,2.9198500014899764,26.3,1048.16796875,14,1479.1640625
1779138602.3989115,1645,1.6048375000536907,2.9199375021562446,26.3,1048.16796875,14,1479.1640625
1779138602.398912,1646,1.6048375000536907,2.9199875025369693,26.3,1048.16796875,14,1479.1640625
1779138602.3989124,1647,1.6048375000536907,2.920050003012875,26.3,1048.16796875,14,1479.1640625
1779138602.4369655,1648,1.4057624975976069,2.763062497251667,8.0,1048.17578125,14,1479.1640625
1779138602.436968,1649,1.4057624975976069,2.763274998869747,8.0,1048.17578125,14,1479.1640625
1779138602.4369688,1650,1.4057624975976069,2.7633374993456528,8.0,1048.17578125,14,1479.1640625
1779138602.4369693,1651,1.4057624975976069,2.7633999998215586,8.0,1048.17578125,14,1479.1640625
1779138602.4369698,1652,1.4057624975976069,2.7634625002974644,8.0,1048.17578125,14,1479.1640625
1779138602.4369702,1653,1.4057624975976069,2.7635374972305726,8.0,1048.17578125,14,1479.1640625
1779138602.4369707,1654,1.4057624975976069,2.7635999977064785,8.0,1048.17578125,14,1479.1640625
1779138602.4369712,1655,1.4057624975976069,2.763649998087203,8.0,1048.17578125,14,1479.1640625
1779138602.4913256,1656,1.9086750035057776,3.3609125021030195,21.4,1048.1796875,14,1479.1640625
1779138602.4913287,1657,1.9086750035057776,3.3611375001783017,21.4,1048.1796875,14,1479.1640625
1779138602.4913292,1658,1.9086750035057776,3.3612125007493887,21.4,1048.1796875,14,1479.1640625
1779138602.4913301,1659,1.9086750035057776,3.3612875013204757,21.4,1048.1796875,14,1479.1640625
1779138602.4913306,1660,1.9086750035057776,3.3613625018915627,21.4,1048.1796875,14,1479.1640625
1779138602.491331,1661,1.9086750035057776,3.3614375024626497,21.4,1048.1796875,14,1479.1640625
1779138602.4913316,1662,1.9086750035057776,3.3614875028433744,21.4,1048.1796875,14,1479.1640625
1779138602.491332,1663,1.9086750035057776,3.3615500033192802,21.4,1048.1796875,14,1479.1640625
1779138602.5394719,1664,1.6159125007106923,2.944512500107521,28.6,1048.18359375,14,1479.1640625
1779138602.5394747,1665,1.6159125007106923,2.9447500019159634,28.6,1048.18359375,14,1479.1640625
1779138602.5394754,1666,1.6159125007106923,2.9448250024870504,28.6,1048.18359375,14,1479.1640625
1779138602.539476,1667,1.6159125007106923,2.944887502962956,28.6,1048.18359375,14,1479.1640625
1779138602.5394764,1668,1.6159125007106923,2.9449624998960644,28.6,1048.18359375,14,1479.1640625
1779138602.539477,1669,1.6159125007106923,2.9450250003719702,28.6,1048.18359375,14,1479.1640625
1779138602.5394776,1670,1.6159125007106923,2.945087500847876,28.6,1048.18359375,14,1479.1640625
1779138602.539478,1671,1.6159125007106923,2.945150001323782,28.6,1048.18359375,14,1479.1640625
1779138602.5768259,1672,1.4388500021595974,2.7447499996924307,25.0,1048.1875,14,1479.1640625
1779138602.5768285,1673,1.4388500021595974,2.7449500012153294,25.0,1048.1875,14,1479.1640625
1779138602.576829,1674,1.4388500021595974,2.7450125016912352,25.0,1048.1875,14,1479.1640625
1779138602.5768297,1675,1.4388500021595974,2.745075002167141,25.0,1048.1875,14,1479.1640625
1779138602.5768301,1676,1.4388500021595974,2.745137502643047,25.0,1048.1875,14,1479.1640625
1779138602.5768306,1677,1.4388500021595974,2.7452249996713363,25.0,1048.1875,14,1479.1640625
1779138602.5768313,1678,1.4388500021595974,2.745287500147242,25.0,1048.1875,14,1479.1640625
1779138602.5768316,1679,1.4388500021595974,2.7453375005279668,25.0,1048.1875,14,1479.1640625
1779138602.6163988,1680,1.2758625016431324,2.655100000993116,28.6,1048.1875,14,1479.1640625
1779138602.6164055,1681,1.2758625016431324,2.6557999990473036,28.6,1048.1875,14,1479.1640625
1779138602.6164062,1682,1.2758625016431324,2.6558874997135717,28.6,1048.1875,14,1479.1640625
1779138602.6164114,1683,1.2758625016431324,2.6565375010250136,28.6,1048.1875,14,1479.1640625
1779138602.6164124,1684,1.2758625016431324,2.6566625019768253,28.6,1048.1875,14,1479.1640625
1779138602.6164129,1685,1.2758625016431324,2.6567374989099335,28.6,1048.1875,14,1479.1640625
1779138602.6164136,1686,1.2758625016431324,2.6567999993858393,28.6,1048.1875,14,1479.1640625
1779138602.6164143,1687,1.2758625016431324,2.656849999766564,28.6,1048.1875,14,1479.1640625
1779138602.658541,1688,1.5706250014773104,2.924899999925401,5.6,1048.19140625,14,1479.1640625
1779138602.658543,1689,1.5706250014773104,2.9250875013531186,5.6,1048.19140625,14,1479.1640625
1779138602.6585438,1690,1.5706250014773104,2.9251500018290244,5.6,1048.19140625,14,1479.1640625
1779138602.6585443,1691,1.5706250014773104,2.9252374988573138,5.6,1048.19140625,14,1479.1640625
1779138602.6585453,1692,1.5706250014773104,2.9252999993332196,5.6,1048.19140625,14,1479.1640625
1779138602.6585455,1693,1.5706250014773104,2.9253624998091254,5.6,1048.19140625,14,1479.1640625
1779138602.658546,1694,1.5706250014773104,2.9254375003802124,5.6,1048.19140625,14,1479.1640625
1779138602.6585467,1695,1.5706250014773104,2.925487500760937,5.6,1048.19140625,14,1479.1640625
1779138602.6982512,1696,1.5803749993210658,2.97026249972987,0.0,1048.19140625,14,1479.1640625
1779138602.698254,1697,1.5803749993210658,2.970487497805152,0.0,1048.19140625,14,1479.1640625
1779138602.6982546,1698,1.5803749993210658,2.970562498376239,0.0,1048.19140625,14,1479.1640625
1779138602.6982553,1699,1.5803749993210658,2.9706499990425073,0.0,1048.19140625,14,1479.1640625
1779138602.6982558,1700,1.5803749993210658,2.970712499518413,0.0,1048.19140625,14,1479.1640625
1779138602.6982565,1701,1.5803749993210658,2.970774999994319,0.0,1048.19140625,14,1479.1640625
1779138602.698257,1702,1.5803749993210658,2.970824996737065,0.0,1048.19140625,14,1479.1640625
1779138602.6982634,1703,1.5803749993210658,2.971637499285862,0.0,1048.19140625,14,1479.1640625
1779138602.7446423,1704,1.6567374987062067,3.0489999990095384,0.0,1048.19921875,14,1479.1640625
1779138602.7446454,1705,1.6567374987062067,3.0492250007227995,0.0,1048.19921875,14,1479.1640625
1779138602.7446458,1706,1.6567374987062067,3.0492875011987053,0.0,1048.19921875,14,1479.1640625
1779138602.7446463,1707,1.6567374987062067,3.0493624981318135,0.0,1048.19921875,14,1479.1640625
1779138602.744647,1708,1.6567374987062067,3.0494374987029005,0.0,1048.19921875,14,1479.1640625
1779138602.7446475,1709,1.6567374987062067,3.049487499083625,0.0,1048.19921875,14,1479.1640625
1779138602.744648,1710,1.6567374987062067,3.049549999559531,0.0,1048.19921875,14,1479.1640625
1779138602.7446482,1711,1.6567374987062067,3.0495999999402557,0.0,1048.19921875,14,1479.1640625
1779138602.7906914,1712,1.711075001367135,3.0524124995281454,33.3,1048.19921875,14,1479.1640625
1779138602.790694,1713,1.711075001367135,3.0526250011462253,33.3,1048.19921875,14,1479.1640625
1779138602.7906947,1714,1.711075001367135,3.0527000017173123,33.3,1048.19921875,14,1479.1640625
1779138602.7906952,1715,1.711075001367135,3.052762502193218,33.3,1048.19921875,14,1479.1640625
1779138602.7906957,1716,1.711075001367135,3.0528125025739428,33.3,1048.19921875,14,1479.1640625
1779138602.7906961,1717,1.711075001367135,3.052887499507051,33.3,1048.19921875,14,1479.1640625
1779138602.7906966,1718,1.711075001367135,3.0529374998877756,33.3,1048.19921875,14,1479.1640625
1779138602.790697,1719,1.711075001367135,3.0530000003636815,33.3,1048.19921875,14,1479.1640625
1779138602.831487,1720,1.8800500001816545,3.2470125006511807,12.5,1048.203125,14,1479.1640625
1779138602.8314896,1721,1.8800500001816545,3.247237498726463,12.5,1048.203125,14,1479.1640625
1779138602.8314939,1722,1.8800500001816545,3.247762499086093,12.5,1048.203125,14,1479.1640625
1779138602.8314943,1723,1.8800500001816545,3.247824999561999,12.5,1048.203125,14,1479.1640625
1779138602.8314948,1724,1.8800500001816545,3.247887500037905,12.5,1048.203125,14,1479.1640625
1779138602.8314955,1725,1.8800500001816545,3.2479500005138107,12.5,1048.203125,14,1479.1640625
1779138602.8314958,1726,1.8800500001816545,3.2480125009897165,12.5,1048.203125,14,1479.1640625
1779138602.8314962,1727,1.8800500001816545,3.2480750014656223,12.5,1048.203125,14,1479.1640625
1779138602.871405,1728,1.35843749740161,2.720662498177262,0.0,1048.20703125,14,1479.1640625
1779138602.871407,1729,1.35843749740161,2.7208499996049795,0.0,1048.20703125,14,1479.1640625
1779138602.871408,1730,1.35843749740161,2.7209250001760665,0.0,1048.20703125,14,1479.1640625
1779138602.8714087,1731,1.35843749740161,2.721024997299537,0.0,1048.20703125,14,1479.1640625
1779138602.8714092,1732,1.35843749740161,2.7210749976802617,0.0,1048.20703125,14,1479.1640625
1779138602.8714097,1733,1.35843749740161,2.72116249834653,0.0,1048.20703125,14,1479.1640625
1779138602.8714101,1734,1.35843749740161,2.721237498917617,0.0,1048.20703125,14,1479.1640625
1779138602.8714106,1735,1.35843749740161,2.7212999993935227,0.0,1048.20703125,14,1479.1640625
1779138602.912774,1736,1.3989999970362987,2.769162500044331,60.0,1048.26953125,14,1479.1640625
1779138602.9127767,1737,1.3989999970362987,2.769362497929251,60.0,1048.26953125,14,1479.1640625
1779138602.9127774,1738,1.3989999970362987,2.769437498500338,60.0,1048.26953125,14,1479.1640625
1779138602.912778,1739,1.3989999970362987,2.7694999989762437,60.0,1048.26953125,14,1479.1640625
1779138602.9127784,1740,1.3989999970362987,2.7695624994521495,60.0,1048.26953125,14,1479.1640625
1779138602.912779,1741,1.3989999970362987,2.7696375000232365,60.0,1048.26953125,14,1479.1640625
1779138602.9127803,1742,1.3989999970362987,2.7697874975274317,60.0,1048.26953125,14,1479.1640625
1779138602.9127808,1743,1.3989999970362987,2.7698499980033375,60.0,1048.26953125,14,1479.1640625
1779138602.9493582,1744,1.3895500014768913,2.816637501382502,0.0,1048.26953125,14,1479.1640625
1779138602.949365,1745,1.3895500014768913,2.8171874982945155,0.0,1048.26953125,14,1479.1640625
1779138602.9493668,1746,1.3895500014768913,2.817387499817414,0.0,1048.26953125,14,1479.1640625
1779138602.9493682,1747,1.3895500014768913,2.8175625011499505,0.0,1048.26953125,14,1479.1640625
1779138602.9493694,1748,1.3895500014768913,2.8177124986541457,0.0,1048.26953125,14,1479.1640625
1779138602.9493706,1749,1.3895500014768913,2.817887499986682,0.0,1048.26953125,14,1479.1640625
1779138602.9493718,1750,1.3895500014768913,2.818025001033675,0.0,1048.26953125,14,1479.1640625
1779138602.9493732,1751,1.3895500014768913,2.8181874986330513,0.0,1048.26953125,14,1479.1640625
1779138603.0015771,1752,1.9424249985604547,3.4144624987675343,40.0,1048.26953125,14,1479.1640625
1779138603.0015798,1753,1.9424249985604547,3.414662496652454,40.0,1048.26953125,14,1479.1640625
1779138603.0015802,1754,1.9424249985604547,3.41472499712836,40.0,1048.26953125,14,1479.1640625
1779138603.0015807,1755,1.9424249985604547,3.414799997699447,40.0,1048.26953125,14,1479.1640625
1779138603.0015817,1756,1.9424249985604547,3.414874998270534,40.0,1048.26953125,14,1479.1640625
1779138603.0015821,1757,1.9424249985604547,3.4149749990319833,40.0,1048.26953125,14,1479.1640625
1779138603.0015829,1758,1.9424249985604547,3.4150499996030703,40.0,1048.26953125,14,1479.1640625
1779138603.0015833,1759,1.9424249985604547,3.415099999983795,40.0,1048.26953125,14,1479.1640625
1779138603.0418363,1760,1.4924999995855615,2.8963375007151626,0.0,1048.26953125,14,1479.1640625
1779138603.0418386,1761,1.4924999995855615,2.8965249985049013,0.0,1048.26953125,14,1479.1640625
1779138603.0418394,1762,1.4924999995855615,2.8966124991711695,0.0,1048.26953125,14,1479.1640625
1779138603.0418398,1763,1.4924999995855615,2.896662499551894,0.0,1048.26953125,14,1479.1640625
1779138603.0418403,1764,1.4924999995855615,2.8967500002181623,0.0,1048.26953125,14,1479.1640625
1779138603.0418408,1765,1.4924999995855615,2.896800000598887,0.0,1048.26953125,14,1479.1640625
1779138603.0418415,1766,1.4924999995855615,2.896875001169974,0.0,1048.26953125,14,1479.1640625
1779138603.041842,1767,1.4924999995855615,2.8969250015506987,0.0,1048.26953125,14,1479.1640625
1779138603.0839746,1768,2.0073125015187543,3.3153125004901085,0.0,1048.26953125,14,1479.1640625
1779138603.0839772,1769,2.0073125015187543,3.3155250021081883,0.0,1048.26953125,14,1479.1640625
1779138603.0839777,1770,2.0073125015187543,3.3156000026792753,0.0,1048.26953125,14,1479.1640625
1779138603.0839782,1771,2.0073125015187543,3.3156624995172024,0.0,1048.26953125,14,1479.1640625
1779138603.0839787,1772,2.0073125015187543,3.315724999993108,0.0,1048.26953125,14,1479.1640625
1779138603.0839794,1773,2.0073125015187543,3.315775000373833,0.0,1048.26953125,14,1479.1640625
1779138603.0839798,1774,2.0073125015187543,3.3158375008497387,0.0,1048.26953125,14,1479.1640625
1779138603.0839803,1775,2.0073125015187543,3.3158875012304634,0.0,1048.26953125,14,1479.1640625
1779138603.1226666,1776,1.409849999618018,2.73503749849624,0.0,1048.34375,14,1479.1640625
1779138603.1226823,1777,1.409849999618018,2.736924998316681,0.0,1048.34375,14,1479.1640625
1779138603.1226833,1778,1.409849999618018,2.737012498982949,0.0,1048.34375,14,1479.1640625
1779138603.1226842,1779,1.409849999618018,2.7371249998395797,0.0,1048.34375,14,1479.1640625
1779138603.1226852,1780,1.409849999618018,2.73722499696305,0.0,1048.34375,14,1479.1640625
1779138603.122686,1781,1.409849999618018,2.7373374978196807,0.0,1048.34375,14,1479.1640625
1779138603.1226866,1782,1.409849999618018,2.7374499986763112,0.0,1048.34375,14,1479.1640625
1779138603.1226885,1783,1.409849999618018,2.73765000019921,0.0,1048.34375,14,1479.1640625
1779138603.1639512,1784,1.3751875012530945,2.690187502594199,12.0,1048.34375,14,1479.1640625
1779138603.163954,1785,1.3751875012530945,2.690387500479119,12.0,1048.34375,14,1479.1640625
1779138603.1639545,1786,1.3751875012530945,2.690462501050206,12.0,1048.34375,14,1479.1640625
1779138603.163955,1787,1.3751875012530945,2.6905250015261117,12.0,1048.34375,14,1479.1640625
1779138603.1639555,1788,1.3751875012530945,2.6905875020020176,12.0,1048.34375,14,1479.1640625
1779138603.1639583,1789,1.3751875012530945,2.6909375010291114,12.0,1048.34375,14,1479.1640625
1779138603.1639588,1790,1.3751875012530945,2.6910000015050173,12.0,1048.34375,14,1479.1640625
1779138603.1639593,1791,1.3751875012530945,2.691050001885742,12.0,1048.34375,14,1479.1640625
1779138603.2065432,1792,1.4735625009052455,2.834499999153195,42.9,1048.34375,14,1479.1640625
1779138603.2065456,1793,1.4735625009052455,2.834712500771275,42.9,1048.34375,14,1479.1640625
1779138603.206546,1794,1.4735625009052455,2.8347750012471806,42.9,1048.34375,14,1479.1640625
1779138603.206547,1795,1.4735625009052455,2.834862501913449,42.9,1048.34375,14,1479.1640625
1779138603.2065475,1796,1.4735625009052455,2.834924998751376,42.9,1048.34375,14,1479.1640625
1779138603.206548,1797,1.4735625009052455,2.8349874992272817,42.9,1048.34375,14,1479.1640625
1779138603.2065482,1798,1.4735625009052455,2.8350374996080063,42.9,1048.34375,14,1479.1640625
1779138603.2065487,1799,1.4735625009052455,2.835100000083912,42.9,1048.34375,14,1479.1640625
1779138603.2469003,1800,1.3712875006604008,2.7329750009812415,0.0,1048.34375,14,1479.1640625
1779138603.2469027,1801,1.3712875006604008,2.7331874989613425,0.0,1048.34375,14,1479.1640625
1779138603.2469032,1802,1.3712875006604008,2.7332624995324295,0.0,1048.34375,14,1479.1640625
1779138603.246904,1803,1.3712875006604008,2.733312499913154,0.0,1048.34375,14,1479.1640625
1779138603.2469044,1804,1.3712875006604008,2.73337500038906,0.0,1048.34375,14,1479.1640625
1779138603.2469046,1805,1.3712875006604008,2.733437500864966,0.0,1048.34375,14,1479.1640625
1779138603.246905,1806,1.3712875006604008,2.7334875012456905,0.0,1048.34375,14,1479.1640625
1779138603.2469056,1807,1.3712875006604008,2.7335499980836175,0.0,1048.34375,14,1479.1640625
1779138603.2899034,1808,1.5736749992356636,2.927512497990392,25.0,1048.34375,14,1479.1640625
1779138603.289906,1809,1.5736749992356636,2.9276999994181097,25.0,1048.34375,14,1479.1640625
1779138603.2899067,1810,1.5736749992356636,2.927800000179559,25.0,1048.34375,14,1479.1640625
1779138603.2899072,1811,1.5736749992356636,2.9278500005602837,25.0,1048.34375,14,1479.1640625
1779138603.2899077,1812,1.5736749992356636,2.9279125010361895,25.0,1048.34375,14,1479.1640625
1779138603.2899082,1813,1.5736749992356636,2.9279750015120953,25.0,1048.34375,14,1479.1640625
1779138603.2899086,1814,1.5736749992356636,2.9280374983500224,25.0,1048.34375,14,1479.1640625
1779138603.2899094,1815,1.5736749992356636,2.928087498730747,25.0,1048.34375,14,1479.1640625
1779138603.3284166,1816,1.3987874990561977,2.721962497162167,45.5,1048.34375,14,1479.1640625
1779138603.3284187,1817,1.3987874990561977,2.7221624986850657,45.5,1048.34375,14,1479.1640625
1779138603.3284197,1818,1.3987874990561977,2.722249999351334,45.5,1048.34375,14,1479.1640625
1779138603.3284202,1819,1.3987874990561977,2.7223124998272397,45.5,1048.34375,14,1479.1640625
1779138603.3284209,1820,1.3987874990561977,2.7224249970458914,45.5,1048.34375,14,1479.1640625
1779138603.3284214,1821,1.3987874990561977,2.722487497521797,45.5,1048.34375,14,1479.1640625
1779138603.3284218,1822,1.3987874990561977,2.722549997997703,45.5,1048.34375,14,1479.1640625
1779138603.3284223,1823,1.3987874990561977,2.72262499856879,45.5,1048.34375,14,1479.1640625
1779138603.369033,1824,1.3723625015700236,2.686687501409324,0.0,1048.5625,14,1479.1640625
1779138603.369036,1825,1.3723625015700236,2.6869249995797873,0.0,1048.5625,14,1479.1640625
1779138603.369037,1826,1.3723625015700236,2.686987500055693,0.0,1048.5625,14,1479.1640625
1779138603.3690374,1827,1.3723625015700236,2.687050000531599,0.0,1048.5625,14,1479.1640625
1779138603.3690379,1828,1.3723625015700236,2.6871125010075048,0.0,1048.5625,14,1479.1640625
1779138603.3690383,1829,1.3723625015700236,2.6871875015785918,0.0,1048.5625,14,1479.1640625
1779138603.3690388,1830,1.3723625015700236,2.6872374983213376,0.0,1048.5625,14,1479.1640625
1779138603.369039,1831,1.3723625015700236,2.6872999987972435,0.0,1048.5625,14,1479.1640625
1779138603.4090915,1832,1.3180374990042765,2.6533374984865077,18.8,1048.5625,14,1479.1640625
1779138603.409094,1833,1.3180374990042765,2.6535375000094064,18.8,1048.5625,14,1479.1640625
1779138603.4090948,1834,1.3180374990042765,2.6536125005804934,18.8,1048.5625,14,1479.1640625
1779138603.4090955,1835,1.3180374990042765,2.6536749974184204,18.8,1048.5625,14,1479.1640625
1779138603.4090958,1836,1.3180374990042765,2.6537499979895074,18.8,1048.5625,14,1479.1640625
1779138603.4090962,1837,1.3180374990042765,2.653799998370232,18.8,1048.5625,14,1479.1640625
1779138603.4090967,1838,1.3180374990042765,2.653862498846138,18.8,1048.5625,14,1479.1640625
1779138603.4090974,1839,1.3180374990042765,2.653937499417225,18.8,1048.5625,14,1479.1640625
1779138603.447465,1840,1.3674125002580695,2.718050000112271,0.0,1048.5625,14,1479.1640625
1779138603.4474673,1841,1.3674125002580695,2.7182375015399884,0.0,1048.5625,14,1479.1640625
1779138603.4474678,1842,1.3674125002580695,2.7183125021110754,0.0,1048.5625,14,1479.1640625
1779138603.4474683,1843,1.3674125002580695,2.7183625024918,0.0,1048.5625,14,1479.1640625
1779138603.4474688,1844,1.3674125002580695,2.718425002967706,0.0,1048.5625,14,1479.1640625
1779138603.4474692,1845,1.3674125002580695,2.718487503443612,0.0,1048.5625,14,1479.1640625
1779138603.4474695,1846,1.3674125002580695,2.7185375001863576,0.0,1048.5625,14,1479.1640625
1779138603.4474702,1847,1.3674125002580695,2.7186125007574446,0.0,1048.5625,14,1479.1640625
1779138603.494778,1848,1.7651875023148023,3.1206750027195085,0.0,1048.56640625,14,1479.1640625
1779138603.4947808,1849,1.7651875023148023,3.1208750006044284,0.0,1048.56640625,14,1479.1640625
1779138603.4947813,1850,1.7651875023148023,3.1209500011755154,0.0,1048.56640625,14,1479.1640625
1779138603.4947817,1851,1.7651875023148023,3.1210250017466024,0.0,1048.56640625,14,1479.1640625
1779138603.4947824,1852,1.7651875023148023,3.1211000023176894,0.0,1048.56640625,14,1479.1640625
1779138603.494783,1853,1.7651875023148023,3.121162502793595,0.0,1048.56640625,14,1479.1640625
1779138603.4947834,1854,1.7651875023148023,3.12121250317432,0.0,1048.56640625,14,1479.1640625
1779138603.494784,1855,1.7651875023148023,3.1212625035550445,0.0,1048.56640625,14,1479.1640625
1779138603.5393376,1856,1.733737502945587,3.1508499996562023,41.7,1048.56640625,14,1479.1640625
1779138603.539341,1857,1.733737502945587,3.151112501655007,41.7,1048.56640625,14,1479.1640625
1779138603.539342,1858,1.733737502945587,3.151200002321275,41.7,1048.56640625,14,1479.1640625
1779138603.5393426,1859,1.733737502945587,3.151324999635108,41.7,1048.56640625,14,1479.1640625
1779138603.5393434,1860,1.733737502945587,3.151400000206195,41.7,1048.56640625,14,1479.1640625
1779138603.539344,1861,1.733737502945587,3.1515125010628253,41.7,1048.56640625,14,1479.1640625
1779138603.5393445,1862,1.733737502945587,3.151575001538731,41.7,1048.56640625,14,1479.1640625
1779138603.5393455,1863,1.733737502945587,3.151637502014637,41.7,1048.56640625,14,1479.1640625
1779138603.5781317,1864,1.4027625002199784,2.7481625002110377,14.3,1048.56640625,14,1479.1640625
1779138603.578134,1865,1.4027625002199784,2.74838749828632,14.3,1048.56640625,14,1479.1640625
1779138603.5781345,1866,1.4027625002199784,2.7484499987622257,14.3,1048.56640625,14,1479.1640625
1779138603.578135,1867,1.4027625002199784,2.7485124992381316,14.3,1048.56640625,14,1479.1640625
1779138603.5781355,1868,1.4027625002199784,2.7485624996188562,14.3,1048.56640625,14,1479.1640625
1779138603.5781357,1869,1.4027625002199784,2.748625000094762,14.3,1048.56640625,14,1479.1640625
1779138603.5781362,1870,1.4027625002199784,2.748687500570668,14.3,1048.56640625,14,1479.1640625
1779138603.578137,1871,1.4027625002199784,2.7487375009513926,14.3,1048.56640625,14,1479.1640625
1779138603.615028,1872,1.4042750008229632,2.694737500860356,28.6,1048.56640625,14,1479.1640625
1779138603.6150308,1873,1.4042750008229632,2.694962498935638,28.6,1048.56640625,14,1479.1640625
1779138603.6150312,1874,1.4042750008229632,2.695037499506725,28.6,1048.56640625,14,1479.1640625
1779138603.615032,1875,1.4042750008229632,2.695112500077812,28.6,1048.56640625,14,1479.1640625
1779138603.6150324,1876,1.4042750008229632,2.695187500648899,28.6,1048.56640625,14,1479.1640625
1779138603.615033,1877,1.4042750008229632,2.695237497391645,28.6,1048.56640625,14,1479.1640625
1779138603.6150336,1878,1.4042750008229632,2.695312497962732,28.6,1048.56640625,14,1479.1640625
1779138603.615034,1879,1.4042750008229632,2.6953749984386377,28.6,1048.56640625,14,1479.1640625
1779138603.654282,1880,1.4566249992640223,2.8656249996856786,0.0,1048.5703125,14,1479.1640625
1779138603.6542847,1881,1.4566249992640223,2.8658375013037585,0.0,1048.5703125,14,1479.1640625
1779138603.6542857,1882,1.4566249992640223,2.8659125018748455,0.0,1048.5703125,14,1479.1640625
1779138603.654286,1883,1.4566249992640223,2.8659750023507513,0.0,1048.5703125,14,1479.1640625
1779138603.6542866,1884,1.4566249992640223,2.866025002731476,0.0,1048.5703125,14,1479.1640625
1779138603.6542869,1885,1.4566249992640223,2.866087499569403,0.0,1048.5703125,14,1479.1640625
1779138603.6542873,1886,1.4566249992640223,2.8661374999501277,0.0,1048.5703125,14,1479.1640625
1779138603.6542878,1887,1.4566249992640223,2.8661875003308523,0.0,1048.5703125,14,1479.1640625
1779138603.6935027,1888,1.4096500017330982,2.7980125014437363,33.3,1048.5703125,14,1476.9140625
1779138603.6935067,1889,1.4096500017330982,2.798337500280468,33.3,1048.5703125,14,1476.9140625
1779138603.693508,1890,1.4096500017330982,2.7984500011370983,33.3,1048.5703125,14,1476.9140625
1779138603.6935086,1891,1.4096500017330982,2.798562501993729,33.3,1048.5703125,14,1476.9140625
1779138603.6935093,1892,1.4096500017330982,2.798650002659997,33.3,1048.5703125,14,1476.9140625
1779138603.69351,1893,1.4096500017330982,2.7987499997834675,33.3,1048.5703125,14,1476.9140625
1779138603.6935112,1894,1.4096500017330982,2.798862500640098,33.3,1048.5703125,14,1476.9140625
1779138603.6935117,1895,1.4096500017330982,2.798950001306366,33.3,1048.5703125,14,1476.9140625
1779138603.7320764,1896,1.408700001775287,2.7825750003103167,0.0,1048.5703125,14,1476.9140625
1779138603.732079,1897,1.408700001775287,2.782799998385599,0.0,1048.5703125,14,1476.9140625
1779138603.7320838,1898,1.408700001775287,2.7833749991259538,0.0,1048.5703125,14,1476.9140625
1779138603.7320843,1899,1.408700001775287,2.783462499792222,0.0,1048.5703125,14,1476.9140625
1779138603.732085,1900,1.408700001775287,2.7835250002681278,0.0,1048.5703125,14,1476.9140625
1779138603.7320855,1901,1.408700001775287,2.7835875007440336,0.0,1048.5703125,14,1476.9140625
1779138603.732086,1902,1.408700001775287,2.7836625013151206,0.0,1048.5703125,14,1476.9140625
1779138603.7320862,1903,1.408700001775287,2.7837125016958453,0.0,1048.5703125,14,1476.9140625
1779138603.771969,1904,1.3858500024070963,2.6919750016531907,35.7,1048.578125,15,1476.9140625
1779138603.7719712,1905,1.3858500024070963,2.6921749995381106,35.7,1048.578125,15,1476.9140625
1779138603.771972,1906,1.3858500024070963,2.6922500001091976,35.7,1048.578125,15,1476.9140625
1779138603.7719724,1907,1.3858500024070963,2.6923125005851034,35.7,1048.578125,15,1476.9140625
1779138603.771973,1908,1.3858500024070963,2.6923750010610092,35.7,1048.578125,15,1476.9140625
1779138603.7719734,1909,1.3858500024070963,2.692437501536915,35.7,1048.578125,15,1476.9140625
1779138603.7719738,1910,1.3858500024070963,2.692500002012821,35.7,1048.578125,15,1476.9140625
1779138603.7719743,1911,1.3858500024070963,2.6925500023935456,35.7,1048.578125,15,1476.9140625
1779138603.8086112,1912,1.3323375023901463,2.6809125010913704,0.0,1048.578125,15,1476.9140625
1779138603.8086138,1913,1.3323375023901463,2.6811249990714714,0.0,1048.578125,15,1476.9140625
1779138603.8086145,1914,1.3323375023901463,2.6811874995473772,0.0,1048.578125,15,1476.9140625
1779138603.8086152,1915,1.3323375023901463,2.6812625001184642,0.0,1048.578125,15,1476.9140625
1779138603.8086157,1916,1.3323375023901463,2.68132500059437,0.0,1048.578125,15,1476.9140625
1779138603.80862,1917,1.3323375023901463,2.6818750011443626,0.0,1048.578125,15,1476.9140625
1779138603.8086205,1918,1.3323375023901463,2.6819500017154496,0.0,1048.578125,15,1476.9140625
1779138603.8086212,1919,1.3323375023901463,2.6820000020961743,0.0,1048.578125,15,1476.9140625
1779138603.8462014,1920,1.3459000001603272,2.6926124992314726,10.0,1048.58203125,15,1476.9140625
1779138603.8462052,1921,1.3459000001603272,2.692924997973023,10.0,1048.58203125,15,1476.9140625
1779138603.846206,1922,1.3459000001603272,2.693012498639291,10.0,1048.58203125,15,1476.9140625
1779138603.8462064,1923,1.3459000001603272,2.693074999115197,10.0,1048.58203125,15,1476.9140625
1779138603.846207,1924,1.3459000001603272,2.693162499781465,10.0,1048.58203125,15,1476.9140625
1779138603.8462074,1925,1.3459000001603272,2.693237500352552,10.0,1048.58203125,15,1476.9140625
1779138603.846208,1926,1.3459000001603272,2.693287500733277,10.0,1048.58203125,15,1476.9140625
1779138603.8462086,1927,1.3459000001603272,2.6933500012091827,10.0,1048.58203125,15,1476.9140625
1779138603.8900304,1928,1.5507874995819293,2.8865249987575226,11.1,1048.58203125,15,1476.9140625
1779138603.8900335,1929,1.5507874995819293,2.8867500004707836,11.1,1048.58203125,15,1476.9140625
1779138603.890034,1930,1.5507874995819293,2.8868249974038918,11.1,1048.58203125,15,1476.9140625
1779138603.8900344,1931,1.5507874995819293,2.8868749977846164,11.1,1048.58203125,15,1476.9140625
1779138603.890035,1932,1.5507874995819293,2.8869499983557034,11.1,1048.58203125,15,1476.9140625
1779138603.8900354,1933,1.5507874995819293,2.8870499991171528,11.1,1048.58203125,15,1476.9140625
1779138603.8900366,1934,1.5507874995819293,2.887212500354508,11.1,1048.58203125,15,1476.9140625
1779138603.8900378,1935,1.5507874995819293,2.887287497287616,11.1,1048.58203125,15,1476.9140625
1779138603.9290268,1936,1.3355250011954922,2.6434374995005783,8.3,1048.5859375,15,1476.9140625
1779138603.9290335,1937,1.3355250011954922,2.6441875015734695,8.3,1048.5859375,15,1476.9140625
1779138603.929034,1938,1.3355250011954922,2.6442625021445565,8.3,1048.5859375,15,1476.9140625
1779138603.9290345,1939,1.3355250011954922,2.6443250026204623,8.3,1048.5859375,15,1476.9140625
1779138603.929035,1940,1.3355250011954922,2.6443874994583894,8.3,1048.5859375,15,1476.9140625
1779138603.9290354,1941,1.3355250011954922,2.644437499839114,8.3,1048.5859375,15,1476.9140625
1779138603.9290357,1942,1.3355250011954922,2.64450000031502,8.3,1048.5859375,15,1476.9140625
1779138603.9290364,1943,1.3355250011954922,2.6445500006957445,8.3,1048.5859375,15,1476.9140625
1779138603.9742603,1944,1.9761499970627483,3.4068749992002267,40.0,1048.58984375,15,1476.9140625
1779138603.9742627,1945,1.9761499970627483,3.4070874971803278,40.0,1048.58984375,15,1476.9140625
1779138603.9742632,1946,1.9761499970627483,3.4071499976562336,40.0,1048.58984375,15,1476.9140625
1779138603.9742641,1947,1.9761499970627483,3.407249998417683,40.0,1048.58984375,15,1476.9140625
1779138603.9742646,1948,1.9761499970627483,3.407312498893589,40.0,1048.58984375,15,1476.9140625
1779138603.974265,1949,1.9761499970627483,3.4073624992743134,40.0,1048.58984375,15,1476.9140625
1779138603.9742656,1950,1.9761499970627483,3.4074249997502193,40.0,1048.58984375,15,1476.9140625
1779138603.974266,1951,1.9761499970627483,3.407487500226125,40.0,1048.58984375,15,1476.9140625
1779138604.0167294,1952,1.4680499989481177,2.8714375002891757,21.4,1048.58984375,15,1476.9140625
1779138604.0167322,1953,1.4680499989481177,2.871674998459639,21.4,1048.58984375,15,1476.9140625
1779138604.016733,1954,1.4680499989481177,2.871749999030726,21.4,1048.58984375,15,1476.9140625
1779138604.0167334,1955,1.4680499989481177,2.871824999601813,21.4,1048.58984375,15,1476.9140625
1779138604.0167398,1956,1.4680499989481177,2.87262499841745,21.4,1048.58984375,15,1476.9140625
1779138604.0167406,1957,1.4680499989481177,2.8727124990837183,21.4,1048.58984375,15,1476.9140625
1779138604.016741,1958,1.4680499989481177,2.872774999559624,21.4,1048.58984375,15,1476.9140625
1779138604.0167415,1959,1.4680499989481177,2.87283750003553,21.4,1048.58984375,15,1476.9140625
1779138604.0605671,1960,1.7309875001956243,3.1967625000106636,0.0,1048.59375,15,1476.9140625
1779138604.0605712,1961,1.7309875001956243,3.1971124990377575,0.0,1048.59375,15,1476.9140625
1779138604.0605724,1962,1.7309875001956243,3.1972625001799315,0.0,1048.59375,15,1476.9140625
1779138604.0605733,1963,1.7309875001956243,3.1974000012269244,0.0,1048.59375,15,1476.9140625
1779138604.0605745,1964,1.7309875001956243,3.197512502083555,0.0,1048.59375,15,1476.9140625
1779138604.0605752,1965,1.7309875001956243,3.1976124992070254,0.0,1048.59375,15,1476.9140625
1779138604.060576,1966,1.7309875001956243,3.1977124999684747,0.0,1048.59375,15,1476.9140625
1779138604.060577,1967,1.7309875001956243,3.1978250008251052,0.0,1048.59375,15,1476.9140625
1779138604.1052706,1968,1.609424998605391,2.9653624987986404,0.0,1048.59765625,15,1476.9140625
1779138604.105273,1969,1.609424998605391,2.9655875005119015,0.0,1048.59765625,15,1476.9140625
1779138604.1052735,1970,1.609424998605391,2.9656500009878073,0.0,1048.59765625,15,1476.9140625
1779138604.1052744,1971,1.609424998605391,2.9657375016540755,0.0,1048.59765625,15,1476.9140625
1779138604.105275,1972,1.609424998605391,2.9657999984920025,0.0,1048.59765625,15,1476.9140625
1779138604.1052754,1973,1.609424998605391,2.965849998872727,0.0,1048.59765625,15,1476.9140625
1779138604.1052759,1974,1.609424998605391,2.965924999443814,0.0,1048.59765625,15,1476.9140625
1779138604.1052763,1975,1.609424998605391,2.96598749991972,0.0,1048.59765625,15,1476.9140625
1779138604.1426332,1976,1.4030749989615288,2.7310125005897135,13.3,1048.6015625,15,1476.9140625
1779138604.142636,1977,1.4030749989615288,2.731212502112612,13.3,1048.6015625,15,1476.9140625
1779138604.1426368,1978,1.4030749989615288,2.7312874990457203,13.3,1048.6015625,15,1476.9140625
1779138604.142637,1979,1.4030749989615288,2.731337499426445,13.3,1048.6015625,15,1476.9140625
1779138604.1426375,1980,1.4030749989615288,2.731399999902351,13.3,1048.6015625,15,1476.9140625
1779138604.142638,1981,1.4030749989615288,2.7314625003782567,13.3,1048.6015625,15,1476.9140625
1779138604.1426387,1982,1.4030749989615288,2.7315125007589813,13.3,1048.6015625,15,1476.9140625
1779138604.1426392,1983,1.4030749989615288,2.731575001234887,13.3,1048.6015625,15,1476.9140625
1779138604.180435,1984,1.3695250017917715,2.7176500007044524,70.0,1048.6015625,15,1476.9140625
1779138604.1804378,1985,1.3695250017917715,2.7178749987797346,70.0,1048.6015625,15,1476.9140625
1779138604.1804385,1986,1.3695250017917715,2.7179499993508216,70.0,1048.6015625,15,1476.9140625
1779138604.1804388,1987,1.3695250017917715,2.7180124998267274,70.0,1048.6015625,15,1476.9140625
1779138604.1804392,1988,1.3695250017917715,2.718062500207452,70.0,1048.6015625,15,1476.9140625
1779138604.1804397,1989,1.3695250017917715,2.718125000683358,70.0,1048.6015625,15,1476.9140625
1779138604.1804404,1990,1.3695250017917715,2.7181875011592638,70.0,1048.6015625,15,1476.9140625
1779138604.180441,1991,1.3695250017917715,2.7182500016351696,70.0,1048.6015625,15,1476.9140625
1779138604.221876,1992,1.3069625019852538,2.7332875033607706,7.1,1048.60546875,15,1476.9140625
1779138604.2218795,1993,1.3069625019852538,2.7335500017215963,7.1,1048.60546875,15,1476.9140625
1779138604.22188,1994,1.3069625019852538,2.7336250022926833,7.1,1048.60546875,15,1476.9140625
1779138604.2218833,1995,1.3069625019852538,2.734025001700502,7.1,1048.60546875,15,1476.9140625
1779138604.221884,1996,1.3069625019852538,2.734100002271589,7.1,1048.60546875,15,1476.9140625
1779138604.2218845,1997,1.3069625019852538,2.734175002842676,7.1,1048.60546875,15,1476.9140625
1779138604.221885,1998,1.3069625019852538,2.7342375033185817,7.1,1048.60546875,15,1476.9140625
1779138604.2218854,1999,1.3069625019852538,2.7343000001565088,7.1,1048.60546875,15,1476.9140625
1779138604.2651732,2000,1.8238624979858287,3.2182499999180436,18.8,1048.609375,15,1476.9140625
1779138604.2651758,2001,1.8238624979858287,3.2184499978029635,18.8,1048.609375,15,1476.9140625
1779138604.2651765,2002,1.8238624979858287,3.218549998564413,18.8,1048.609375,15,1476.9140625
1779138604.265177,2003,1.8238624979858287,3.2186124990403187,18.8,1048.609375,15,1476.9140625
1779138604.2651775,2004,1.8238624979858287,3.2186749995162245,18.8,1048.609375,15,1476.9140625
1779138604.2651784,2005,1.8238624979858287,3.2187625001824927,18.8,1048.609375,15,1476.9140625
1779138604.265179,2006,1.8238624979858287,3.2188250006583985,18.8,1048.609375,15,1476.9140625
1779138604.2651794,2007,1.8238624979858287,3.2188874974963255,18.8,1048.609375,15,1476.9140625
1779138604.307381,2008,1.5320874990720768,2.8847124995081685,0.0,1048.609375,19,1476.9140625
1779138604.3073838,2009,1.5320874990720768,2.884962497773813,0.0,1048.609375,19,1476.9140625
1779138604.3073847,2010,1.5320874990720768,2.8850624985352624,0.0,1048.609375,19,1476.9140625
1779138604.3073854,2011,1.5320874990720768,2.8851374991063494,0.0,1048.609375,19,1476.9140625
1779138604.307386,2012,1.5320874990720768,2.8851999995822553,0.0,1048.609375,19,1476.9140625
1779138604.3073866,2013,1.5320874990720768,2.8852750001533423,0.0,1048.609375,19,1476.9140625
1779138604.307387,2014,1.5320874990720768,2.8853499970864505,0.0,1048.609375,19,1476.9140625
1779138604.3073914,2015,1.5320874990720768,2.885887497541262,0.0,1048.609375,19,1476.9140625
1779138604.3477557,2016,1.434599998901831,2.858837498934008,16.7,1048.61328125,19,1476.9140625
1779138604.3477616,2017,1.434599998901831,2.8593874994840007,16.7,1048.61328125,19,1476.9140625
1779138604.3477626,2018,1.434599998901831,2.8595000003406312,16.7,1048.61328125,19,1476.9140625
1779138604.3477635,2019,1.434599998901831,2.859625001292443,16.7,1048.61328125,19,1476.9140625
1779138604.3477643,2020,1.434599998901831,2.859712501958711,16.7,1048.61328125,19,1476.9140625
1779138604.347765,2021,1.434599998901831,2.8598249991773628,16.7,1048.61328125,19,1476.9140625
1779138604.347766,2022,1.434599998901831,2.859924999938812,16.7,1048.61328125,19,1476.9140625
1779138604.3477669,2023,1.434599998901831,2.8600250007002614,16.7,1048.61328125,19,1476.9140625
1779138604.392104,2024,1.5759124980831984,3.051512499951059,68.8,1048.62109375,19,1476.9140625
1779138604.392107,2025,1.5759124980831984,3.0517499981215224,68.8,1048.62109375,19,1476.9140625
1779138604.3921077,2026,1.5759124980831984,3.0518249986926094,68.8,1048.62109375,19,1476.9140625
1779138604.3921082,2027,1.5759124980831984,3.0519124993588775,68.8,1048.62109375,19,1476.9140625
1779138604.3921092,2028,1.5759124980831984,3.051999996387167,68.8,1048.62109375,19,1476.9140625
1779138604.3921096,2029,1.5759124980831984,3.052074996958254,68.8,1048.62109375,19,1476.9140625
1779138604.39211,2030,1.5759124980831984,3.0521249973389786,68.8,1048.62109375,19,1476.9140625
1779138604.3921106,2031,1.5759124980831984,3.0521749977197032,68.8,1048.62109375,19,1476.9140625
1779138604.4327295,2032,1.4168749985401519,2.7478000010887627,0.0,1048.62109375,19,1476.9140625
1779138604.4327323,2033,1.4168749985401519,2.7479999989736825,0.0,1048.62109375,19,1476.9140625
1779138604.4327374,2034,1.4168749985401519,2.7485999999043997,0.0,1048.62109375,19,1476.9140625
1779138604.4327378,2035,1.4168749985401519,2.7486625003803056,0.0,1048.62109375,19,1476.9140625
1779138604.4327383,2036,1.4168749985401519,2.7487500010465737,0.0,1048.62109375,19,1476.9140625
1779138604.432739,2037,1.4168749985401519,2.748824997979682,0.0,1048.62109375,19,1476.9140625
1779138604.4327395,2038,1.4168749985401519,2.7488874984555878,0.0,1048.62109375,19,1476.9140625
1779138604.4327402,2039,1.4168749985401519,2.7489499989314936,0.0,1048.62109375,19,1476.9140625
1779138604.4726045,2040,1.4733624993823469,2.8405499979271553,61.5,1048.62890625,19,1476.9140625
1779138604.472607,2041,1.4733624993823469,2.840749999450054,61.5,1048.62890625,19,1476.9140625
1779138604.4726074,2042,1.4733624993823469,2.84081249992596,61.5,1048.62890625,19,1476.9140625
1779138604.472608,2043,1.4733624993823469,2.840874996763887,61.5,1048.62890625,19,1476.9140625
1779138604.4726086,2044,1.4733624993823469,2.840949997334974,61.5,1048.62890625,19,1476.9140625
1779138604.472609,2045,1.4733624993823469,2.8410124978108797,61.5,1048.62890625,19,1476.9140625
1779138604.4726095,2046,1.4733624993823469,2.8410624981916044,61.5,1048.62890625,19,1476.9140625
1779138604.47261,2047,1.4733624993823469,2.8411249986675102,61.5,1048.62890625,19,1476.9140625
1779138604.5130885,2048,1.4175249998515937,2.8377374983392656,0.0,1048.63671875,19,1476.9140625
1779138604.513091,2049,1.4175249998515937,2.837924999766983,0.0,1048.63671875,19,1476.9140625
1779138604.513092,2050,1.4175249998515937,2.8380249968904536,0.0,1048.63671875,19,1476.9140625
1779138604.5130925,2051,1.4175249998515937,2.8380874973663595,0.0,1048.63671875,19,1476.9140625
1779138604.5130932,2052,1.4175249998515937,2.8381499978422653,0.0,1048.63671875,19,1476.9140625
1779138604.5130937,2053,1.4175249998515937,2.8382249984133523,0.0,1048.63671875,19,1476.9140625
1779138604.5131006,2054,1.4175249998515937,2.8390999978000764,0.0,1048.63671875,19,1476.9140625
1779138604.5131013,2055,1.4175249998515937,2.8391749983711634,0.0,1048.63671875,19,1476.9140625
1779138604.5510106,2056,1.3258874969324097,2.6478624968149234,16.7,1048.64453125,19,1476.9140625
1779138604.5510144,2057,1.3258874969324097,2.6481749991944525,16.7,1048.64453125,19,1476.9140625
1779138604.5510154,2058,1.3258874969324097,2.648287500051083,16.7,1048.64453125,19,1476.9140625
1779138604.551016,2059,1.3258874969324097,2.6483624969841912,16.7,1048.64453125,19,1476.9140625
1779138604.5510168,2060,1.3258874969324097,2.6484374975552782,16.7,1048.64453125,19,1476.9140625
1779138604.5510173,2061,1.3258874969324097,2.648499998031184,16.7,1048.64453125,19,1476.9140625
1779138604.5510178,2062,1.3258874969324097,2.64856249850709,16.7,1048.64453125,19,1476.9140625
1779138604.551018,2063,1.3258874969324097,2.648637499078177,16.7,1048.64453125,19,1476.9140625
1779138604.5914822,2064,1.5871625000727363,2.91153750004014,0.0,1048.64453125,19,1476.9140625
1779138604.5914848,2065,1.5871625000727363,2.91173749792506,0.0,1048.64453125,19,1476.9140625
1779138604.5914853,2066,1.5871625000727363,2.911812498496147,0.0,1048.64453125,19,1476.9140625
1779138604.5914857,2067,1.5871625000727363,2.9118749989720527,0.0,1048.64453125,19,1476.9140625
1779138604.5914862,2068,1.5871625000727363,2.9119374994479585,0.0,1048.64453125,19,1476.9140625
1779138604.5914867,2069,1.5871625000727363,2.9119999999238644,0.0,1048.64453125,19,1476.9140625
1779138604.5914872,2070,1.5871625000727363,2.91206250039977,0.0,1048.64453125,19,1476.9140625
1779138604.5914876,2071,1.5871625000727363,2.912125000875676,0.0,1048.64453125,19,1476.9140625
1779138604.6297407,2072,1.3255125013529323,2.72910000057891,22.2,1048.65234375,19,1476.9140625
1779138604.6297433,2073,1.3255125013529323,2.729325002292171,22.2,1048.65234375,19,1476.9140625
1779138604.629744,2074,1.3255125013529323,2.729387502768077,22.2,1048.65234375,19,1476.9140625
1779138604.6297443,2075,1.3255125013529323,2.729449999606004,22.2,1048.65234375,19,1476.9140625
1779138604.629745,2076,1.3255125013529323,2.72951250008191,22.2,1048.65234375,19,1476.9140625
1779138604.6297457,2077,1.3255125013529323,2.729600000748178,22.2,1048.65234375,19,1476.9140625
1779138604.6297464,2078,1.3255125013529323,2.729675001319265,22.2,1048.65234375,19,1476.9140625
1779138604.6297467,2079,1.3255125013529323,2.7297250016999897,22.2,1048.65234375,19,1476.9140625
1779138604.6685984,2080,1.51918749907054,2.868062500056112,0.0,1048.65625,19,1476.9140625
1779138604.668601,2081,1.51918749907054,2.8682874981313944,0.0,1048.65625,19,1476.9140625
1779138604.6686018,2082,1.51918749907054,2.8683624987024814,0.0,1048.65625,19,1476.9140625
1779138604.6686025,2083,1.51918749907054,2.8684249991783872,0.0,1048.65625,19,1476.9140625
1779138604.668603,2084,1.51918749907054,2.8684999997494742,0.0,1048.65625,19,1476.9140625
1779138604.6686034,2085,1.51918749907054,2.868550000130199,0.0,1048.65625,19,1476.9140625
1779138604.668604,2086,1.51918749907054,2.8686125006061047,0.0,1048.65625,19,1476.9140625
1779138604.6686044,2087,1.51918749907054,2.8686750010820106,0.0,1048.65625,19,1476.9140625
1779138604.7144325,2088,2.05942500178935,3.48253750053118,0.0,1048.66015625,19,1476.9140625
1779138604.7144349,2089,2.05942500178935,3.4827375020540785,0.0,1048.66015625,19,1476.9140625
1779138604.7144356,2090,2.05942500178935,3.4828000025299843,0.0,1048.66015625,19,1476.9140625
1779138604.714436,2091,2.05942500178935,3.4828749994630925,0.0,1048.66015625,19,1476.9140625
1779138604.7144363,2092,2.05942500178935,3.4829374999389984,0.0,1048.66015625,19,1476.9140625
1779138604.7144413,2093,2.05942500178935,3.4835375008697156,0.0,1048.66015625,19,1476.9140625
1779138604.7144418,2094,2.05942500178935,3.4836000013456214,0.0,1048.66015625,19,1476.9140625
1779138604.7144423,2095,2.05942500178935,3.4836625018215273,0.0,1048.66015625,19,1476.9140625
1779138604.7722955,2096,1.834999999118736,3.278387499449309,46.7,1048.6640625,11,1476.9140625
1779138604.772298,2097,1.834999999118736,3.278600001067389,46.7,1048.6640625,11,1476.9140625
1779138604.7722986,2098,1.834999999118736,3.278675001638476,46.7,1048.6640625,11,1476.9140625
1779138604.772299,2099,1.834999999118736,3.2787250020192005,46.7,1048.6640625,11,1476.9140625
1779138604.7722995,2100,1.834999999118736,3.2787875024951063,46.7,1048.6640625,11,1476.9140625
1779138604.7723,2101,1.834999999118736,3.2788624994282145,46.7,1048.6640625,11,1476.9140625
1779138604.7723005,2102,1.834999999118736,3.278912499808939,46.7,1048.6640625,11,1476.9140625
1779138604.7723007,2103,1.834999999118736,3.278975000284845,46.7,1048.6640625,11,1476.9140625
1779138604.814921,2104,1.5952375033521093,3.0187250013113953,4.5,1048.6640625,11,1476.9140625
1779138604.8149235,2105,1.5952375033521093,3.018925002834294,4.5,1048.6640625,11,1476.9140625
1779138604.8149242,2106,1.5952375033521093,3.0189875033102,4.5,1048.6640625,11,1476.9140625
1779138604.8149247,2107,1.5952375033521093,3.019062500243308,4.5,1048.6640625,11,1476.9140625
1779138604.8149252,2108,1.5952375033521093,3.019125000719214,4.5,1048.6640625,11,1476.9140625
1779138604.814926,2109,1.5952375033521093,3.0191750010999385,4.5,1048.6640625,11,1476.9140625
1779138604.8149261,2110,1.5952375033521093,3.019225001480663,4.5,1048.6640625,11,1476.9140625
1779138604.8149266,2111,1.5952375033521093,3.019287501956569,4.5,1048.6640625,11,1476.9140625
1779138604.8551648,2112,1.3564250002673361,2.7338375002727844,0.0,1048.671875,11,1476.9140625
1779138604.855167,2113,1.3564250002673361,2.734037501795683,0.0,1048.671875,11,1476.9140625
1779138604.8551676,2114,1.3564250002673361,2.73411250236677,0.0,1048.671875,11,1476.9140625
1779138604.855168,2115,1.3564250002673361,2.734162499109516,0.0,1048.671875,11,1476.9140625
1779138604.855169,2116,1.3564250002673361,2.7342624998709653,0.0,1048.671875,11,1476.9140625
1779138604.8551693,2117,1.3564250002673361,2.73431250025169,0.0,1048.671875,11,1476.9140625
1779138604.8551698,2118,1.3564250002673361,2.734387500822777,0.0,1048.671875,11,1476.9140625
1779138604.8551702,2119,1.3564250002673361,2.7344500012986828,0.0,1048.671875,11,1476.9140625
1779138604.8930533,2120,1.3894875010009855,2.7294999999867287,10.0,1048.671875,11,1476.9140625
1779138604.8930557,2121,1.3894875010009855,2.7297000015096273,10.0,1048.671875,11,1476.9140625
1779138604.8930566,2122,1.3894875010009855,2.7297750020807143,10.0,1048.671875,11,1476.9140625
1779138604.893057,2123,1.3894875010009855,2.72983750255662,10.0,1048.671875,11,1476.9140625
1779138604.8930573,2124,1.3894875010009855,2.7299124994897284,10.0,1048.671875,11,1476.9140625
1779138604.8930578,2125,1.3894875010009855,2.729962499870453,10.0,1048.671875,11,1476.9140625
1779138604.8930583,2126,1.3894875010009855,2.73003750044154,10.0,1048.671875,11,1476.9140625
1779138604.8930588,2127,1.3894875010009855,2.7300875008222647,10.0,1048.671875,11,1476.9140625
1779138604.9370046,2128,1.3913000002503395,2.772787498543039,8.3,1048.671875,11,1476.9140625
1779138604.937008,2129,1.3913000002503395,2.7730500005418435,8.3,1048.671875,11,1476.9140625
1779138604.9370086,2130,1.3913000002503395,2.773137497570133,8.3,1048.671875,11,1476.9140625
1779138604.9370093,2131,1.3913000002503395,2.773224998236401,8.3,1048.671875,11,1476.9140625
1779138604.9370165,2132,1.3913000002503395,2.774162498099031,8.3,1048.671875,11,1476.9140625
1779138604.9370177,2133,1.3913000002503395,2.7742749989556614,8.3,1048.671875,11,1476.9140625
1779138604.9370184,2134,1.3913000002503395,2.7743499995267484,8.3,1048.671875,11,1476.9140625
1779138604.9370189,2135,1.3913000002503395,2.7744250000978354,8.3,1048.671875,11,1476.9140625
1779138604.9805825,2136,1.3560875013354234,2.7881000023626257,0.0,1048.6796875,11,1476.9140625
1779138604.9805856,2137,1.3560875013354234,2.788325000437908,0.0,1048.6796875,11,1476.9140625
1779138604.9805863,2138,1.3560875013354234,2.788412501104176,0.0,1048.6796875,11,1476.9140625
1779138604.9805868,2139,1.3560875013354234,2.788487501675263,0.0,1048.6796875,11,1476.9140625
1779138604.9805875,2140,1.3560875013354234,2.788575002341531,0.0,1048.6796875,11,1476.9140625
1779138604.980588,2141,1.3560875013354234,2.788637502817437,0.0,1048.6796875,11,1476.9140625
1779138604.980589,2142,1.3560875013354234,2.7887124997505452,0.0,1048.6796875,11,1476.9140625
1779138604.9805894,2143,1.3560875013354234,2.7888000004168134,0.0,1048.6796875,11,1476.9140625
1779138605.0382774,2144,2.465325000230223,3.830400000879308,7.1,1048.6875,11,1476.9140625
1779138605.0382812,2145,2.465325000230223,3.8307124996208586,7.1,1048.6875,11,1476.9140625
1779138605.0382817,2146,2.465325000230223,3.8308000002871267,7.1,1048.6875,11,1476.9140625
1779138605.0382826,2147,2.465325000230223,3.8309250012389384,7.1,1048.6875,11,1476.9140625
1779138605.0382838,2148,2.465325000230223,3.83105000219075,7.1,1048.6875,11,1476.9140625
1779138605.0382843,2149,2.465325000230223,3.831112499028677,7.1,1048.6875,11,1476.9140625
1779138605.038285,2150,2.465325000230223,3.8312249998853076,7.1,1048.6875,11,1476.9140625
1779138605.0382879,2151,2.465325000230223,3.8315749989124015,7.1,1048.6875,11,1476.9140625
1779138605.0944963,2152,2.2372374987753574,3.6179999988235068,25.0,1048.69140625,11,1476.9140625
1779138605.094499,2153,2.2372374987753574,3.6182250005367678,25.0,1048.69140625,11,1476.9140625
1779138605.0944996,2154,2.2372374987753574,3.6183000011078548,25.0,1048.69140625,11,1476.9140625
1779138605.0945,2155,2.2372374987753574,3.6183625015837606,25.0,1048.69140625,11,1476.9140625
1779138605.094501,2156,2.2372374987753574,3.618462498707231,25.0,1048.69140625,11,1476.9140625
1779138605.0945013,2157,2.2372374987753574,3.618524999183137,25.0,1048.69140625,11,1476.9140625
1779138605.0945022,2158,2.2372374987753574,3.618599999754224,25.0,1048.69140625,11,1476.9140625
1779138605.0945027,2159,2.2372374987753574,3.61866250023013,25.0,1048.69140625,11,1476.9140625
1779138605.1342392,2160,1.4406749978661537,2.772124997136416,11.1,1048.69140625,11,1476.9140625
1779138605.1342418,2161,1.4406749978661537,2.772349998849677,11.1,1048.69140625,11,1476.9140625
1779138605.1342423,2162,1.4406749978661537,2.7724124993255828,11.1,1048.69140625,11,1476.9140625
1779138605.1342428,2163,1.4406749978661537,2.7724749998014886,11.1,1048.69140625,11,1476.9140625
1779138605.1342432,2164,1.4406749978661537,2.772562496829778,11.1,1048.69140625,11,1476.9140625
1779138605.1342442,2165,1.4406749978661537,2.772649997496046,11.1,1048.69140625,11,1476.9140625
1779138605.134245,2166,1.4406749978661537,2.772712497971952,11.1,1048.69140625,11,1476.9140625
1779138605.1342452,2167,1.4406749978661537,2.772774998447858,11.1,1048.69140625,11,1476.9140625
1779138605.1727335,2168,1.3197000007494353,2.6597124997351784,25.0,1048.6953125,11,1476.9140625
1779138605.172737,2169,1.3197000007494353,2.659949997905642,25.0,1048.6953125,11,1476.9140625
1779138605.1727374,2170,1.3197000007494353,2.660024998476729,25.0,1048.6953125,11,1476.9140625
1779138605.172741,2171,1.3197000007494353,2.6604499980749097,25.0,1048.6953125,11,1476.9140625
1779138605.1727414,2172,1.3197000007494353,2.660537498741178,25.0,1048.6953125,11,1476.9140625
1779138605.1727421,2173,1.3197000007494353,2.660624999407446,25.0,1048.6953125,11,1476.9140625
1779138605.1727428,2174,1.3197000007494353,2.660712500073714,25.0,1048.6953125,11,1476.9140625
1779138605.1727433,2175,1.3197000007494353,2.66077500054962,25.0,1048.6953125,11,1476.9140625
1779138605.2141082,2176,1.3313375020516105,2.640825001435587,0.0,1048.69921875,11,1476.9140625
1779138605.2141106,2177,1.3313375020516105,2.6410125028633047,0.0,1048.69921875,11,1476.9140625
1779138605.2141116,2178,1.3313375020516105,2.641099999891594,0.0,1048.69921875,11,1476.9140625
1779138605.214112,2179,1.3313375020516105,2.6411625003675,0.0,1048.69921875,11,1476.9140625
1779138605.2141128,2180,1.3313375020516105,2.641250001033768,0.0,1048.69921875,11,1476.9140625
1779138605.2141132,2181,1.3313375020516105,2.641325001604855,0.0,1048.69921875,11,1476.9140625
1779138605.2141137,2182,1.3313375020516105,2.641387502080761,0.0,1048.69921875,11,1476.9140625
1779138605.2141142,2183,1.3313375020516105,2.6414375024614856,0.0,1048.69921875,11,1476.9140625
1779138605.2509604,2184,1.320687497354811,2.6244999971822836,8.3,1048.69921875,11,1476.9140625
1779138605.250963,2185,1.320687497354811,2.6247249988955446,8.3,1048.69921875,11,1476.9140625
1779138605.2509637,2186,1.320687497354811,2.6247874993714504,8.3,1048.69921875,11,1476.9140625
1779138605.2509642,2187,1.320687497354811,2.6248624999425374,8.3,1048.69921875,11,1476.9140625
1779138605.2509646,2188,1.320687497354811,2.6249374968756456,8.3,1048.69921875,11,1476.9140625
1779138605.2509654,2189,1.320687497354811,2.6249999973515514,8.3,1048.69921875,11,1476.9140625
1779138605.2509704,2190,1.320687497354811,2.625637498567812,8.3,1048.69921875,11,1476.9140625
1779138605.2509708,2191,1.320687497354811,2.625712499138899,8.3,1048.69921875,11,1476.9140625
1779138605.2930548,2192,1.5569749994028825,2.8770249991794117,0.0,1048.703125,18,1476.9140625
1779138605.2930574,2193,1.5569749994028825,2.8772375007974915,0.0,1048.703125,18,1476.9140625
1779138605.2930582,2194,1.5569749994028825,2.8772999976354185,0.0,1048.703125,18,1476.9140625
1779138605.2930589,2195,1.5569749994028825,2.8773874983016867,0.0,1048.703125,18,1476.9140625
1779138605.2930593,2196,1.5569749994028825,2.8774624988727737,0.0,1048.703125,18,1476.9140625
1779138605.2930596,2197,1.5569749994028825,2.8775124992534984,0.0,1048.703125,18,1476.9140625
1779138605.29306,2198,1.5569749994028825,2.8775749997294042,0.0,1048.703125,18,1476.9140625
1779138605.2930605,2199,1.5569749994028825,2.877625000110129,0.0,1048.703125,18,1476.9140625
1779138605.3341215,2200,1.4083624992053956,2.7839499998663086,27.3,1048.70703125,18,1476.9140625
1779138605.3341243,2201,1.4083624992053956,2.784174997941591,27.3,1048.70703125,18,1476.9140625
1779138605.334125,2202,1.4083624992053956,2.7842374984174967,27.3,1048.70703125,18,1476.9140625
1779138605.3341253,2203,1.4083624992053956,2.7842999988934025,27.3,1048.70703125,18,1476.9140625
1779138605.334126,2204,1.4083624992053956,2.7843749994644895,27.3,1048.70703125,18,1476.9140625
1779138605.3341267,2205,1.4083624992053956,2.7844500000355765,27.3,1048.70703125,18,1476.9140625
1779138605.3341272,2206,1.4083624992053956,2.7844999967783224,27.3,1048.70703125,18,1476.9140625
1779138605.3341277,2207,1.4083624992053956,2.784562497254228,27.3,1048.70703125,18,1476.9140625
1779138605.3714962,2208,1.38639999931911,2.709249998588348,0.0,1048.71875,18,1476.9140625
1779138605.3714986,2209,1.38639999931911,2.7094375000160653,0.0,1048.71875,18,1476.9140625
1779138605.371504,2210,1.38639999931911,2.710137498070253,0.0,1048.71875,18,1476.9140625
1779138605.3715048,2211,1.38639999931911,2.71021249864134,0.0,1048.71875,18,1476.9140625
1779138605.3715055,2212,1.38639999931911,2.7102999993076082,0.0,1048.71875,18,1476.9140625
1779138605.371506,2213,1.38639999931911,2.710362499783514,0.0,1048.71875,18,1476.9140625
1779138605.3715065,2214,1.38639999931911,2.71042500025942,0.0,1048.71875,18,1476.9140625
1779138605.371507,2215,1.38639999931911,2.7104750006401446,0.0,1048.71875,18,1476.9140625
1779138605.4091485,2216,1.3439124995784368,2.6894125003309455,10.0,1048.72265625,18,1476.9140625
1779138605.4091516,2217,1.3439124995784368,2.68967500232975,10.0,1048.72265625,18,1476.9140625
1779138605.4091525,2218,1.3439124995784368,2.6897624993580393,10.0,1048.72265625,18,1476.9140625
1779138605.409153,2219,1.3439124995784368,2.6898625001194887,10.0,1048.72265625,18,1476.9140625
1779138605.4091537,2220,1.3439124995784368,2.6899375006905757,10.0,1048.72265625,18,1476.9140625
1779138605.4091547,2221,1.3439124995784368,2.690025001356844,10.0,1048.72265625,18,1476.9140625
1779138605.4091551,2222,1.3439124995784368,2.690100001927931,10.0,1048.72265625,18,1476.9140625
1779138605.4091556,2223,1.3439124995784368,2.690175002499018,10.0,1048.72265625,18,1476.9140625
1779138605.4477088,2224,1.2752625007124152,2.632162500958657,0.0,1048.72265625,18,1476.9140625
1779138605.4477117,2225,1.2752625007124152,2.632374998938758,0.0,1048.72265625,18,1476.9140625
1779138605.4477122,2226,1.2752625007124152,2.632449999509845,0.0,1048.72265625,18,1476.9140625
1779138605.4477131,2227,1.2752625007124152,2.632525000080932,0.0,1048.72265625,18,1476.9140625
1779138605.4477136,2228,1.2752625007124152,2.632600000652019,0.0,1048.72265625,18,1476.9140625
1779138605.4477158,2229,1.2752625007124152,2.632899999298388,0.0,1048.72265625,18,1476.9140625
1779138605.4477167,2230,1.2752625007124152,2.632974999869475,0.0,1048.72265625,18,1476.9140625
1779138605.4477172,2231,1.2752625007124152,2.633037500345381,0.0,1048.72265625,18,1476.9140625
1779138605.4909098,2232,1.6635249994578771,3.0965625010139775,21.4,1046.4921875,18,1476.9140625
1779138605.4909134,2233,1.6635249994578771,3.096812499279622,21.4,1046.4921875,18,1476.9140625
1779138605.4909143,2234,1.6635249994578771,3.0969375002314337,21.4,1046.4921875,18,1476.9140625
1779138605.4909153,2235,1.6635249994578771,3.097050001088064,21.4,1046.4921875,18,1476.9140625
1779138605.490916,2236,1.6635249994578771,3.0971499982115347,21.4,1046.4921875,18,1476.9140625
1779138605.4909172,2237,1.6635249994578771,3.097262499068165,21.4,1046.4921875,18,1476.9140625
1779138605.490918,2238,1.6635249994578771,3.0973749999247957,21.4,1046.4921875,18,1476.9140625
1779138605.4909184,2239,1.6635249994578771,3.097462500591064,21.4,1046.4921875,18,1476.9140625
1779138605.532791,2240,1.6978125022433233,3.076274999330053,15.0,1045.71484375,18,1476.9140625
1779138605.5327935,2241,1.6978125022433233,3.076475000852952,15.0,1045.71484375,18,1476.9140625
1779138605.5327945,2242,1.6978125022433233,3.076550001424039,15.0,1045.71484375,18,1476.9140625
1779138605.532795,2243,1.6978125022433233,3.076625001995126,15.0,1045.71484375,18,1476.9140625
1779138605.5327954,2244,1.6978125022433233,3.076699998928234,15.0,1045.71484375,18,1476.9140625
1779138605.532796,2245,1.6978125022433233,3.07676249940414,15.0,1045.71484375,18,1476.9140625
1779138605.5327964,2246,1.6978125022433233,3.0768249998800457,15.0,1045.71484375,18,1476.9140625
1779138605.5327969,2247,1.6978125022433233,3.0768750002607703,15.0,1045.71484375,18,1476.9140625
1779138605.5814207,2248,1.3894875010009855,2.7331874989613425,15.4,1047.5859375,18,1476.9140625
1779138605.581423,2249,1.3894875010009855,2.733387500484241,15.4,1047.5859375,18,1476.9140625
1779138605.5814235,2250,1.3894875010009855,2.733462501055328,15.4,1047.5859375,18,1476.9140625
1779138605.5814242,2251,1.3894875010009855,2.733525001531234,15.4,1047.5859375,18,1476.9140625
1779138605.5814247,2252,1.3894875010009855,2.733599998464342,15.4,1047.5859375,18,1476.9140625
1779138605.5814252,2253,1.3894875010009855,2.733674999035429,15.4,1047.5859375,18,1476.9140625
1779138605.581426,2254,1.3894875010009855,2.733737499511335,15.4,1047.5859375,18,1476.9140625
1779138605.5814261,2255,1.3894875010009855,2.733799999987241,15.4,1047.5859375,18,1476.9140625
1779138605.6210392,2256,1.3403874982031994,2.678324999578763,0.0,1047.58984375,18,1477.234375
1779138605.6210413,2257,1.3403874982031994,2.6785249974636827,0.0,1047.58984375,18,1477.234375
1779138605.6210423,2258,1.3403874982031994,2.6785874979395885,0.0,1047.58984375,18,1477.234375
1779138605.6210427,2259,1.3403874982031994,2.6786624985106755,0.0,1047.58984375,18,1477.234375
1779138605.621043,2260,1.3403874982031994,2.6787124988914,0.0,1047.58984375,18,1477.234375
1779138605.6210434,2261,1.3403874982031994,2.678762499272125,0.0,1047.58984375,18,1477.234375
1779138605.621044,2262,1.3403874982031994,2.6788249997480307,0.0,1047.58984375,18,1477.234375
1779138605.6210444,2263,1.3403874982031994,2.6788750001287553,0.0,1047.58984375,18,1477.234375
1779138605.6627293,2264,1.891787502245279,3.2559874998696614,2.4,1047.59375,18,1477.234375
1779138605.6627321,2265,1.891787502245279,3.2562125015829224,2.4,1047.59375,18,1477.234375
1779138605.6627328,2266,1.891787502245279,3.2562750020588282,2.4,1047.59375,18,1477.234375
1779138605.6627333,2267,1.891787502245279,3.2563500026299153,2.4,1047.59375,18,1477.234375
1779138605.6627393,2268,1.891787502245279,3.2571000010648277,2.4,1047.59375,18,1477.234375
1779138605.6627398,2269,1.891787502245279,3.2571750016359147,2.4,1047.59375,18,1477.234375
1779138605.6627402,2270,1.891787502245279,3.2572375021118205,2.4,1047.59375,18,1477.234375
1779138605.6627407,2271,1.891787502245279,3.2573000025877263,2.4,1047.59375,18,1477.234375
1779138605.7012854,2272,1.3515874998120125,2.6559500001894776,0.0,1047.6015625,18,1477.234375
1779138605.70129,2273,1.3515874998120125,2.656399999978021,0.0,1047.6015625,18,1477.234375
1779138605.7012906,2274,1.3515874998120125,2.656487500644289,0.0,1047.6015625,18,1477.234375
1779138605.701291,2275,1.3515874998120125,2.656550001120195,0.0,1047.6015625,18,1477.234375
1779138605.7012916,2276,1.3515874998120125,2.656612497958122,0.0,1047.6015625,18,1477.234375
1779138605.7012923,2277,1.3515874998120125,2.65669999862439,0.0,1047.6015625,18,1477.234375
1779138605.7012928,2278,1.3515874998120125,2.656762499100296,0.0,1047.6015625,18,1477.234375
1779138605.7012932,2279,1.3515874998120125,2.6568249995762017,0.0,1047.6015625,18,1477.234375
1779138605.741375,2280,1.6461499981232919,2.974412498588208,13.0,1047.6015625,18,1477.234375
1779138605.7413778,2281,1.6461499981232919,2.974625000206288,13.0,1047.6015625,18,1477.234375
1779138605.7413783,2282,1.6461499981232919,2.974687497044215,13.0,1047.6015625,18,1477.234375
1779138605.741379,2283,1.6461499981232919,2.974762497615302,13.0,1047.6015625,18,1477.234375
1779138605.7413795,2284,1.6461499981232919,2.974837498186389,13.0,1047.6015625,18,1477.234375
1779138605.7413802,2285,1.6461499981232919,2.974899998662295,13.0,1047.6015625,18,1477.234375
1779138605.7413807,2286,1.6461499981232919,2.974974999233382,13.0,1047.6015625,18,1477.234375
1779138605.7413812,2287,1.6461499981232919,2.9750374997092877,13.0,1047.6015625,18,1477.234375
1779138605.7799304,2288,1.4647499992861412,2.825725001457613,20.0,1047.609375,12,1477.234375
1779138605.779933,2289,1.4647499992861412,2.825924999342533,20.0,1047.609375,12,1477.234375
1779138605.7799337,2290,1.4647499992861412,2.82599999991362,20.0,1047.609375,12,1477.234375
1779138605.7799342,2291,1.4647499992861412,2.826075000484707,20.0,1047.609375,12,1477.234375
1779138605.7799346,2292,1.4647499992861412,2.8261250008654315,20.0,1047.609375,12,1477.234375
1779138605.7799351,2293,1.4647499992861412,2.8261875013413373,20.0,1047.609375,12,1477.234375
1779138605.7799358,2294,1.4647499992861412,2.8262625019124243,20.0,1047.609375,12,1477.234375
1779138605.779936,2295,1.4647499992861412,2.826312502293149,20.0,1047.609375,12,1477.234375
1779138605.819351,2296,1.4098874999035615,2.7966374982497655,13.3,1047.609375,12,1477.234375
1779138605.8193536,2297,1.4098874999035615,2.7968499998678453,13.3,1047.609375,12,1477.234375
1779138605.819354,2298,1.4098874999035615,2.7969250004389323,13.3,1047.609375,12,1477.234375
1779138605.8193545,2299,1.4098874999035615,2.796974997181678,13.3,1047.609375,12,1477.234375
1779138605.8193552,2300,1.4098874999035615,2.797037497657584,13.3,1047.609375,12,1477.234375
1779138605.8193557,2301,1.4098874999035615,2.797112498228671,13.3,1047.609375,12,1477.234375
1779138605.8193562,2302,1.4098874999035615,2.797174998704577,13.3,1047.609375,12,1477.234375
1779138605.8193567,2303,1.4098874999035615,2.7972249990853015,13.3,1047.609375,12,1477.234375
1779138605.8577664,2304,1.4290624967543408,2.790724996884819,0.0,1047.6875,12,1477.234375
1779138605.8577688,2305,1.4290624967543408,2.7908999982173555,0.0,1047.6875,12,1477.234375
1779138605.8577693,2306,1.4290624967543408,2.7909749987884425,0.0,1047.6875,12,1477.234375
1779138605.8577743,2307,1.4290624967543408,2.791612500004703,0.0,1047.6875,12,1477.234375
1779138605.8577747,2308,1.4290624967543408,2.79167499684263,0.0,1047.6875,12,1477.234375
1779138605.8577754,2309,1.4290624967543408,2.791724997223355,0.0,1047.6875,12,1477.234375
1779138605.857776,2310,1.4290624967543408,2.7917874976992607,0.0,1047.6875,12,1477.234375
1779138605.8577764,2311,1.4290624967543408,2.7918499981751665,0.0,1047.6875,12,1477.234375
1779138605.895816,2312,1.4478000011877157,2.811937498336192,16.7,1047.828125,12,1477.234375
1779138605.8958185,2313,1.4478000011877157,2.8121124996687286,16.7,1047.828125,12,1477.234375
1779138605.895819,2314,1.4478000011877157,2.8121875002398156,16.7,1047.828125,12,1477.234375
1779138605.8958194,2315,1.4478000011877157,2.8122625008109026,16.7,1047.828125,12,1477.234375
1779138605.8958201,2316,1.4478000011877157,2.8123125011916272,16.7,1047.828125,12,1477.234375
1779138605.8958206,2317,1.4478000011877157,2.8123999982199166,16.7,1047.828125,12,1477.234375
1779138605.8958213,2318,1.4478000011877157,2.8124874988861848,16.7,1047.828125,12,1477.234375
1779138605.8958218,2319,1.4478000011877157,2.8125374992669094,16.7,1047.828125,12,1477.234375
1779138605.9351773,2320,1.4161500002956018,2.8294750009081326,0.0,1048.11328125,12,1477.234375
1779138605.93518,2321,1.4161500002956018,2.8296875025262125,0.0,1048.11328125,12,1477.234375
1779138605.9351804,2322,1.4161500002956018,2.8297625030972995,0.0,1048.11328125,12,1477.234375
1779138605.9351811,2323,1.4161500002956018,2.8298375000304077,0.0,1048.11328125,12,1477.234375
1779138605.9351819,2324,1.4161500002956018,2.8299125006014947,0.0,1048.11328125,12,1477.234375
1779138605.9351823,2325,1.4161500002956018,2.8299875011725817,0.0,1048.11328125,12,1477.234375
1779138605.935183,2326,1.4161500002956018,2.8300625017436687,0.0,1048.11328125,12,1477.234375
1779138605.935189,2327,1.4161500002956018,2.8308250002737623,0.0,1048.11328125,12,1477.234375
1779138605.9759314,2328,1.5467874982277863,2.90673749987036,33.3,1048.12109375,12,1477.234375
1779138605.975934,2329,1.5467874982277863,2.906949997850461,33.3,1048.12109375,12,1477.234375
1779138605.9759347,2330,1.5467874982277863,2.907024998421548,33.3,1048.12109375,12,1477.234375
1779138605.9759352,2331,1.5467874982277863,2.9070874988974538,33.3,1048.12109375,12,1477.234375
1779138605.9759357,2332,1.5467874982277863,2.9071624994685408,33.3,1048.12109375,12,1477.234375
1779138605.9759362,2333,1.5467874982277863,2.9072375000396278,33.3,1048.12109375,12,1477.234375
1779138605.9759371,2334,1.5467874982277863,2.907299996877555,33.3,1048.12109375,12,1477.234375
1779138605.9759374,2335,1.5467874982277863,2.9073624973534606,33.3,1048.12109375,12,1477.234375
1779138606.0184052,2336,1.4245875026972499,2.8294750009081326,35.7,1048.1328125,12,1477.234375
1779138606.0184076,2337,1.4245875026972499,2.8296875025262125,35.7,1048.1328125,12,1477.234375
1779138606.0184083,2338,1.4245875026972499,2.8297500030021183,35.7,1048.1328125,12,1477.234375
1779138606.0184088,2339,1.4245875026972499,2.8298249999352265,35.7,1048.1328125,12,1477.234375
1779138606.0184093,2340,1.4245875026972499,2.8298875004111324,35.7,1048.1328125,12,1477.234375
1779138606.01841,2341,1.4245875026972499,2.8299875011725817,35.7,1048.1328125,12,1477.234375
1779138606.0184104,2342,1.4245875026972499,2.8300500016484875,35.7,1048.1328125,12,1477.234375
1779138606.018411,2343,1.4245875026972499,2.8301125021243934,35.7,1048.1328125,12,1477.234375
1779138606.0598931,2344,1.4283999989856966,2.7852499988512136,0.0,1048.140625,12,1477.234375
1779138606.0598965,2345,1.4283999989856966,2.785487500659656,0.0,1048.140625,12,1477.234375
1779138606.0599008,2346,1.4283999989856966,2.786000000924105,0.0,1048.140625,12,1477.234375
1779138606.0599012,2347,1.4283999989856966,2.7860625014000107,0.0,1048.140625,12,1477.234375
1779138606.059902,2348,1.4283999989856966,2.786150002066279,0.0,1048.140625,12,1477.234375
1779138606.0599024,2349,1.4283999989856966,2.786224998999387,0.0,1048.140625,12,1477.234375
1779138606.059903,2350,1.4283999989856966,2.7863249997608364,0.0,1048.140625,12,1477.234375
1779138606.0599039,2351,1.4283999989856966,2.7864000003319234,0.0,1048.140625,12,1477.234375
1779138606.0997238,2352,1.3575375014625024,2.7111125018564053,53.8,1048.14453125,12,1477.234375
1779138606.0997267,2353,1.3575375014625024,2.7113249998365063,53.8,1048.14453125,12,1477.234375
1779138606.0997272,2354,1.3575375014625024,2.711387500312412,53.8,1048.14453125,12,1477.234375
1779138606.0997276,2355,1.3575375014625024,2.711462500883499,53.8,1048.14453125,12,1477.234375
1779138606.0997279,2356,1.3575375014625024,2.711512501264224,53.8,1048.14453125,12,1477.234375
1779138606.0997283,2357,1.3575375014625024,2.7115750017401297,53.8,1048.14453125,12,1477.234375
1779138606.0997288,2358,1.3575375014625024,2.7116250021208543,53.8,1048.14453125,12,1477.234375
1779138606.0997293,2359,1.3575375014625024,2.7116874989587814,53.8,1048.14453125,12,1477.234375
1779138606.1392367,2360,1.6148249997058883,2.9843375014024787,0.0,1048.15234375,12,1477.234375
1779138606.1392393,2361,1.6148249997058883,2.9845499993825797,0.0,1048.15234375,12,1477.234375
1779138606.13924,2362,1.6148249997058883,2.984637500048848,0.0,1048.15234375,12,1477.234375
1779138606.1392407,2363,1.6148249997058883,2.984712500619935,0.0,1048.15234375,12,1477.234375
1779138606.1392412,2364,1.6148249997058883,2.9847750010958407,0.0,1048.15234375,12,1477.234375
1779138606.139242,2365,1.6148249997058883,2.984887501952471,0.0,1048.15234375,12,1477.234375
1779138606.139248,2366,1.6148249997058883,2.9856125001970213,0.0,1048.15234375,12,1477.234375
1779138606.1392484,2367,1.6148249997058883,2.985675000672927,0.0,1048.15234375,12,1477.234375
1779138606.182586,2368,1.545387498481432,2.883512497646734,0.0,1048.16015625,12,1477.234375
1779138606.1825883,2369,1.545387498481432,2.8836999990744516,0.0,1048.16015625,12,1477.234375
1779138606.1825893,2370,1.545387498481432,2.8837749996455386,0.0,1048.16015625,12,1477.234375
1779138606.1825898,2371,1.545387498481432,2.883849996578647,0.0,1048.16015625,12,1477.234375
1779138606.1825902,2372,1.545387498481432,2.8839124970545527,0.0,1048.16015625,12,1477.234375
1779138606.1825907,2373,1.545387498481432,2.8839624974352773,0.0,1048.16015625,12,1477.234375
1779138606.182591,2374,1.545387498481432,2.884024997911183,0.0,1048.16015625,12,1477.234375
1779138606.1825914,2375,1.545387498481432,2.884074998291908,0.0,1048.16015625,12,1477.234375
1779138606.2237208,2376,1.4392375014722347,2.86063750172616,7.7,1048.1640625,12,1477.234375
1779138606.2237234,2377,1.4392375014722347,2.8608375032490585,7.7,1048.1640625,12,1477.234375
1779138606.223724,2378,1.4392375014722347,2.8609000000869855,7.7,1048.1640625,12,1477.234375
1779138606.2237244,2379,1.4392375014722347,2.8609625005628914,7.7,1048.1640625,12,1477.234375
1779138606.2237248,2380,1.4392375014722347,2.861025001038797,7.7,1048.1640625,12,1477.234375
1779138606.2237256,2381,1.4392375014722347,2.861100001609884,7.7,1048.1640625,12,1477.234375
1779138606.223726,2382,1.4392375014722347,2.86116250208579,7.7,1048.1640625,12,1477.234375
1779138606.2237263,2383,1.4392375014722347,2.8612125024665147,7.7,1048.1640625,12,1477.234375
1779138606.2683291,2384,1.7503000017313752,3.13487500170595,14.3,1048.1640625,12,1477.234375
1779138606.2683375,2385,1.7503000017313752,3.1357625011878554,14.3,1048.1640625,12,1477.234375
1779138606.2683382,2386,1.7503000017313752,3.1358375017589424,14.3,1048.1640625,12,1477.234375
1779138606.2683387,2387,1.7503000017313752,3.1359125023300294,14.3,1048.1640625,12,1477.234375
1779138606.2683392,2388,1.7503000017313752,3.1359875029011164,14.3,1048.1640625,12,1477.234375
1779138606.2683399,2389,1.7503000017313752,3.1360624998342246,14.3,1048.1640625,12,1477.234375
1779138606.2683406,2390,1.7503000017313752,3.1361375004053116,14.3,1048.1640625,12,1477.234375
1779138606.268341,2391,1.7503000017313752,3.1362000008812174,14.3,1048.1640625,12,1477.234375
1779138606.312793,2392,1.3684375007869676,2.7372625008865725,28.6,1048.171875,18,1477.234375
1779138606.3127956,2393,1.3684375007869676,2.7374624987714924,28.6,1048.171875,18,1477.234375
1779138606.3127964,2394,1.3684375007869676,2.7375374993425794,28.6,1048.171875,18,1477.234375
1779138606.3127966,2395,1.3684375007869676,2.7375999998184852,28.6,1048.171875,18,1477.234375
1779138606.312797,2396,1.3684375007869676,2.737662500294391,28.6,1048.171875,18,1477.234375
1779138606.3127978,2397,1.3684375007869676,2.737725000770297,28.6,1048.171875,18,1477.234375
1779138606.3127983,2398,1.3684375007869676,2.7377750011510216,28.6,1048.171875,18,1477.234375
1779138606.3127987,2399,1.3684375007869676,2.7378375016269274,28.6,1048.171875,18,1477.234375
1779138606.3523402,2400,1.5775124993524514,2.895350000471808,13.3,1048.171875,18,1477.234375
1779138606.3523426,2401,1.5775124993524514,2.8955500019947067,13.3,1048.171875,18,1477.234375
1779138606.3523433,2402,1.5775124993524514,2.8956250025657937,13.3,1048.171875,18,1477.234375
1779138606.3523438,2403,1.5775124993524514,2.8956874994037207,13.3,1048.171875,18,1477.234375
1779138606.3523443,2404,1.5775124993524514,2.8957499998796266,13.3,1048.171875,18,1477.234375
1779138606.3523462,2405,1.5775124993524514,2.89600000178325,13.3,1048.171875,18,1477.234375
1779138606.3523467,2406,1.5775124993524514,2.8960625022591557,13.3,1048.171875,18,1477.234375
1779138606.3523471,2407,1.5775124993524514,2.8961125026398804,13.3,1048.171875,18,1477.234375
1779138606.3949778,2408,1.5192375030892435,2.8636125025514048,44.4,1048.18359375,18,1477.234375
1779138606.3949807,2409,1.5192375030892435,2.8638750009122305,44.4,1048.18359375,18,1477.234375
1779138606.3949814,2410,1.5192375030892435,2.8639500014833175,44.4,1048.18359375,18,1477.234375
1779138606.3949819,2411,1.5192375030892435,2.8640375021495856,44.4,1048.18359375,18,1477.234375
1779138606.3949826,2412,1.5192375030892435,2.8641125027206726,44.4,1048.18359375,18,1477.234375
1779138606.394983,2413,1.5192375030892435,2.8641875032917596,44.4,1048.18359375,18,1477.234375
1779138606.3949838,2414,1.5192375030892435,2.8642500001296867,44.4,1048.18359375,18,1477.234375
1779138606.3949842,2415,1.5192375030892435,2.8643250007007737,44.4,1048.18359375,18,1477.234375
1779138606.4401612,2416,1.396500003465917,2.7639875006570946,11.1,1048.18359375,18,1477.234375
1779138606.4401639,2417,1.396500003465917,2.7642125023703557,11.1,1048.18359375,18,1477.234375
1779138606.4401646,2418,1.396500003465917,2.7642875029414427,11.1,1048.18359375,18,1477.234375
1779138606.440165,2419,1.396500003465917,2.7643375033221673,11.1,1048.18359375,18,1477.234375
1779138606.4401655,2420,1.396500003465917,2.7644125002552755,11.1,1048.18359375,18,1477.234375
1779138606.4401662,2421,1.396500003465917,2.7644875008263625,11.1,1048.18359375,18,1477.234375
1779138606.4401667,2422,1.396500003465917,2.7645500013022684,11.1,1048.18359375,18,1477.234375
1779138606.4401672,2423,1.396500003465917,2.764612501778174,11.1,1048.18359375,18,1477.234375
1779138606.4811141,2424,1.5963125006237533,3.0642625024484005,0.0,1048.19140625,18,1477.234375
1779138606.4811172,2425,1.5963125006237533,3.064512500714045,0.0,1048.19140625,18,1477.234375
1779138606.4811182,2426,1.5963125006237533,3.0646125014754944,0.0,1048.19140625,18,1477.234375
1779138606.4811187,2427,1.5963125006237533,3.0647000021417625,0.0,1048.19140625,18,1477.234375
1779138606.4811194,2428,1.5963125006237533,3.064799999265233,0.0,1048.19140625,18,1477.234375
1779138606.4811203,2429,1.5963125006237533,3.0648874999315012,0.0,1048.19140625,18,1477.234375
1779138606.481121,2430,1.5963125006237533,3.0649625005025882,0.0,1048.19140625,18,1477.234375
1779138606.4811215,2431,1.5963125006237533,3.0650500011688564,0.0,1048.19140625,18,1477.234375
1779138606.5328314,2432,2.0775375014636666,3.524225001456216,20.0,1048.1953125,18,1477.234375
1779138606.5328338,2433,2.0775375014636666,3.5244124992459547,20.0,1048.1953125,18,1477.234375
1779138606.5328345,2434,2.0775375014636666,3.5244874998170417,20.0,1048.1953125,18,1477.234375
1779138606.532835,2435,2.0775375014636666,3.5245500002929475,20.0,1048.1953125,18,1477.234375
1779138606.5328355,2436,2.0775375014636666,3.5246250008640345,20.0,1048.1953125,18,1477.234375
1779138606.5328362,2437,2.0775375014636666,3.5246875013399404,20.0,1048.1953125,18,1477.234375
1779138606.5328367,2438,2.0775375014636666,3.524750001815846,20.0,1048.1953125,18,1477.234375
1779138606.5328372,2439,2.0775375014636666,3.524812502291752,20.0,1048.1953125,18,1477.234375
1779138606.6054447,2440,2.394037499470869,3.8579499996558297,0.0,1048.1953125,18,1477.234375
1779138606.6054497,2441,2.394037499470869,3.8583749992540106,0.0,1048.1953125,18,1477.234375
1779138606.605451,2442,2.394037499470869,3.858524996758206,0.0,1048.1953125,18,1477.234375
1779138606.6054518,2443,2.394037499470869,3.8586374976148363,0.0,1048.1953125,18,1477.234375
1779138606.6054616,2444,2.394037499470869,3.859849999571452,0.0,1048.1953125,18,1477.234375
1779138606.6054628,2445,2.394037499470869,3.859999997075647,0.0,1048.1953125,18,1477.234375
1779138606.6054637,2446,2.394037499470869,3.86013749812264,0.0,1048.1953125,18,1477.234375
1779138606.605465,2447,2.394037499470869,3.8602374988840893,0.0,1048.1953125,18,1477.234375
1779138606.6482384,2448,1.3802875000692438,2.703325000766199,23.1,1048.19921875,18,1477.234375
1779138606.648241,2449,1.3802875000692438,2.703524998651119,23.1,1048.19921875,18,1477.234375
1779138606.6482418,2450,1.3802875000692438,2.703599999222206,23.1,1048.19921875,18,1477.234375
1779138606.6482422,2451,1.3802875000692438,2.703662499698112,23.1,1048.19921875,18,1477.234375
1779138606.6482427,2452,1.3802875000692438,2.703737500269199,23.1,1048.19921875,18,1477.234375
1779138606.6482432,2453,1.3802875000692438,2.7037875006499235,23.1,1048.19921875,18,1477.234375
1779138606.6482437,2454,1.3802875000692438,2.7038499974878505,23.1,1048.19921875,18,1477.234375
1779138606.6482441,2455,1.3802875000692438,2.7039124979637563,23.1,1048.19921875,18,1477.234375
1779138606.6914332,2456,1.3769750003120862,2.729799998633098,20.0,1048.203125,18,1477.234375
1779138606.6914363,2457,1.3769750003120862,2.7300750007270835,20.0,1048.203125,18,1477.234375
1779138606.691437,2458,1.3769750003120862,2.7301625013933517,20.0,1048.203125,18,1477.234375
1779138606.6914375,2459,1.3769750003120862,2.7302250018692575,20.0,1048.203125,18,1477.234375
1779138606.6914382,2460,1.3769750003120862,2.730312498897547,20.0,1048.203125,18,1477.234375
1779138606.6914387,2461,1.3769750003120862,2.7303749993734527,20.0,1048.203125,18,1477.234375
1779138606.6914392,2462,1.3769750003120862,2.7304249997541774,20.0,1048.203125,18,1477.234375
1779138606.6914456,2463,1.3769750003120862,2.7312250022077933,20.0,1048.203125,18,1477.234375
1779138606.7335083,2464,1.5373749993159436,2.9786624982079957,50.0,1048.2109375,18,1477.234375
1779138606.7335112,2465,1.5373749993159436,2.9788624997308943,50.0,1048.2109375,18,1477.234375
1779138606.7335117,2466,1.5373749993159436,2.9789250002068,50.0,1048.2109375,18,1477.234375
1779138606.7335122,2467,1.5373749993159436,2.9789999971399084,50.0,1048.2109375,18,1477.234375
1779138606.7335126,2468,1.5373749993159436,2.979062497615814,50.0,1048.2109375,18,1477.234375
1779138606.733513,2469,1.5373749993159436,2.979112497996539,50.0,1048.2109375,18,1477.234375
1779138606.7335138,2470,1.5373749993159436,2.9791749984724447,50.0,1048.2109375,18,1477.234375
1779138606.7335143,2471,1.5373749993159436,2.9792249988531694,50.0,1048.2109375,18,1477.234375
1779138606.774824,2472,1.435387497622287,2.793474999634782,50.0,1048.2109375,13,1477.234375
1779138606.7748265,2473,1.435387497622287,2.793687497614883,50.0,1048.2109375,13,1477.234375
1779138606.774827,2474,1.435387497622287,2.79376249818597,50.0,1048.2109375,13,1477.234375
1779138606.7748277,2475,1.435387497622287,2.793837498757057,50.0,1048.2109375,13,1477.234375
1779138606.774828,2476,1.435387497622287,2.7938874991377816,50.0,1048.2109375,13,1477.234375
1779138606.7748284,2477,1.435387497622287,2.7939499996136874,50.0,1048.2109375,13,1477.234375
1779138606.7748294,2478,1.435387497622287,2.7940125000895932,50.0,1048.2109375,13,1477.234375
1779138606.7748296,2479,1.435387497622287,2.794075000565499,50.0,1048.2109375,13,1477.234375
1779138606.8207703,2480,1.4658750005764887,2.8336750001471955,7.7,1048.2109375,13,1477.234375
1779138606.820773,2481,1.4658750005764887,2.8338749980321154,7.7,1048.2109375,13,1477.234375
1779138606.8207734,2482,1.4658750005764887,2.8339374985080212,7.7,1048.2109375,13,1477.234375
1779138606.8207781,2483,1.4658750005764887,2.8345499995339196,7.7,1048.2109375,13,1477.234375
1779138606.8207788,2484,1.4658750005764887,2.8346125000098255,7.7,1048.2109375,13,1477.234375
1779138606.8207793,2485,1.4658750005764887,2.8346750004857313,7.7,1048.2109375,13,1477.234375
1779138606.8207798,2486,1.4658750005764887,2.834737500961637,7.7,1048.2109375,13,1477.234375
1779138606.8207803,2487,1.4658750005764887,2.834787497704383,7.7,1048.2109375,13,1477.234375
1779138606.8599286,2488,1.5658250013075303,2.9343125024752226,18.2,1048.21875,13,1477.234375
1779138606.8599305,2489,1.5658250013075303,2.93448750016978,18.2,1048.21875,13,1477.234375
1779138606.8599315,2490,1.5658250013075303,2.934562500740867,18.2,1048.21875,13,1477.234375
1779138606.859932,2491,1.5658250013075303,2.934625001216773,18.2,1048.21875,13,1477.234375
1779138606.8599322,2492,1.5658250013075303,2.9346750015974976,18.2,1048.21875,13,1477.234375
1779138606.8599327,2493,1.5658250013075303,2.9347500021685846,18.2,1048.21875,13,1477.234375
1779138606.8599331,2494,1.5658250013075303,2.9348125026444905,18.2,1048.21875,13,1477.234375
1779138606.8599336,2495,1.5658250013075303,2.934862503025215,18.2,1048.21875,13,1477.234375
1779138606.9004848,2496,1.5567499976896215,2.9352499986998737,0.0,1048.21875,13,1477.234375
1779138606.9004874,2497,1.5567499976896215,2.9354624966799747,0.0,1048.21875,13,1477.234375
1779138606.900488,2498,1.5567499976896215,2.9355249971558806,0.0,1048.21875,13,1477.234375
1779138606.9004886,2499,1.5567499976896215,2.9355999977269676,0.0,1048.21875,13,1477.234375
1779138606.9004893,2500,1.5567499976896215,2.9356499981076922,0.0,1048.21875,13,1477.234375
1779138606.9004898,2501,1.5567499976896215,2.935712498583598,0.0,1048.21875,13,1477.234375
1779138606.9004962,2502,1.5567499976896215,2.9365374975895975,0.0,1048.21875,13,1477.234375
1779138606.9004967,2503,1.5567499976896215,2.9365999980655033,0.0,1048.21875,13,1477.234375
1779138606.9394972,2504,1.4718874990649056,2.8296749987930525,16.7,1048.22265625,13,1477.234375
1779138606.9394999,2505,1.4718874990649056,2.829850000125589,16.7,1048.22265625,13,1477.234375
1779138606.9395003,2506,1.4718874990649056,2.829924997058697,16.7,1048.22265625,13,1477.234375
1779138606.9395008,2507,1.4718874990649056,2.8299749974394217,16.7,1048.22265625,13,1477.234375
1779138606.9395013,2508,1.4718874990649056,2.8300499980105087,16.7,1048.22265625,13,1477.234375
1779138606.9395018,2509,1.4718874990649056,2.8300999983912334,16.7,1048.22265625,13,1477.234375
1779138606.939502,2510,1.4718874990649056,2.830162498867139,16.7,1048.22265625,13,1477.234375
1779138606.9395025,2511,1.4718874990649056,2.830212499247864,16.7,1048.22265625,13,1477.234375
1779138606.9823778,2512,1.9120124998153187,3.299225001683226,0.0,1048.22265625,13,1477.234375
1779138606.982381,2513,1.9120124998153187,3.2994624998536892,0.0,1048.22265625,13,1477.234375
1779138606.9823816,2514,1.9120124998153187,3.2995375004247762,0.0,1048.22265625,13,1477.234375
1779138606.982382,2515,1.9120124998153187,3.299600000900682,0.0,1048.22265625,13,1477.234375
1779138606.9823825,2516,1.9120124998153187,3.299675001471769,0.0,1048.22265625,13,1477.234375
1779138606.982383,2517,1.9120124998153187,3.2997250018524937,0.0,1048.22265625,13,1477.234375
1779138606.9823837,2518,1.9120124998153187,3.2997875023283996,0.0,1048.22265625,13,1477.234375
1779138606.9823842,2519,1.9120124998153187,3.2998500028043054,0.0,1048.22265625,13,1477.234375
1779138607.025237,2520,1.5965999991749413,3.0143750009301584,23.1,1048.23046875,13,1477.234375
1779138607.0252397,2521,1.5965999991749413,3.0145874989102595,23.1,1048.23046875,13,1477.234375
1779138607.0252447,2522,1.5965999991749413,3.015212500031339,23.1,1048.23046875,13,1477.234375
1779138607.0252452,2523,1.5965999991749413,3.015287500602426,23.1,1048.23046875,13,1477.234375
1779138607.0252457,2524,1.5965999991749413,3.015362501173513,23.1,1048.23046875,13,1477.234375
1779138607.0252464,2525,1.5965999991749413,3.015425001649419,23.1,1048.23046875,13,1477.234375
1779138607.0252469,2526,1.5965999991749413,3.015487498487346,23.1,1048.23046875,13,1477.234375
1779138607.0252476,2527,1.5965999991749413,3.0155499989632517,23.1,1048.23046875,13,1477.234375
1779138607.0649104,2528,1.5300999984901864,2.8670874999079388,46.7,1048.234375,13,1477.234375
1779138607.064913,2529,1.5300999984901864,2.867324998078402,46.7,1048.234375,13,1477.234375
1779138607.0649137,2530,1.5300999984901864,2.867387498554308,46.7,1048.234375,13,1477.234375
1779138607.0649142,2531,1.5300999984901864,2.867449999030214,46.7,1048.234375,13,1477.234375
1779138607.064915,2532,1.5300999984901864,2.867537499696482,46.7,1048.234375,13,1477.234375
1779138607.0649154,2533,1.5300999984901864,2.867600000172388,46.7,1048.234375,13,1477.234375
1779138607.064916,2534,1.5300999984901864,2.8676625006482936,46.7,1048.234375,13,1477.234375
1779138607.0649161,2535,1.5300999984901864,2.8677125010290183,46.7,1048.234375,13,1477.234375
1779138607.103659,2536,1.463425000110874,2.8261875013413373,0.0,1048.234375,13,1477.234375
1779138607.103662,2537,1.463425000110874,2.8264249995118007,0.0,1048.234375,13,1477.234375
1779138607.1036625,2538,1.463425000110874,2.8265000000828877,0.0,1048.234375,13,1477.234375
1779138607.1036632,2539,1.463425000110874,2.8265625005587935,0.0,1048.234375,13,1477.234375
1779138607.1036637,2540,1.463425000110874,2.8266250010346994,0.0,1048.234375,13,1477.234375
1779138607.1036694,2541,1.463425000110874,2.827337502822047,0.0,1048.234375,13,1477.234375
1779138607.1036701,2542,1.463425000110874,2.827399999659974,0.0,1048.234375,13,1477.234375
1779138607.1036706,2543,1.463425000110874,2.82746250013588,0.0,1048.234375,13,1477.234375
1779138607.1437476,2544,1.3519624990294687,2.68966249859659,0.0,1048.23828125,13,1477.234375
1779138607.1437504,2545,1.3519624990294687,2.68987500021467,0.0,1048.23828125,13,1477.234375
1779138607.1437511,2546,1.3519624990294687,2.689950000785757,0.0,1048.23828125,13,1477.234375
1779138607.1437516,2547,1.3519624990294687,2.690025001356844,0.0,1048.23828125,13,1477.234375
1779138607.143752,2548,1.3519624990294687,2.6900875018327497,0.0,1048.23828125,13,1477.234375
1779138607.1437528,2549,1.3519624990294687,2.6901499986706767,0.0,1048.23828125,13,1477.234375
1779138607.1437533,2550,1.3519624990294687,2.6902249992417637,0.0,1048.23828125,13,1477.234375
1779138607.1437538,2551,1.3519624990294687,2.6902874997176696,0.0,1048.23828125,13,1477.234375
1779138607.1869276,2552,1.497187498898711,2.9085749993100762,33.3,1048.2421875,13,1477.234375
1779138607.1869302,2553,1.497187498898711,2.908775000832975,33.3,1048.2421875,13,1477.234375
1779138607.186931,2554,1.497187498898711,2.908850001404062,33.3,1048.2421875,13,1477.234375
1779138607.1869314,2555,1.497187498898711,2.9089125018799677,33.3,1048.2421875,13,1477.234375
1779138607.186932,2556,1.497187498898711,2.9089749987178948,33.3,1048.2421875,13,1477.234375
1779138607.1869326,2557,1.497187498898711,2.9090374991938006,33.3,1048.2421875,13,1477.234375
1779138607.186933,2558,1.497187498898711,2.9090999996697064,33.3,1048.2421875,13,1477.234375
1779138607.1869335,2559,1.497187498898711,2.9091625001456123,33.3,1048.2421875,13,1477.234375
1779138607.2269876,2560,1.4252250002755318,2.7652749995468184,9.1,1048.2421875,13,1477.234375
1779138607.2269976,2561,1.4252250002755318,2.7663875007419847,9.1,1048.2421875,13,1477.234375
1779138607.2269983,2562,1.4252250002755318,2.766475001408253,9.1,1048.2421875,13,1477.234375
1779138607.2269988,2563,1.4252250002755318,2.76655000197934,9.1,1048.2421875,13,1477.234375
1779138607.2269993,2564,1.4252250002755318,2.7666125024552457,9.1,1048.2421875,13,1477.234375
1779138607.2269998,2565,1.4252250002755318,2.766687499388354,9.1,1048.2421875,13,1477.234375
1779138607.2270002,2566,1.4252250002755318,2.7667499998642597,9.1,1048.2421875,13,1477.234375
1779138607.2270007,2567,1.4252250002755318,2.7668125003401656,9.1,1048.2421875,13,1477.234375
1779138607.2686305,2568,1.501462498708861,2.8414874977897853,13.3,1048.24609375,13,1477.234375
1779138607.2686334,2569,1.501462498708861,2.841699999407865,13.3,1048.24609375,13,1477.234375
1779138607.268634,2570,1.501462498708861,2.841774999978952,13.3,1048.24609375,13,1477.234375
1779138607.2686346,2571,1.501462498708861,2.841837496816879,13.3,1048.24609375,13,1477.234375
1779138607.268635,2572,1.501462498708861,2.841912497387966,13.3,1048.24609375,13,1477.234375
1779138607.2686357,2573,1.501462498708861,2.841974997863872,13.3,1048.24609375,13,1477.234375
1779138607.2686362,2574,1.501462498708861,2.842037498339778,13.3,1048.24609375,13,1477.234375
1779138607.2686365,2575,1.501462498708861,2.8420874987205025,13.3,1048.24609375,13,1477.234375
1779138607.3100681,2576,1.4233875008358154,2.801337501296075,0.0,1048.25390625,16,1477.234375
1779138607.3100708,2577,1.4233875008358154,2.801537499180995,0.0,1048.25390625,16,1477.234375
1779138607.3100712,2578,1.4233875008358154,2.801612499752082,0.0,1048.25390625,16,1477.234375
1779138607.3100717,2579,1.4233875008358154,2.80170000041835,0.0,1048.25390625,16,1477.234375
1779138607.3100748,2580,1.4233875008358154,2.802062499540625,0.0,1048.25390625,16,1477.234375
1779138607.3100753,2581,1.4233875008358154,2.802125000016531,0.0,1048.25390625,16,1477.234375
1779138607.3100762,2582,1.4233875008358154,2.802200000587618,0.0,1048.25390625,16,1477.234375
1779138607.3100765,2583,1.4233875008358154,2.8022500009683426,0.0,1048.25390625,16,1477.234375
1779138607.348383,2584,1.5713374996266793,2.9141124978195876,14.3,1048.2578125,16,1477.234375
1779138607.3483853,2585,1.5713374996266793,2.9143124993424863,14.3,1048.2578125,16,1477.234375
1779138607.3483858,2586,1.5713374996266793,2.9143874999135733,14.3,1048.2578125,16,1477.234375
1779138607.3483865,2587,1.5713374996266793,2.914450000389479,14.3,1048.2578125,16,1477.234375
1779138607.348387,2588,1.5713374996266793,2.914525000960566,14.3,1048.2578125,16,1477.234375
1779138607.3483872,2589,1.5713374996266793,2.914574997703312,14.3,1048.2578125,16,1477.234375
1779138607.3483882,2590,1.5713374996266793,2.914637498179218,14.3,1048.2578125,16,1477.234375
1779138607.3483884,2591,1.5713374996266793,2.9146999986551236,14.3,1048.2578125,16,1477.234375
1779138607.3899922,2592,1.6862000011315104,3.101687500020489,42.9,1048.2578125,16,1477.234375
1779138607.3899949,2593,1.6862000011315104,3.101900001638569,42.9,1048.2578125,16,1477.234375
1779138607.3899953,2594,1.6862000011315104,3.101987502304837,42.9,1048.2578125,16,1477.234375
1779138607.3899958,2595,1.6862000011315104,3.102049999142764,42.9,1048.2578125,16,1477.234375
1779138607.3899963,2596,1.6862000011315104,3.10211249961867,42.9,1048.2578125,16,1477.234375
1779138607.3899968,2597,1.6862000011315104,3.102175000094576,42.9,1048.2578125,16,1477.234375
1779138607.3899972,2598,1.6862000011315104,3.1022375005704816,42.9,1048.2578125,16,1477.234375
1779138607.3899977,2599,1.6862000011315104,3.1023000010463875,42.9,1048.2578125,16,1477.234375
1779138607.4345891,2600,1.570600001286948,2.9384375011431985,0.0,1048.26171875,16,1477.234375
1779138607.434592,2601,1.570600001286948,2.9386625028564595,0.0,1048.26171875,16,1477.234375
1779138607.4345925,2602,1.570600001286948,2.9387374997895677,0.0,1048.26171875,16,1477.234375
1779138607.434593,2603,1.570600001286948,2.9388000002654735,0.0,1048.26171875,16,1477.234375
1779138607.4345937,2604,1.570600001286948,2.9388625007413793,0.0,1048.26171875,16,1477.234375
1779138607.4345944,2605,1.570600001286948,2.9389375013124663,0.0,1048.26171875,16,1477.234375
1779138607.4345946,2606,1.570600001286948,2.939000001788372,0.0,1048.26171875,16,1477.234375
1779138607.434595,2607,1.570600001286948,2.939050002169097,0.0,1048.26171875,16,1477.234375
1779138607.4773965,2608,1.6452000018034596,3.0868249996274244,83.3,1048.265625,16,1477.234375
1779138607.4773996,2609,1.6452000018034596,3.0870750015310477,83.3,1048.265625,16,1477.234375
1779138607.4774003,2610,1.6452000018034596,3.0871500021021347,83.3,1048.265625,16,1477.234375
1779138607.4774008,2611,1.6452000018034596,3.0872124989400618,83.3,1048.265625,16,1477.234375
1779138607.4774013,2612,1.6452000018034596,3.0872624993207864,83.3,1048.265625,16,1477.234375
1779138607.477402,2613,1.6452000018034596,3.0873374998918734,83.3,1048.265625,16,1477.234375
1779138607.4774024,2614,1.6452000018034596,3.0874125004629605,83.3,1048.265625,16,1477.234375
1779138607.477403,2615,1.6452000018034596,3.0874875010340475,83.3,1048.265625,16,1477.234375
1779138607.5312362,2616,1.5160125003603753,2.891362499212846,36.4,1048.265625,16,1477.234375
1779138607.5312388,2617,1.5160125003603753,2.891562500735745,36.4,1048.265625,16,1477.234375
1779138607.5312395,2618,1.5160125003603753,2.891637501306832,36.4,1048.265625,16,1477.234375
1779138607.5312452,2619,1.5160125003603753,2.892374999646563,36.4,1048.265625,16,1477.234375
1779138607.5312457,2620,1.5160125003603753,2.892437500122469,36.4,1048.265625,16,1477.234375
1779138607.5312464,2621,1.5160125003603753,2.8925000005983748,36.4,1048.265625,16,1477.234375
1779138607.531247,2622,1.5160125003603753,2.8925750011694618,36.4,1048.265625,16,1477.234375
1779138607.5312476,2623,1.5160125003603753,2.892637498007389,36.4,1048.265625,16,1477.234375
1779138607.5781481,2624,1.5613374998793006,2.9518875016947277,61.5,1048.2734375,16,1492.359375
1779138607.5781505,2625,1.5613374998793006,2.9520749994844664,61.5,1048.2734375,16,1492.359375
1779138607.5781512,2626,1.5613374998793006,2.9521500000555534,61.5,1048.2734375,16,1492.359375
1779138607.5781517,2627,1.5613374998793006,2.9522250006266404,61.5,1048.2734375,16,1492.359375
1779138607.5781522,2628,1.5613374998793006,2.9522875011025462,61.5,1048.2734375,16,1492.359375
1779138607.5781527,2629,1.5613374998793006,2.952337501483271,61.5,1048.2734375,16,1492.359375
1779138607.5781531,2630,1.5613374998793006,2.9523874982260168,61.5,1048.2734375,16,1492.359375
1779138607.5781534,2631,1.5613374998793006,2.9524499987019226,61.5,1048.2734375,16,1492.359375
1779138607.6160543,2632,1.453987501008669,2.7849500002048444,15.4,1048.2734375,16,1492.359375
1779138607.6160572,2633,1.453987501008669,2.785150001727743,15.4,1048.2734375,16,1492.359375
1779138607.6160576,2634,1.453987501008669,2.7852249986608513,15.4,1048.2734375,16,1492.359375
1779138607.616058,2635,1.453987501008669,2.785287499136757,15.4,1048.2734375,16,1492.359375
1779138607.6160586,2636,1.453987501008669,2.785349999612663,15.4,1048.2734375,16,1492.359375
1779138607.616059,2637,1.453987501008669,2.7853999999933876,15.4,1048.2734375,16,1492.359375
1779138607.6160595,2638,1.453987501008669,2.7854625004692934,15.4,1048.2734375,16,1492.359375
1779138607.6160612,2639,1.453987501008669,2.7856874985445756,15.4,1048.2734375,16,1492.359375
1779138607.6547008,2640,1.4534750007442199,2.7732875023502856,0.0,1048.28515625,16,1492.359375
1779138607.6547046,2641,1.4534750007442199,2.773587500996655,0.0,1048.28515625,16,1492.359375
1779138607.6547055,2642,1.4534750007442199,2.773662501567742,0.0,1048.28515625,16,1492.359375
1779138607.654706,2643,1.4534750007442199,2.773762502329191,0.0,1048.28515625,16,1492.359375
1779138607.6547067,2644,1.4534750007442199,2.7738500029954594,0.0,1048.28515625,16,1492.359375
1779138607.6547074,2645,1.4534750007442199,2.7739375000237487,0.0,1048.28515625,16,1492.359375
1779138607.6547081,2646,1.4534750007442199,2.7740125005948357,0.0,1048.28515625,16,1492.359375
1779138607.6547084,2647,1.4534750007442199,2.7740750010707416,0.0,1048.28515625,16,1492.359375
1779138607.698535,2648,1.345962500636233,2.6700249982241075,0.0,1048.28515625,16,1492.359375
1779138607.6985376,2649,1.345962500636233,2.6702249997470062,0.0,1048.28515625,16,1492.359375
1779138607.6985383,2650,1.345962500636233,2.670287500222912,0.0,1048.28515625,16,1492.359375
1779138607.6985388,2651,1.345962500636233,2.670350000698818,0.0,1048.28515625,16,1492.359375
1779138607.6985395,2652,1.345962500636233,2.6704499978222884,0.0,1048.28515625,16,1492.359375
1779138607.69854,2653,1.345962500636233,2.6705124982981943,0.0,1048.28515625,16,1492.359375
1779138607.6985402,2654,1.345962500636233,2.6705749987741,0.0,1048.28515625,16,1492.359375
1779138607.6985407,2655,1.345962500636233,2.6706249991548248,0.0,1048.28515625,16,1492.359375
1779138607.7375646,2656,1.4164374988467898,2.7842374984174967,11.1,1048.28515625,16,1492.359375
1779138607.7375672,2657,1.4164374988467898,2.7844374999403954,11.1,1048.28515625,16,1492.359375
1779138607.7375722,2658,1.4164374988467898,2.7850249971379526,11.1,1048.28515625,16,1492.359375
1779138607.7375727,2659,1.4164374988467898,2.7850999977090396,11.1,1048.28515625,16,1492.359375
1779138607.7375731,2660,1.4164374988467898,2.7851499980897643,11.1,1048.28515625,16,1492.359375
1779138607.7375734,2661,1.4164374988467898,2.7852249986608513,11.1,1048.28515625,16,1492.359375
1779138607.7375739,2662,1.4164374988467898,2.785287499136757,11.1,1048.28515625,16,1492.359375
1779138607.7375743,2663,1.4164374988467898,2.785349999612663,11.1,1048.28515625,16,1492.359375
1779138607.776301,2664,1.4097249986662064,2.776912497211015,0.0,1048.29296875,15,1492.359375
1779138607.7763038,2665,1.4097249986662064,2.777212499495363,0.0,1048.29296875,15,1492.359375
1779138607.7763047,2666,1.4097249986662064,2.77728750006645,0.0,1048.29296875,15,1492.359375
1779138607.7763054,2667,1.4097249986662064,2.7773749970947392,0.0,1048.29296875,15,1492.359375
1779138607.776306,2668,1.4097249986662064,2.7774624977610074,0.0,1048.29296875,15,1492.359375
1779138607.7763064,2669,1.4097249986662064,2.7775249982369132,0.0,1048.29296875,15,1492.359375
1779138607.7763069,2670,1.4097249986662064,2.777574998617638,0.0,1048.29296875,15,1492.359375
1779138607.7763073,2671,1.4097249986662064,2.7776374990935437,0.0,1048.29296875,15,1492.359375
1779138607.8137336,2672,1.3773125028819777,2.718800002185162,13.3,1048.29296875,15,1492.359375
1779138607.8137367,2673,1.3773125028819777,2.7190375003556255,13.3,1048.29296875,15,1492.359375
1779138607.8137374,2674,1.3773125028819777,2.7191250010218937,13.3,1048.29296875,15,1492.359375
1779138607.8137379,2675,1.3773125028819777,2.7191875014977995,13.3,1048.29296875,15,1492.359375
1779138607.8137386,2676,1.3773125028819777,2.7192625020688865,13.3,1048.29296875,15,1492.359375
1779138607.813739,2677,1.3773125028819777,2.7193250025447924,13.3,1048.29296875,15,1492.359375
1779138607.8137455,2678,1.3773125028819777,2.720150001550792,13.3,1048.29296875,15,1492.359375
1779138607.8137462,2679,1.3773125028819777,2.7202125020266976,13.3,1048.29296875,15,1492.359375
1779138607.8523467,2680,1.362737501040101,2.7037250001740176,10.0,1048.296875,15,1492.359375
1779138607.8523493,2681,1.362737501040101,2.7039250016969163,10.0,1048.296875,15,1492.359375
1779138607.85235,2682,1.362737501040101,2.703987502172822,10.0,1048.296875,15,1492.359375
1779138607.8523502,2683,1.362737501040101,2.704050002648728,10.0,1048.296875,15,1492.359375
1779138607.852351,2684,1.362737501040101,2.704125003219815,10.0,1048.296875,15,1492.359375
1779138607.8523512,2685,1.362737501040101,2.704174999962561,10.0,1048.296875,15,1492.359375
1779138607.8523517,2686,1.362737501040101,2.7042250003432855,10.0,1048.296875,15,1492.359375
1779138607.8523521,2687,1.362737501040101,2.7042875008191913,10.0,1048.296875,15,1492.359375
1779138607.89151,2688,1.5888000016275328,2.9288375008036382,7.7,1048.296875,15,1492.359375
1779138607.8915126,2689,1.5888000016275328,2.929050002421718,7.7,1048.296875,15,1492.359375
1779138607.8915133,2690,1.5888000016275328,2.929112499259645,7.7,1048.296875,15,1492.359375
1779138607.8915138,2691,1.5888000016275328,2.929174999735551,7.7,1048.296875,15,1492.359375
1779138607.8915143,2692,1.5888000016275328,2.929237500211457,7.7,1048.296875,15,1492.359375
1779138607.8915145,2693,1.5888000016275328,2.9293000006873626,7.7,1048.296875,15,1492.359375
1779138607.8915153,2694,1.5888000016275328,2.9293625011632685,7.7,1048.296875,15,1492.359375
1779138607.891516,2695,1.5888000016275328,2.929412501543993,7.7,1048.296875,15,1492.359375
1779138607.9296565,2696,1.3646500010509044,2.6881875019171275,8.0,1048.3046875,15,1492.359375
1779138607.9296594,2697,1.3646500010509044,2.6883874998020474,8.0,1048.3046875,15,1492.359375
1779138607.9296598,2698,1.3646500010509044,2.6884625003731344,8.0,1048.3046875,15,1492.359375
1779138607.9296603,2699,1.3646500010509044,2.6885250008490402,8.0,1048.3046875,15,1492.359375
1779138607.9296613,2700,1.3646500010509044,2.6886000014201272,8.0,1048.3046875,15,1492.359375
1779138607.9296618,2701,1.3646500010509044,2.6886875020863954,8.0,1048.3046875,15,1492.359375
1779138607.9296622,2702,1.3646500010509044,2.6887374988291413,8.0,1048.3046875,15,1492.359375
1779138607.9296627,2703,1.3646500010509044,2.688787499209866,8.0,1048.3046875,15,1492.359375
1779138607.9836917,2704,2.221762500994373,3.657074998045573,57.1,1048.30859375,15,1492.359375
1779138607.9836943,2705,2.221762500994373,3.657287499663653,57.1,1048.30859375,15,1492.359375
1779138607.9836948,2706,2.221762500994373,3.6573500001395587,57.1,1048.30859375,15,1492.359375
1779138607.9836953,2707,2.221762500994373,3.6574250007106457,57.1,1048.30859375,15,1492.359375
1779138607.983696,2708,2.221762500994373,3.657499997643754,57.1,1048.30859375,15,1492.359375
1779138607.9836965,2709,2.221762500994373,3.6575624981196597,57.1,1048.30859375,15,1492.359375
1779138607.983697,2710,2.221762500994373,3.6576124985003844,57.1,1048.30859375,15,1492.359375
1779138607.9836974,2711,2.221762500994373,3.6576749989762902,57.1,1048.30859375,15,1492.359375
1779138608.025145,2712,1.593012497323798,2.9429874994093552,0.0,1048.30859375,15,1492.359375
1779138608.0251474,2713,1.593012497323798,2.9431999973894563,0.0,1048.30859375,15,1492.359375
1779138608.025148,2714,1.593012497323798,2.943262497865362,0.0,1048.30859375,15,1492.359375
1779138608.0251484,2715,1.593012497323798,2.943324998341268,0.0,1048.30859375,15,1492.359375
1779138608.025149,2716,1.593012497323798,2.9433874988171738,0.0,1048.30859375,15,1492.359375
1779138608.0251572,2717,1.593012497323798,2.944412499346072,0.0,1048.30859375,15,1492.359375
1779138608.0251577,2718,1.593012497323798,2.9444624997267965,0.0,1048.30859375,15,1492.359375
1779138608.0251582,2719,1.593012497323798,2.9445250002027024,0.0,1048.30859375,15,1492.359375
1779138608.0632048,2720,1.3672874993062578,2.677762498933589,25.0,1048.3125,15,1492.359375
1779138608.0632076,2721,1.3672874993062578,2.677975000551669,25.0,1048.3125,15,1492.359375
1779138608.0632083,2722,1.3672874993062578,2.678049997484777,25.0,1048.3125,15,1492.359375
1779138608.063209,2723,1.3672874993062578,2.678124998055864,25.0,1048.3125,15,1492.359375
1779138608.0632095,2724,1.3672874993062578,2.67818749853177,25.0,1048.3125,15,1492.359375
1779138608.06321,2725,1.3672874993062578,2.678262499102857,25.0,1048.3125,15,1492.359375
1779138608.0632105,2726,1.3672874993062578,2.678324999578763,25.0,1048.3125,15,1492.359375
1779138608.063211,2727,1.3672874993062578,2.6783749999594875,25.0,1048.3125,15,1492.359375
1779138608.1012976,2728,1.3871125011064578,2.753575001406716,25.0,1048.31640625,15,1492.359375
1779138608.1012998,2729,1.3871125011064578,2.7537500027392525,25.0,1048.31640625,15,1492.359375
1779138608.1013002,2730,1.3871125011064578,2.7538124995771796,25.0,1048.31640625,15,1492.359375
1779138608.1013007,2731,1.3871125011064578,2.7538750000530854,25.0,1048.31640625,15,1492.359375
1779138608.1013012,2732,1.3871125011064578,2.7539375005289912,25.0,1048.31640625,15,1492.359375
1779138608.1013017,2733,1.3871125011064578,2.753987500909716,25.0,1048.31640625,15,1492.359375
1779138608.1013024,2734,1.3871125011064578,2.7540500013856217,25.0,1048.31640625,15,1492.359375
1779138608.1013026,2735,1.3871125011064578,2.7541125018615276,25.0,1048.31640625,15,1492.359375
1779138608.1415026,2736,1.3612375005322974,2.7215000009164214,0.0,1048.3203125,15,1492.359375
1779138608.1415055,2737,1.3612375005322974,2.7217249989917036,0.0,1048.3203125,15,1492.359375
1779138608.141506,2738,1.3612375005322974,2.7217999995627906,0.0,1048.3203125,15,1492.359375
1779138608.141507,2739,1.3612375005322974,2.7218750001338776,0.0,1048.3203125,15,1492.359375
1779138608.1415074,2740,1.3612375005322974,2.7219250005146023,0.0,1048.3203125,15,1492.359375
1779138608.1415076,2741,1.3612375005322974,2.721987500990508,0.0,1048.3203125,15,1492.359375
1779138608.141508,2742,1.3612375005322974,2.722050001466414,0.0,1048.3203125,15,1492.359375
1779138608.1415086,2743,1.3612375005322974,2.72211250194232,0.0,1048.3203125,15,1492.359375
1779138608.183008,2744,1.3762500020675361,2.7790125022875145,0.0,1048.3203125,15,1492.359375
1779138608.1830108,2745,1.3762500020675361,2.7792250002676155,0.0,1048.3203125,15,1492.359375
1779138608.1830113,2746,1.3762500020675361,2.7792875007435214,0.0,1048.3203125,15,1492.359375
1779138608.1830115,2747,1.3762500020675361,2.779337501124246,0.0,1048.3203125,15,1492.359375
1779138608.1830122,2748,1.3762500020675361,2.779425001790514,0.0,1048.3203125,15,1492.359375
1779138608.183013,2749,1.3762500020675361,2.77948750226642,0.0,1048.3203125,15,1492.359375
1779138608.1830134,2750,1.3762500020675361,2.779550002742326,0.0,1048.3203125,15,1492.359375
1779138608.183014,2751,1.3762500020675361,2.7796125032182317,0.0,1048.3203125,15,1492.359375
1779138608.2197964,2752,1.3611124995804857,2.703674999793293,8.3,1048.32421875,15,1492.359375
1779138608.2197995,2753,1.3611124995804857,2.7039124979637563,8.3,1048.32421875,15,1492.359375
1779138608.2198002,2754,1.3611124995804857,2.7039874985348433,8.3,1048.32421875,15,1492.359375
1779138608.2198012,2755,1.3611124995804857,2.7040749992011115,8.3,1048.32421875,15,1492.359375
1779138608.219808,2756,1.3611124995804857,2.7049499985878356,8.3,1048.32421875,15,1492.359375
1779138608.2198088,2757,1.3611124995804857,2.7050374992541037,8.3,1048.32421875,15,1492.359375
1779138608.2198093,2758,1.3611124995804857,2.7051124998251908,8.3,1048.32421875,15,1492.359375
1779138608.2198098,2759,1.3611124995804857,2.705187496758299,8.3,1048.32421875,15,1492.359375
1779138608.2615857,2760,1.3989250001031905,2.778587499051355,0.0,1048.328125,15,1492.359375
1779138608.2615886,2761,1.3989250001031905,2.7788000006694347,0.0,1048.328125,15,1492.359375
1779138608.261589,2762,1.3989250001031905,2.7788750012405217,0.0,1048.328125,15,1492.359375
1779138608.2615895,2763,1.3989250001031905,2.7789375017164275,0.0,1048.328125,15,1492.359375
1779138608.26159,2764,1.3989250001031905,2.7789999985543545,0.0,1048.328125,15,1492.359375
1779138608.2615905,2765,1.3989250001031905,2.7790624990302604,0.0,1048.328125,15,1492.359375
1779138608.261591,2766,1.3989250001031905,2.779112499410985,0.0,1048.328125,15,1492.359375
1779138608.2615912,2767,1.3989250001031905,2.779174999886891,0.0,1048.328125,15,1492.359375
1779138608.3099465,2768,1.364625000860542,2.711175002332311,0.0,1048.40625,18,1492.359375
1779138608.309949,2769,1.364625000860542,2.711387500312412,0.0,1048.40625,18,1492.359375
1779138608.3099496,2770,1.364625000860542,2.711462500883499,0.0,1048.40625,18,1492.359375
1779138608.30995,2771,1.364625000860542,2.711512501264224,0.0,1048.40625,18,1492.359375
1779138608.3099508,2772,1.364625000860542,2.711587501835311,0.0,1048.40625,18,1492.359375
1779138608.3099513,2773,1.364625000860542,2.711662502406398,0.0,1048.40625,18,1492.359375
1779138608.3099518,2774,1.364625000860542,2.711737499339506,0.0,1048.40625,18,1492.359375
1779138608.3099568,2775,1.364625000860542,2.7123750005557667,0.0,1048.40625,18,1492.359375
1779138608.3474603,2776,1.4115125013631769,2.7488750019983854,30.8,1048.41015625,18,1492.359375
1779138608.347463,2777,1.4115125013631769,2.7490749998833053,30.8,1048.41015625,18,1492.359375
1779138608.3474636,2778,1.4115125013631769,2.749137500359211,30.8,1048.41015625,18,1492.359375
1779138608.347464,2779,1.4115125013631769,2.749200000835117,30.8,1048.41015625,18,1492.359375
1779138608.3474648,2780,1.4115125013631769,2.749275001406204,30.8,1048.41015625,18,1492.359375
1779138608.3474653,2781,1.4115125013631769,2.74933750188211,30.8,1048.41015625,18,1492.359375
1779138608.3474655,2782,1.4115125013631769,2.7493875022628345,30.8,1048.41015625,18,1492.359375
1779138608.347466,2783,1.4115125013631769,2.7494500027387403,30.8,1048.41015625,18,1492.359375
1779138608.3877912,2784,1.4528125029755756,2.7918625019083265,0.0,1048.48828125,18,1492.359375
1779138608.387794,2785,1.4528125029755756,2.79210000007879,0.0,1048.48828125,18,1492.359375
1779138608.3877947,2786,1.4528125029755756,2.792175000649877,0.0,1048.48828125,18,1492.359375
1779138608.3877952,2787,1.4528125029755756,2.792262501316145,0.0,1048.48828125,18,1492.359375
1779138608.3877957,2788,1.4528125029755756,2.792337501887232,0.0,1048.48828125,18,1492.359375
1779138608.3877964,2789,1.4528125029755756,2.792412502458319,0.0,1048.48828125,18,1492.359375
1779138608.3877969,2790,1.4528125029755756,2.792475002934225,0.0,1048.48828125,18,1492.359375
1779138608.3877976,2791,1.4528125029755756,2.7925375034101307,0.0,1048.48828125,18,1492.359375
1779138608.4329567,2792,1.484412499848986,2.84895000004326,0.0,1048.6328125,18,1492.359375
1779138608.4329596,2793,1.484412499848986,2.849175001756521,0.0,1048.6328125,18,1492.359375
1779138608.43296,2794,1.484412499848986,2.8492375022324268,0.0,1048.6328125,18,1492.359375
1779138608.4329655,2795,1.484412499848986,2.8499375002866145,0.0,1048.6328125,18,1492.359375
1779138608.4329665,2796,1.484412499848986,2.8500250009528827,0.0,1048.6328125,18,1492.359375
1779138608.432967,2797,1.484412499848986,2.8500875014287885,0.0,1048.6328125,18,1492.359375
1779138608.4329674,2798,1.484412499848986,2.8501500019046944,0.0,1048.6328125,18,1492.359375
1779138608.4329677,2799,1.484412499848986,2.850200002285419,0.0,1048.6328125,18,1492.359375
1779138608.4703045,2800,1.3200875000620726,2.6631375003489666,15.4,1048.63671875,18,1492.2890625
1779138608.470307,2801,1.3200875000620726,2.6633374982338864,15.4,1048.63671875,18,1492.2890625
1779138608.4703076,2802,1.3200875000620726,2.6633999987097923,15.4,1048.63671875,18,1492.2890625
1779138608.470308,2803,1.3200875000620726,2.6634749992808793,15.4,1048.63671875,18,1492.2890625
1779138608.4703085,2804,1.3200875000620726,2.663537499756785,15.4,1048.63671875,18,1492.2890625
1779138608.470309,2805,1.3200875000620726,2.663600000232691,15.4,1048.63671875,18,1492.2890625
1779138608.4703097,2806,1.3200875000620726,2.663662500708597,15.4,1048.63671875,18,1492.2890625
1779138608.4703102,2807,1.3200875000620726,2.6637125010893214,15.4,1048.63671875,18,1492.2890625
1779138608.5223606,2808,2.0036124988109805,3.477399997791508,16.7,1048.63671875,18,1492.2890625
1779138608.5223646,2809,2.0036124988109805,3.4777749970089644,16.7,1048.63671875,18,1492.2890625
1779138608.522365,2810,2.0036124988109805,3.4778499975800514,16.7,1048.63671875,18,1492.2890625
1779138608.5223658,2811,2.0036124988109805,3.4779124980559573,16.7,1048.63671875,18,1492.2890625
1779138608.5223663,2812,2.0036124988109805,3.477974998531863,16.7,1048.63671875,18,1492.2890625
1779138608.5223668,2813,2.0036124988109805,3.4780249989125878,16.7,1048.63671875,18,1492.2890625
1779138608.5223684,2814,2.0036124988109805,3.478262497083051,16.7,1048.63671875,18,1492.2890625
1779138608.522369,2815,2.0036124988109805,3.478324997558957,16.7,1048.63671875,18,1492.2890625
1779138608.5661547,2816,1.9327249974594451,3.328762497403659,20.0,1048.64453125,18,1492.2890625
1779138608.5661578,2817,1.9327249974594451,3.3289749990217388,20.0,1048.64453125,18,1492.2890625
1779138608.5661583,2818,1.9327249974594451,3.3290499995928258,20.0,1048.64453125,18,1492.2890625
1779138608.5661588,2819,1.9327249974594451,3.3290999999735504,20.0,1048.64453125,18,1492.2890625
1779138608.5661592,2820,1.9327249974594451,3.3291749969066586,20.0,1048.64453125,18,1492.2890625
1779138608.56616,2821,1.9327249974594451,3.3292374973825645,20.0,1048.64453125,18,1492.2890625
1779138608.5661604,2822,1.9327249974594451,3.3292999978584703,20.0,1048.64453125,18,1492.2890625
1779138608.566161,2823,1.9327249974594451,3.329349998239195,20.0,1048.64453125,18,1492.2890625
1779138608.601005,2824,1.2151624978287145,2.5677999983599875,0.0,1048.6484375,18,1492.2890625
1779138608.6010077,2825,1.2151624978287145,2.567999999882886,0.0,1048.6484375,18,1492.2890625
1779138608.6010082,2826,1.2151624978287145,2.568062500358792,0.0,1048.6484375,18,1492.2890625
1779138608.601009,2827,1.2151624978287145,2.568125000834698,0.0,1048.6484375,18,1492.2890625
1779138608.6010091,2828,1.2151624978287145,2.5681875013106037,0.0,1048.6484375,18,1492.2890625
1779138608.6010096,2829,1.2151624978287145,2.5682374980533496,0.0,1048.6484375,18,1492.2890625
1779138608.60101,2830,1.2151624978287145,2.5682874984340742,0.0,1048.6484375,18,1492.2890625
1779138608.6010103,2831,1.2151624978287145,2.56834999890998,0.0,1048.6484375,18,1492.2890625
1779138608.635038,2832,1.408612501109019,2.7679624981828965,0.0,1048.6484375,18,1492.2890625
1779138608.6350405,2833,1.408612501109019,2.7681749998009764,0.0,1048.6484375,18,1492.2890625
1779138608.6350453,2834,1.408612501109019,2.768800000922056,0.0,1048.6484375,18,1492.2890625
1779138608.6350462,2835,1.408612501109019,2.768874997855164,0.0,1048.6484375,18,1492.2890625
1779138608.6350467,2836,1.408612501109019,2.76893749833107,0.0,1048.6484375,18,1492.2890625
1779138608.6350472,2837,1.408612501109019,2.768999998806976,0.0,1048.6484375,18,1492.2890625
1779138608.6350474,2838,1.408612501109019,2.7690499991877005,0.0,1048.6484375,18,1492.2890625
1779138608.635048,2839,1.408612501109019,2.7691124996636063,0.0,1048.6484375,18,1492.2890625
1779138608.6740413,2840,1.4239750016713515,2.7814000022772234,20.0,1048.65625,18,1492.2890625
1779138608.6740441,2841,1.4239750016713515,2.7816250003525056,20.0,1048.65625,18,1492.2890625
1779138608.6740448,2842,1.4239750016713515,2.7817000009235926,20.0,1048.65625,18,1492.2890625
1779138608.674045,2843,1.4239750016713515,2.7817625013994984,20.0,1048.65625,18,1492.2890625
1779138608.674046,2844,1.4239750016713515,2.7818375019705854,20.0,1048.65625,18,1492.2890625
1779138608.6740465,2845,1.4239750016713515,2.7819000024464913,20.0,1048.65625,18,1492.2890625
1779138608.674047,2846,1.4239750016713515,2.7819750030175783,20.0,1048.65625,18,1492.2890625
1779138608.6740475,2847,1.4239750016713515,2.7820374998555053,20.0,1048.65625,18,1492.2890625
1779138608.709246,2848,1.46807499913848,2.8125249991717283,25.0,1048.65625,18,1492.2890625
1779138608.7092488,2849,1.46807499913848,2.8127500008849893,25.0,1048.65625,18,1492.2890625
1779138608.7092493,2850,1.46807499913848,2.8128124977229163,25.0,1048.65625,18,1492.2890625
1779138608.70925,2851,1.46807499913848,2.812874998198822,25.0,1048.65625,18,1492.2890625
1779138608.7092505,2852,1.46807499913848,2.812937498674728,25.0,1048.65625,18,1492.2890625
1779138608.7092547,2853,1.46807499913848,2.813462499034358,25.0,1048.65625,18,1492.2890625
1779138608.7092552,2854,1.46807499913848,2.813524999510264,25.0,1048.65625,18,1492.2890625
1779138608.7092557,2855,1.46807499913848,2.8135749998909887,25.0,1048.65625,18,1492.2890625
1779138608.7517574,2856,1.4639625005656853,2.804737501719501,18.2,1048.66015625,18,1492.2890625
1779138608.7517598,2857,1.4639625005656853,2.8049374996044207,18.2,1048.66015625,18,1492.2890625
1779138608.7517605,2858,1.4639625005656853,2.8050000000803266,18.2,1048.66015625,18,1492.2890625
1779138608.751761,2859,1.4639625005656853,2.8050625005562324,18.2,1048.66015625,18,1492.2890625
1779138608.7517614,2860,1.4639625005656853,2.8051250010321382,18.2,1048.66015625,18,1492.2890625
1779138608.751762,2861,1.4639625005656853,2.805175001412863,18.2,1048.66015625,18,1492.2890625
1779138608.7517624,2862,1.4639625005656853,2.8052375018887687,18.2,1048.66015625,18,1492.2890625
1779138608.7517626,2863,1.4639625005656853,2.8052875022694934,18.2,1048.66015625,18,1492.2890625
1779138608.792811,2864,1.3790124976367224,2.7137375000165775,0.0,1048.66015625,18,1492.2890625
1779138608.7928138,2865,1.3790124976367224,2.7139374979014974,0.0,1048.66015625,18,1492.2890625
1779138608.7928145,2866,1.3790124976367224,2.7140124984725844,0.0,1048.66015625,18,1492.2890625
1779138608.7928152,2867,1.3790124976367224,2.714062498853309,0.0,1048.66015625,18,1492.2890625
1779138608.7928157,2868,1.3790124976367224,2.714137499424396,0.0,1048.66015625,18,1492.2890625
1779138608.792816,2869,1.3790124976367224,2.7141874998051208,0.0,1048.66015625,18,1492.2890625
1779138608.7928164,2870,1.3790124976367224,2.7142500002810266,0.0,1048.66015625,18,1492.2890625
1779138608.7928169,2871,1.3790124976367224,2.7143000006617513,0.0,1048.66015625,18,1492.2890625
1779138608.8289037,2872,1.5290125011233613,2.875387501262594,16.7,1048.6640625,18,1492.2890625
1779138608.8289096,2873,1.5290125011233613,2.8760125023836736,16.7,1048.6640625,18,1492.2890625
1779138608.82891,2874,1.5290125011233613,2.8760874993167818,16.7,1048.6640625,18,1492.2890625
1779138608.8289106,2875,1.5290125011233613,2.8761499997926876,16.7,1048.6640625,18,1492.2890625
1779138608.828911,2876,1.5290125011233613,2.8762125002685934,16.7,1048.6640625,18,1492.2890625
1779138608.8289115,2877,1.5290125011233613,2.8762750007444993,16.7,1048.6640625,18,1492.2890625
1779138608.828912,2878,1.5290125011233613,2.876325001125224,16.7,1048.6640625,18,1492.2890625
1779138608.8289125,2879,1.5290125011233613,2.8763875016011298,16.7,1048.6640625,18,1492.2890625
1779138608.8666375,2880,1.6062875001807697,2.9776374976790976,6.7,1048.66796875,18,1492.2890625
1779138608.86664,2881,1.6062875001807697,2.9778499992971774,6.7,1048.66796875,18,1492.2890625
1779138608.8666406,2882,1.6062875001807697,2.9779124997730833,6.7,1048.66796875,18,1492.2890625
1779138608.866641,2883,1.6062875001807697,2.9779875003441703,6.7,1048.66796875,18,1492.2890625
1779138608.8666418,2884,1.6062875001807697,2.978050000820076,6.7,1048.66796875,18,1492.2890625
1779138608.8666437,2885,1.6062875001807697,2.9782874989905395,6.7,1048.66796875,18,1492.2890625
1779138608.8666441,2886,1.6062875001807697,2.9783624995616265,6.7,1048.66796875,18,1492.2890625
1779138608.8666492,2887,1.6062875001807697,2.978987500682706,6.7,1048.66796875,18,1492.2890625
1779138608.9056067,2888,1.2458499986678362,2.6703375006036367,38.5,1048.671875,18,1492.2890625
1779138608.9056108,2889,1.2458499986678362,2.6706874996307306,38.5,1048.671875,18,1492.2890625
1779138608.905612,2890,1.2458499986678362,2.6708375007729046,38.5,1048.671875,18,1492.2890625
1779138608.9056127,2891,1.2458499986678362,2.6709499979915563,38.5,1048.671875,18,1492.2890625
1779138608.905621,2892,1.2458499986678362,2.6719749985204544,38.5,1048.671875,18,1492.2890625
1779138608.905622,2893,1.2458499986678362,2.672087499377085,38.5,1048.671875,18,1492.2890625
1779138608.9056227,2894,1.2458499986678362,2.6721875001385342,38.5,1048.671875,18,1492.2890625
1779138608.905624,2895,1.2458499986678362,2.6723000009951647,38.5,1048.671875,18,1492.2890625
1779138608.9437537,2896,1.4903749979566783,2.847649997420376,14.3,1048.67578125,18,1492.2890625
1779138608.9437563,2897,1.4903749979566783,2.847874999133637,14.3,1048.67578125,18,1492.2890625
1779138608.943757,2898,1.4903749979566783,2.847937499609543,14.3,1048.67578125,18,1492.2890625
1779138608.9437575,2899,1.4903749979566783,2.848000000085449,14.3,1048.67578125,18,1492.2890625
1779138608.943758,2900,1.4903749979566783,2.848062496923376,14.3,1048.67578125,18,1492.2890625
1779138608.9437585,2901,1.4903749979566783,2.8481249973992817,14.3,1048.67578125,18,1492.2890625
1779138608.9437592,2902,1.4903749979566783,2.8481874978751875,14.3,1048.67578125,18,1492.2890625
1779138608.9437594,2903,1.4903749979566783,2.848237498255912,14.3,1048.67578125,18,1492.2890625
1779138608.977638,2904,1.2491624984249938,2.640524999151239,12.5,1048.6796875,18,1492.2890625
1779138608.977641,2905,1.2491624984249938,2.6407625009596813,12.5,1048.6796875,18,1492.2890625
1779138608.977642,2906,1.2491624984249938,2.6408374978927895,12.5,1048.6796875,18,1492.2890625
1779138608.9776425,2907,1.2491624984249938,2.6409249985590577,12.5,1048.6796875,18,1492.2890625
1779138608.9776433,2908,1.2491624984249938,2.6409874990349635,12.5,1048.6796875,18,1492.2890625
1779138608.9776437,2909,1.2491624984249938,2.6410749997012317,12.5,1048.6796875,18,1492.2890625
1779138608.9776444,2910,1.2491624984249938,2.6411625003675,12.5,1048.6796875,18,1492.2890625
1779138608.9776452,2911,1.2491624984249938,2.641237500938587,12.5,1048.6796875,18,1492.2890625
1779138609.031297,2912,2.1330749987100717,3.466512498562224,30.0,1048.68359375,18,1492.2890625
1779138609.0312998,2913,2.1330749987100717,3.466725000180304,30.0,1048.68359375,18,1492.2890625
1779138609.0313005,2914,2.1330749987100717,3.466812500846572,30.0,1048.68359375,18,1492.2890625
1779138609.031301,2915,2.1330749987100717,3.4668749976844992,30.0,1048.68359375,18,1492.2890625
1779138609.0313017,2916,2.1330749987100717,3.4669499982555863,30.0,1048.68359375,18,1492.2890625
1779138609.0313022,2917,2.1330749987100717,3.467012498731492,30.0,1048.68359375,18,1492.2890625
1779138609.0313027,2918,2.1330749987100717,3.467087499302579,30.0,1048.68359375,18,1492.2890625
1779138609.0313032,2919,2.1330749987100717,3.467149999778485,30.0,1048.68359375,18,1492.2890625
1779138609.0715427,2920,1.5834000005270354,3.0010375012352597,47.1,1048.68359375,18,1492.2890625
1779138609.0715458,2921,1.5834000005270354,3.001274999405723,47.1,1048.68359375,18,1492.2890625
1779138609.0715466,2922,1.5834000005270354,3.001337499881629,47.1,1048.68359375,18,1492.2890625
1779138609.071547,2923,1.5834000005270354,3.001412500452716,47.1,1048.68359375,18,1492.2890625
1779138609.0715477,2924,1.5834000005270354,3.0014750009286217,47.1,1048.68359375,18,1492.2890625
1779138609.0715482,2925,1.5834000005270354,3.0015375014045276,47.1,1048.68359375,18,1492.2890625
1779138609.0715487,2926,1.5834000005270354,3.0015999982424546,47.1,1048.68359375,18,1492.2890625
1779138609.0715492,2927,1.5834000005270354,3.0016624987183604,47.1,1048.68359375,18,1492.2890625
1779138609.1086233,2928,1.3570499977504369,2.7144624982611276,23.1,1048.6875,18,1492.2890625
1779138609.108626,2929,1.3570499977504369,2.7146874999743886,23.1,1048.6875,18,1492.2890625
1779138609.1086266,2930,1.3570499977504369,2.7147625005454756,23.1,1048.6875,18,1492.2890625
1779138609.1086302,2931,1.3570499977504369,2.7152250004292,23.1,1048.6875,18,1492.2890625
1779138609.108631,2932,1.3570499977504369,2.715299997362308,23.1,1048.6875,18,1492.2890625
1779138609.1086316,2933,1.3570499977504369,2.715374997933395,23.1,1048.6875,18,1492.2890625
1779138609.108632,2934,1.3570499977504369,2.715437498409301,23.1,1048.6875,18,1492.2890625
1779138609.1086326,2935,1.3570499977504369,2.715499998885207,23.1,1048.6875,18,1492.2890625
1779138609.1494431,2936,1.8893499982368667,3.257174997997936,7.1,1048.69140625,18,1492.2890625
1779138609.1494455,2937,1.8893499982368667,3.2573749995208345,7.1,1048.69140625,18,1492.2890625
1779138609.1494465,2938,1.8893499982368667,3.2574625001871027,7.1,1048.69140625,18,1492.2890625
1779138609.149447,2939,1.8893499982368667,3.2575250006630085,7.1,1048.69140625,18,1492.2890625
1779138609.1494474,2940,1.8893499982368667,3.2575875011389144,7.1,1048.69140625,18,1492.2890625
1779138609.149448,2941,1.8893499982368667,3.2576499979768414,7.1,1048.69140625,18,1492.2890625
1779138609.1494484,2942,1.8893499982368667,3.2577124984527472,7.1,1048.69140625,18,1492.2890625
1779138609.1494489,2943,1.8893499982368667,3.257762498833472,7.1,1048.69140625,18,1492.2890625
1779138609.183205,2944,1.2744499981636181,2.6084749988513067,0.0,1048.6953125,18,1492.2890625
1779138609.1832075,2945,1.2744499981636181,2.6086750003742054,0.0,1048.6953125,18,1492.2890625
1779138609.183208,2946,1.2744499981636181,2.6087500009452924,0.0,1048.6953125,18,1492.2890625
1779138609.1832085,2947,1.2744499981636181,2.6088125014211982,0.0,1048.6953125,18,1492.2890625
1779138609.1832092,2948,1.2744499981636181,2.6088874983543064,0.0,1048.6953125,18,1492.2890625
1779138609.1832094,2949,1.2744499981636181,2.608937498735031,0.0,1048.6953125,18,1492.2890625
1779138609.18321,2950,1.2744499981636181,2.608999999210937,0.0,1048.6953125,18,1492.2890625
1779138609.1832147,2951,1.2744499981636181,2.609600000141654,0.0,1048.6953125,18,1492.2890625
1779138609.218838,2952,1.316324996878393,2.6985499971488025,18.2,1048.69921875,18,1492.2890625
1779138609.2188416,2953,1.316324996878393,2.698824999242788,18.2,1048.69921875,18,1492.2890625
1779138609.2188423,2954,1.316324996878393,2.698899999813875,18.2,1048.69921875,18,1492.2890625
1779138609.2188432,2955,1.316324996878393,2.6989999969373457,18.2,1048.69921875,18,1492.2890625
1779138609.2188437,2956,1.316324996878393,2.6990624974132515,18.2,1048.69921875,18,1492.2890625
1779138609.2188442,2957,1.316324996878393,2.6991374979843386,18.2,1048.69921875,18,1492.2890625
1779138609.2188447,2958,1.316324996878393,2.6991999984602444,18.2,1048.69921875,18,1492.2890625
1779138609.2188451,2959,1.316324996878393,2.6992624989361502,18.2,1048.69921875,18,1492.2890625
1779138609.2574663,2960,1.3602374965557829,2.6848249981412664,53.8,1048.703125,18,1492.2890625
1779138609.257469,2961,1.3602374965557829,2.685012499568984,53.8,1048.703125,18,1492.2890625
1779138609.2574697,2962,1.3602374965557829,2.685087496502092,53.8,1048.703125,18,1492.2890625
1779138609.25747,2963,1.3602374965557829,2.6851374968828168,53.8,1048.703125,18,1492.2890625
1779138609.2574706,2964,1.3602374965557829,2.685212497453904,53.8,1048.703125,18,1492.2890625
1779138609.2574713,2965,1.3602374965557829,2.6852749979298096,53.8,1048.703125,18,1492.2890625
1779138609.2574716,2966,1.3602374965557829,2.6853374984057155,53.8,1048.703125,18,1492.2890625
1779138609.257472,2967,1.3602374965557829,2.68538749878644,53.8,1048.703125,18,1492.2890625
1779138609.2916179,2968,1.3121000010869466,2.668825000000652,0.0,1048.703125,18,1492.2890625
1779138609.2916205,2969,1.3121000010869466,2.669062501809094,0.0,1048.703125,18,1492.2890625
1779138609.2916245,2970,1.3121000010869466,2.6695375017879996,0.0,1048.703125,18,1492.2890625
1779138609.2916253,2971,1.3121000010869466,2.669612498721108,0.0,1048.703125,18,1492.2890625
1779138609.2916255,2972,1.3121000010869466,2.6696749991970137,0.0,1048.703125,18,1492.2890625
1779138609.2916262,2973,1.3121000010869466,2.669762499863282,0.0,1048.703125,18,1492.2890625
1779138609.2916267,2974,1.3121000010869466,2.669837500434369,0.0,1048.703125,18,1492.2890625
1779138609.2916272,2975,1.3121000010869466,2.6699000009102747,0.0,1048.703125,18,1492.2890625
1779138609.3295412,2976,1.5443249976669904,2.8770874996553175,8.6,1048.70703125,18,1483.2890625
1779138609.3295443,2977,1.5443249976669904,2.8772999976354185,8.6,1048.70703125,18,1483.2890625
1779138609.3295448,2978,1.5443249976669904,2.8773749982065056,8.6,1048.70703125,18,1483.2890625
1779138609.3295453,2979,1.5443249976669904,2.8774499987775926,8.6,1048.70703125,18,1483.2890625
1779138609.329546,2980,1.5443249976669904,2.8775374994438607,8.6,1048.70703125,18,1483.2890625
1779138609.3295465,2981,1.5443249976669904,2.8775874998245854,8.6,1048.70703125,18,1483.2890625
1779138609.329547,2982,1.5443249976669904,2.8776500003004912,8.6,1048.70703125,18,1483.2890625
1779138609.3295474,2983,1.5443249976669904,2.877700000681216,8.6,1048.70703125,18,1483.2890625
1779138609.3675904,2984,1.4594000022043474,2.824412502377527,27.3,1048.7109375,18,1479.2890625
1779138609.3675964,2985,1.4594000022043474,2.8248875023564324,27.3,1048.7109375,18,1479.2890625
1779138609.3675969,2986,1.4594000022043474,2.8249625029275194,27.3,1048.7109375,18,1479.2890625
1779138609.3675978,2987,1.4594000022043474,2.8250499999558087,27.3,1048.7109375,18,1479.2890625
1779138609.367599,2988,1.4594000022043474,2.825225001288345,27.3,1048.7109375,18,1479.2890625
1779138609.3675997,2989,1.4594000022043474,2.825300001859432,27.3,1048.7109375,18,1479.2890625
1779138609.367606,2990,1.4594000022043474,2.826100000675069,27.3,1048.7109375,18,1479.2890625
1779138609.3676066,2991,1.4594000022043474,2.826150001055794,27.3,1048.7109375,18,1479.2890625
1779138609.4034991,2992,1.5417374997923616,2.9071624994685408,0.0,1048.7734375,18,1479.2890625
1779138609.4035017,2993,1.5417374997923616,2.907387501181802,0.0,1048.7734375,18,1479.2890625
1779138609.4035027,2994,1.5417374997923616,2.907462501752889,0.0,1048.7734375,18,1479.2890625
1779138609.4035032,2995,1.5417374997923616,2.9075250022287946,0.0,1048.7734375,18,1479.2890625
1779138609.4035037,2996,1.5417374997923616,2.907599999161903,0.0,1048.7734375,18,1479.2890625
1779138609.4035041,2997,1.5417374997923616,2.9076624996378087,0.0,1048.7734375,18,1479.2890625
1779138609.4035044,2998,1.5417374997923616,2.9077250001137145,0.0,1048.7734375,18,1479.2890625
1779138609.4035048,2999,1.5417374997923616,2.9077875005896203,0.0,1048.7734375,18,1479.2890625
1779138609.4408307,3000,1.2902249982289504,2.669624998816289,25.0,1048.7734375,18,1479.2890625
1779138609.4408333,3001,1.2902249982289504,2.66985000052955,25.0,1048.7734375,18,1479.2890625
1779138609.4408338,3002,1.2902249982289504,2.669912501005456,25.0,1048.7734375,18,1479.2890625
1779138609.4408343,3003,1.2902249982289504,2.669974997843383,25.0,1048.7734375,18,1479.2890625
1779138609.4408348,3004,1.2902249982289504,2.670062498509651,25.0,1048.7734375,18,1479.2890625
1779138609.4408355,3005,1.2902249982289504,2.670124998985557,25.0,1048.7734375,18,1479.2890625
1779138609.4408362,3006,1.2902249982289504,2.6701874994614627,25.0,1048.7734375,18,1479.2890625
1779138609.4408367,3007,1.2902249982289504,2.6702374998421874,25.0,1048.7734375,18,1479.2890625
1779138609.4775622,3008,1.3804249974782579,2.713049998419592,23.1,1048.7734375,18,1479.2890625
1779138609.4775646,3009,1.3804249974782579,2.713249999942491,23.1,1048.7734375,18,1479.2890625
1779138609.4775653,3010,1.3804249974782579,2.713324996875599,23.1,1048.7734375,18,1479.2890625
1779138609.4775658,3011,1.3804249974782579,2.713387497351505,23.1,1048.7734375,18,1479.2890625
1779138609.4775662,3012,1.3804249974782579,2.7134499978274107,23.1,1048.7734375,18,1479.2890625
1779138609.477567,3013,1.3804249974782579,2.7135124983033165,23.1,1048.7734375,18,1479.2890625
1779138609.4775672,3014,1.3804249974782579,2.7135749987792224,23.1,1048.7734375,18,1479.2890625
1779138609.4775677,3015,1.3804249974782579,2.713624999159947,23.1,1048.7734375,18,1479.2890625
1779138609.5125763,3016,1.501762500993209,2.8551625000545755,0.0,1048.7734375,18,1479.2890625
1779138609.512579,3017,1.501762500993209,2.8553875017678365,0.0,1048.7734375,18,1479.2890625
1779138609.51258,3018,1.501762500993209,2.8554500022437423,0.0,1048.7734375,18,1479.2890625
1779138609.5125804,3019,1.501762500993209,2.8555249991768505,0.0,1048.7734375,18,1479.2890625
1779138609.512581,3020,1.501762500993209,2.8555874996527564,0.0,1048.7734375,18,1479.2890625
1779138609.5125816,3021,1.501762500993209,2.8556750003190245,0.0,1048.7734375,18,1479.2890625
1779138609.512582,3022,1.501762500993209,2.8557375007949304,0.0,1048.7734375,18,1479.2890625
1779138609.5125825,3023,1.501762500993209,2.855800001270836,0.0,1048.7734375,18,1479.2890625
1779138609.549665,3024,1.5102124998520594,2.8127875011705328,16.7,1048.7734375,18,1479.2890625
1779138609.5496676,3025,1.5102124998520594,2.812999999150634,16.7,1048.7734375,18,1479.2890625
1779138609.549668,3026,1.5102124998520594,2.8130624996265396,16.7,1048.7734375,18,1479.2890625
1779138609.5496686,3027,1.5102124998520594,2.8131250001024455,16.7,1048.7734375,18,1479.2890625
1779138609.549669,3028,1.5102124998520594,2.8132000006735325,16.7,1048.7734375,18,1479.2890625
1779138609.5496702,3029,1.5102124998520594,2.813312497892184,16.7,1048.7734375,18,1479.2890625
1779138609.549671,3030,1.5102124998520594,2.8133999985584524,16.7,1048.7734375,18,1479.2890625
1779138609.5496712,3031,1.5102124998520594,2.813449998939177,16.7,1048.7734375,18,1479.2890625
1779138609.5852325,3032,1.4417375023185741,2.779400001600152,14.3,1048.7734375,18,1479.2890625
1779138609.585235,3033,1.4417375023185741,2.779624999675434,14.3,1048.7734375,18,1479.2890625
1779138609.5852363,3034,1.4417375023185741,2.77968750015134,14.3,1048.7734375,18,1479.2890625
1779138609.5852365,3035,1.4417375023185741,2.779762500722427,14.3,1048.7734375,18,1479.2890625
1779138609.5852375,3036,1.4417375023185741,2.779850001388695,14.3,1048.7734375,18,1479.2890625
1779138609.5852377,3037,1.4417375023185741,2.779925001959782,14.3,1048.7734375,18,1479.2890625
1779138609.5852385,3038,1.4417375023185741,2.7799750023405068,14.3,1048.7734375,18,1479.2890625
1779138609.5852387,3039,1.4417375023185741,2.7800375028164126,14.3,1048.7734375,18,1479.2890625
1779138609.6215343,3040,1.5119749987206887,2.8751249992637895,0.0,1048.7734375,18,1479.2890625
1779138609.621537,3041,1.5119749987206887,2.875325000786688,0.0,1048.7734375,18,1479.2890625
1779138609.6215374,3042,1.5119749987206887,2.875400001357775,0.0,1048.7734375,18,1479.2890625
1779138609.6215382,3043,1.5119749987206887,2.875462501833681,0.0,1048.7734375,18,1479.2890625
1779138609.6215386,3044,1.5119749987206887,2.875537498766789,0.0,1048.7734375,18,1479.2890625
1779138609.621539,3045,1.5119749987206887,2.875599999242695,0.0,1048.7734375,18,1479.2890625
1779138609.6215396,3046,1.5119749987206887,2.875662499718601,0.0,1048.7734375,18,1479.2890625
1779138609.62154,3047,1.5119749987206887,2.8757125000993256,0.0,1048.7734375,18,1479.2890625
1779138609.6579835,3048,1.6348124991054647,2.9500624987122137,16.7,1048.7734375,18,1479.2890625
1779138609.6579866,3049,1.6348124991054647,2.950287496787496,16.7,1048.7734375,18,1479.2890625
1779138609.657987,3050,1.6348124991054647,2.950362497358583,16.7,1048.7734375,18,1479.2890625
1779138609.6579876,3051,1.6348124991054647,2.9504124977393076,16.7,1048.7734375,18,1479.2890625
1779138609.657988,3052,1.6348124991054647,2.9504874983103946,16.7,1048.7734375,18,1479.2890625
1779138609.6579888,3053,1.6348124991054647,2.9505624988814816,16.7,1048.7734375,18,1479.2890625
1779138609.657989,3054,1.6348124991054647,2.9506124992622063,16.7,1048.7734375,18,1479.2890625
1779138609.6579897,3055,1.6348124991054647,2.950662499642931,16.7,1048.7734375,18,1479.2890625
1779138609.6930394,3056,1.2710874980257358,2.621774998260662,77.8,1048.7734375,18,1479.2890625
1779138609.6930423,3057,1.2710874980257358,2.622012500069104,77.8,1048.7734375,18,1479.2890625
1779138609.693043,3058,1.2710874980257358,2.622087500640191,77.8,1048.7734375,18,1479.2890625
1779138609.6930435,3059,1.2710874980257358,2.622149997478118,77.8,1048.7734375,18,1479.2890625
1779138609.693044,3060,1.2710874980257358,2.622212497954024,77.8,1048.7734375,18,1479.2890625
1779138609.6930444,3061,1.2710874980257358,2.62227499842993,77.8,1048.7734375,18,1479.2890625
1779138609.693045,3062,1.2710874980257358,2.622349999001017,77.8,1048.7734375,18,1479.2890625
1779138609.6930456,3063,1.2710874980257358,2.6223999993817415,77.8,1048.7734375,18,1479.2890625
1779138609.7304351,3064,1.5657375006412622,2.941312501206994,0.0,1048.7734375,18,1479.2890625
1779138609.73044,3065,1.5657375006412622,2.9417250007099938,0.0,1048.7734375,18,1479.2890625
1779138609.7304413,3066,1.5657375006412622,2.9418625017569866,0.0,1048.7734375,18,1479.2890625
1779138609.7304423,3067,1.5657375006412622,2.9419875027087983,0.0,1048.7734375,18,1479.2890625
1779138609.730444,3068,1.5657375006412622,2.9422250008792616,0.0,1048.7734375,18,1479.2890625
1779138609.730445,3069,1.5657375006412622,2.942325001640711,0.0,1048.7734375,18,1479.2890625
1779138609.7304459,3070,1.5657375006412622,2.9424250024021603,0.0,1048.7734375,18,1479.2890625
1779138609.7304466,3071,1.5657375006412622,2.942550003353972,0.0,1048.7734375,18,1479.2890625
1779138609.7687178,3072,1.677962500252761,3.0342874997586478,30.8,1048.7734375,18,1479.2890625
1779138609.7687201,3073,1.677962500252761,3.0344875012815464,30.8,1048.7734375,18,1479.2890625
1779138609.7687209,3074,1.677962500252761,3.0345625018526334,30.8,1048.7734375,18,1479.2890625
1779138609.7687213,3075,1.677962500252761,3.0346375024237204,30.8,1048.7734375,18,1479.2890625
1779138609.7687218,3076,1.677962500252761,3.0347000028996263,30.8,1048.7734375,18,1479.2890625
1779138609.7687225,3077,1.677962500252761,3.0347624997375533,30.8,1048.7734375,18,1479.2890625
1779138609.768723,3078,1.677962500252761,3.034825000213459,30.8,1048.7734375,18,1479.2890625
1779138609.7687235,3079,1.677962500252761,3.034900000784546,30.8,1048.7734375,18,1479.2890625
1779138609.8065026,3080,1.4547750033671036,2.795837503072107,0.0,1048.7734375,19,1479.2890625
1779138609.8065054,3081,1.4547750033671036,2.7960875013377517,0.0,1048.7734375,19,1479.2890625
1779138609.8065064,3082,1.4547750033671036,2.79617500200402,0.0,1048.7734375,19,1479.2890625
1779138609.806507,3083,1.4547750033671036,2.796250002575107,0.0,1048.7734375,19,1479.2890625
1779138609.8065078,3084,1.4547750033671036,2.796337503241375,0.0,1048.7734375,19,1479.2890625
1779138609.8065083,3085,1.4547750033671036,2.7964125001744833,0.0,1048.7734375,19,1479.2890625
1779138609.8065088,3086,1.4547750033671036,2.796475000650389,0.0,1048.7734375,19,1479.2890625
1779138609.8065095,3087,1.4547750033671036,2.7965750014118385,0.0,1048.7734375,19,1479.2890625
1779138609.8460681,3088,2.0620750001398847,3.4528875003161374,5.9,1048.7734375,19,1479.2890625
1779138609.846071,3089,2.0620750001398847,3.4531125020293985,5.9,1048.7734375,19,1479.2890625
1779138609.8460715,3090,2.0620750001398847,3.4531749988673255,5.9,1048.7734375,19,1479.2890625
1779138609.8460724,3091,2.0620750001398847,3.4532624995335937,5.9,1048.7734375,19,1479.2890625
1779138609.846073,3092,2.0620750001398847,3.4533250000094995,5.9,1048.7734375,19,1479.2890625
1779138609.8460734,3093,2.0620750001398847,3.4534000005805865,5.9,1048.7734375,19,1479.2890625
1779138609.8460739,3094,2.0620750001398847,3.4534625010564923,5.9,1048.7734375,19,1479.2890625
1779138609.8460743,3095,2.0620750001398847,3.453512501437217,5.9,1048.7734375,19,1479.2890625
1779138609.8974726,3096,2.614799999719253,4.069424998306204,36.4,1048.7734375,19,1479.2890625
1779138609.8974748,3097,2.614799999719253,4.069612499733921,36.4,1048.7734375,19,1479.2890625
1779138609.8974755,3098,2.614799999719253,4.069674996571848,36.4,1048.7734375,19,1479.2890625
1779138609.8974762,3099,2.614799999719253,4.069737497047754,36.4,1048.7734375,19,1479.2890625
1779138609.8974767,3100,2.614799999719253,4.069824997714022,36.4,1048.7734375,19,1479.2890625
1779138609.8974771,3101,2.614799999719253,4.069874998094747,36.4,1048.7734375,19,1479.2890625
1779138609.8974776,3102,2.614799999719253,4.069937498570653,36.4,1048.7734375,19,1479.2890625
1779138609.8974779,3103,2.614799999719253,4.069987498951377,36.4,1048.7734375,19,1479.2890625
1779138609.9407146,3104,1.640800001041498,2.9701749990636017,16.7,1048.7734375,19,1479.2890625
1779138609.9407172,3105,1.640800001041498,2.9703750005865004,16.7,1048.7734375,19,1479.2890625
1779138609.9407182,3106,1.640800001041498,2.9704500011575874,16.7,1048.7734375,19,1479.2890625
1779138609.9407187,3107,1.640800001041498,2.9705500019190367,16.7,1048.7734375,19,1479.2890625
1779138609.9407196,3108,1.640800001041498,2.970637498947326,16.7,1048.7734375,19,1479.2890625
1779138609.94072,3109,1.640800001041498,2.970699999423232,16.7,1048.7734375,19,1479.2890625
1779138609.9407203,3110,1.640800001041498,2.9707624998991378,16.7,1048.7734375,19,1479.2890625
1779138609.940721,3111,1.640800001041498,2.9708375004702248,16.7,1048.7734375,19,1479.2890625
1779138609.9753387,3112,1.4158374979160726,2.766837500530528,6.2,1048.7734375,19,1479.2890625
1779138609.975341,3113,1.4158374979160726,2.7670374984154478,6.2,1048.7734375,19,1479.2890625
1779138609.9753418,3114,1.4158374979160726,2.7671124989865348,6.2,1048.7734375,19,1479.2890625
1779138609.975342,3115,1.4158374979160726,2.7671749994624406,6.2,1048.7734375,19,1479.2890625
1779138609.9753425,3116,1.4158374979160726,2.7672374999383464,6.2,1048.7734375,19,1479.2890625
1779138609.975343,3117,1.4158374979160726,2.767287500319071,6.2,1048.7734375,19,1479.2890625
1779138609.9753437,3118,1.4158374979160726,2.767350000794977,6.2,1048.7734375,19,1479.2890625
1779138609.9753442,3119,1.4158374979160726,2.7674000011757016,6.2,1048.7734375,19,1479.2890625
1779138610.0125587,3120,1.5657625008316245,2.9060625020065345,0.0,1048.7734375,19,1479.2890625
1779138610.012562,3121,1.5657625008316245,2.906300000176998,0.0,1048.7734375,19,1479.2890625
1779138610.0125628,3122,1.5657625008316245,2.906387500843266,0.0,1048.7734375,19,1479.2890625
1779138610.0125632,3123,1.5657625008316245,2.906462501414353,0.0,1048.7734375,19,1479.2890625
1779138610.0125637,3124,1.5657625008316245,2.906525001890259,0.0,1048.7734375,19,1479.2890625
1779138610.0125642,3125,1.5657625008316245,2.9065875023661647,0.0,1048.7734375,19,1479.2890625
1779138610.0125651,3126,1.5657625008316245,2.9067249997751787,0.0,1048.7734375,19,1479.2890625
1779138610.0125659,3127,1.5657625008316245,2.9067875002510846,0.0,1048.7734375,19,1479.2890625
1779138610.0513308,3128,1.5696749978815205,2.940287500678096,53.8,1048.7734375,19,1479.2890625
1779138610.0513337,3129,1.5696749978815205,2.940487498563016,53.8,1048.7734375,19,1479.2890625
1779138610.0513344,3130,1.5696749978815205,2.940574999229284,53.8,1048.7734375,19,1479.2890625
1779138610.0513349,3131,1.5696749978815205,2.9406249996100087,53.8,1048.7734375,19,1479.2890625
1779138610.0513353,3132,1.5696749978815205,2.940712500276277,53.8,1048.7734375,19,1479.2890625
1779138610.051336,3133,1.5696749978815205,2.940800000942545,53.8,1048.7734375,19,1479.2890625
1779138610.0513368,3134,1.5696749978815205,2.940862497780472,53.8,1048.7734375,19,1479.2890625
1779138610.0513372,3135,1.5696749978815205,2.940924998256378,53.8,1048.7734375,19,1479.2890625
1779138610.0943716,3136,2.2874749993206933,3.664424999442417,36.4,1046.82421875,19,1479.2890625
1779138610.0943744,3137,2.2874749993206933,3.6646499975176994,36.4,1046.82421875,19,1479.2890625
1779138610.0943751,3138,2.2874749993206933,3.6647249980887864,36.4,1046.82421875,19,1479.2890625
1779138610.0943756,3139,2.2874749993206933,3.664787498564692,36.4,1046.82421875,19,1479.2890625
1779138610.094376,3140,2.2874749993206933,3.664849999040598,36.4,1046.82421875,19,1479.2890625
1779138610.0943768,3141,2.2874749993206933,3.664912499516504,36.4,1046.82421875,19,1479.2890625
1779138610.0943773,3142,2.2874749993206933,3.664987500087591,36.4,1046.82421875,19,1479.2890625
1779138610.0943775,3143,2.2874749993206933,3.6650500005634967,36.4,1046.82421875,19,1479.2890625
1779138610.1427338,3144,1.718399998935638,3.058112499275012,12.5,1048.78515625,19,1479.2890625
1779138610.1427364,3145,1.718399998935638,3.058324997255113,12.5,1048.78515625,19,1479.2890625
1779138610.1427407,3146,1.718399998935638,3.0588624977099244,12.5,1048.78515625,19,1479.2890625
1779138610.1427414,3147,1.718399998935638,3.0589499983761925,12.5,1048.78515625,19,1479.2890625
1779138610.142742,3148,1.718399998935638,3.0590249989472795,12.5,1048.78515625,19,1479.2890625
1779138610.1427429,3149,1.718399998935638,3.0591124996135477,12.5,1048.78515625,19,1479.2890625
1779138610.1427433,3150,1.718399998935638,3.0591750000894535,12.5,1048.78515625,19,1479.2890625
1779138610.1427438,3151,1.718399998935638,3.0592374969273806,12.5,1048.78515625,19,1479.2890625
1779138610.1804535,3152,1.3624624989461154,2.6904375008598436,12.5,1047.86328125,19,1479.2890625
1779138610.180457,3153,1.3624624989461154,2.6907124993158504,12.5,1047.86328125,19,1479.2890625
1779138610.180458,3154,1.3624624989461154,2.690837500267662,12.5,1047.86328125,19,1479.2890625
1779138610.1804588,3155,1.3624624989461154,2.690900000743568,12.5,1047.86328125,19,1479.2890625
1779138610.1804593,3156,1.3624624989461154,2.690962501219474,12.5,1047.86328125,19,1479.2890625
1779138610.1804597,3157,1.3624624989461154,2.6910250016953796,12.5,1047.86328125,19,1479.2890625
1779138610.1804602,3158,1.3624624989461154,2.6910875021712855,12.5,1047.86328125,19,1479.2890625
1779138610.1804607,3159,1.3624624989461154,2.6911499990092125,12.5,1047.86328125,19,1479.2890625
1779138610.218488,3160,1.8967249998240732,3.217624998796964,14.3,1048.51171875,19,1479.5390625
1779138610.2184908,3161,1.8967249998240732,3.217837500415044,14.3,1048.51171875,19,1479.5390625
1779138610.2184913,3162,1.8967249998240732,3.217912497348152,14.3,1048.51171875,19,1479.5390625
1779138610.2184918,3163,1.8967249998240732,3.217974997824058,14.3,1048.51171875,19,1479.5390625
1779138610.2184925,3164,1.8967249998240732,3.2180374982999638,14.3,1048.51171875,19,1479.5390625
1779138610.218496,3165,1.8967249998240732,3.2184624978981446,14.3,1048.51171875,19,1479.5390625
1779138610.2184963,3166,1.8967249998240732,3.2185249983740505,14.3,1048.51171875,19,1479.5390625
1779138610.2184968,3167,1.8967249998240732,3.2185874988499563,14.3,1048.51171875,19,1479.5390625
1779138610.2597291,3168,1.9001249966095202,3.258624998125015,0.0,1047.078125,19,1479.5390625
1779138610.2597322,3169,1.9001249966095202,3.258875000028638,0.0,1047.078125,19,1479.5390625
1779138610.259733,3170,1.9001249966095202,3.2589624970569275,0.0,1047.078125,19,1479.5390625
1779138610.2597334,3171,1.9001249966095202,3.2590374976280145,0.0,1047.078125,19,1479.5390625
1779138610.259734,3172,1.9001249966095202,3.2591124981991015,0.0,1047.078125,19,1479.5390625
1779138610.2597349,3173,1.9001249966095202,3.2591874987701885,0.0,1047.078125,19,1479.5390625
1779138610.2597356,3174,1.9001249966095202,3.259287499531638,0.0,1047.078125,19,1479.5390625
1779138610.259736,3175,1.9001249966095202,3.2593500000075437,0.0,1047.078125,19,1479.5390625
1779138610.303347,3176,1.5638624972780235,2.983899998071138,36.4,1047.13671875,19,1479.5390625
1779138610.3033514,3177,1.5638624972780235,2.9842499970982317,36.4,1047.13671875,19,1479.5390625
1779138610.3033526,3178,1.5638624972780235,2.9843749980500434,36.4,1047.13671875,19,1479.5390625
1779138610.3033533,3179,1.5638624972780235,2.984487498906674,36.4,1047.13671875,19,1479.5390625
1779138610.303354,3180,1.5638624972780235,2.984587499668123,36.4,1047.13671875,19,1479.5390625
1779138610.303355,3181,1.5638624972780235,2.9846874967915937,36.4,1047.13671875,19,1479.5390625
1779138610.3033557,3182,1.5638624972780235,2.984787497553043,36.4,1047.13671875,19,1479.5390625
1779138610.3033564,3183,1.5638624972780235,2.9848749982193112,36.4,1047.13671875,19,1479.5390625
1779138610.3406143,3184,1.7807250005716924,3.142762499919627,0.0,1047.140625,19,1479.5390625
1779138610.3406208,3185,1.7807250005716924,3.1434624979738146,0.0,1047.140625,19,1479.5390625
1779138610.3406215,3186,1.7807250005716924,3.1435499986400828,0.0,1047.140625,19,1479.5390625
1779138610.3406222,3187,1.7807250005716924,3.14362499921117,0.0,1047.140625,19,1479.5390625
1779138610.3406227,3188,1.7807250005716924,3.1436874996870756,0.0,1047.140625,19,1479.5390625
1779138610.3406231,3189,1.7807250005716924,3.1437625002581626,0.0,1047.140625,19,1479.5390625
1779138610.3406239,3190,1.7807250005716924,3.143862501019612,0.0,1047.140625,19,1479.5390625
1779138610.3406243,3191,1.7807250005716924,3.1439125014003366,0.0,1047.140625,19,1479.5390625
1779138610.377945,3192,1.5133874985622242,2.8268499991099816,10.0,1047.21875,19,1479.5390625
1779138610.3779473,3193,1.5133874985622242,2.8270625007280614,10.0,1047.21875,19,1479.5390625
1779138610.377948,3194,1.5133874985622242,2.8271249975659885,10.0,1047.21875,19,1479.5390625
1779138610.3779488,3195,1.5133874985622242,2.8271999981370755,10.0,1047.21875,19,1479.5390625
1779138610.3779492,3196,1.5133874985622242,2.8272624986129813,10.0,1047.21875,19,1479.5390625
1779138610.3779497,3197,1.5133874985622242,2.827324999088887,10.0,1047.21875,19,1479.5390625
1779138610.3779502,3198,1.5133874985622242,2.827374999469612,10.0,1047.21875,19,1479.5390625
1779138610.3779504,3199,1.5133874985622242,2.8274374999455176,10.0,1047.21875,19,1479.5390625
1779138610.41477,3200,1.4713999989908189,2.801474998705089,33.3,1047.55859375,19,1479.5390625
1779138610.4147725,3201,1.4713999989908189,2.80170000041835,33.3,1047.55859375,19,1479.5390625
1779138610.4147732,3202,1.4713999989908189,2.801762500894256,33.3,1047.55859375,19,1479.5390625
1779138610.4147737,3203,1.4713999989908189,2.8018250013701618,33.3,1047.55859375,19,1479.5390625
1779138610.414778,3204,1.4713999989908189,2.8024000021105167,33.3,1047.55859375,19,1479.5390625
1779138610.414779,3205,1.4713999989908189,2.802474999043625,33.3,1047.55859375,19,1479.5390625
1779138610.4147794,3206,1.4713999989908189,2.8025374995195307,33.3,1047.55859375,19,1479.5390625
1779138610.41478,3207,1.4713999989908189,2.8025999999954365,33.3,1047.55859375,19,1479.5390625
1779138610.4508142,3208,1.6020500006561633,2.9520999996748287,0.0,1047.65234375,19,1479.5390625
1779138610.4508169,3209,1.6020500006561633,2.9523125012929086,0.0,1047.65234375,19,1479.5390625
1779138610.4508173,3210,1.6020500006561633,2.9523750017688144,0.0,1047.65234375,19,1479.5390625
1779138610.450818,3211,1.6020500006561633,2.9524374986067414,0.0,1047.65234375,19,1479.5390625
1779138610.4508185,3212,1.6020500006561633,2.9525124991778284,0.0,1047.65234375,19,1479.5390625
1779138610.450819,3213,1.6020500006561633,2.9525749996537343,0.0,1047.65234375,19,1479.5390625
1779138610.4508195,3214,1.6020500006561633,2.95263750012964,0.0,1047.65234375,19,1479.5390625
1779138610.4508202,3215,1.6020500006561633,2.9526875005103648,0.0,1047.65234375,19,1479.5390625
1779138610.4906363,3216,1.7597000005480368,3.1024249983602203,27.3,1047.87109375,19,1479.5390625
1779138610.4906392,3217,1.7597000005480368,3.1026500000734814,27.3,1047.87109375,19,1479.5390625
1779138610.49064,3218,1.7597000005480368,3.1027375007397495,27.3,1047.87109375,19,1479.5390625
1779138610.4906404,3219,1.7597000005480368,3.1028000012156554,27.3,1047.87109375,19,1479.5390625
1779138610.4906409,3220,1.7597000005480368,3.1028874982439447,27.3,1047.87109375,19,1479.5390625
1779138610.4906414,3221,1.7597000005480368,3.1029499987198506,27.3,1047.87109375,19,1479.5390625
1779138610.4906418,3222,1.7597000005480368,3.1030124991957564,27.3,1047.87109375,19,1479.5390625
1779138610.4906428,3223,1.7597000005480368,3.1030874997668434,27.3,1047.87109375,19,1479.5390625
1779138610.528503,3224,1.4526250015478581,2.795512500597397,0.0,1047.8828125,19,1479.5390625
1779138610.5285056,3225,1.4526250015478581,2.7957125021202955,0.0,1047.8828125,19,1479.5390625
1779138610.5285063,3226,1.4526250015478581,2.7957750025962014,0.0,1047.8828125,19,1479.5390625
1779138610.528507,3227,1.4526250015478581,2.795837503072107,0.0,1047.8828125,19,1479.5390625
1779138610.5285075,3228,1.4526250015478581,2.7958999999100342,0.0,1047.8828125,19,1479.5390625
1779138610.5285077,3229,1.4526250015478581,2.79596250038594,0.0,1047.8828125,19,1479.5390625
1779138610.5285082,3230,1.4526250015478581,2.7960125007666647,0.0,1047.8828125,19,1479.5390625
1779138610.5285087,3231,1.4526250015478581,2.7960625011473894,0.0,1047.8828125,19,1479.5390625
1779138610.5638962,3232,1.6354375002265442,2.9515624992200173,6.7,1047.95703125,19,1479.5390625
1779138610.5638983,3233,1.6354375002265442,2.951762500742916,6.7,1047.95703125,19,1479.5390625
1779138610.5638988,3234,1.6354375002265442,2.951837501314003,6.7,1047.95703125,19,1479.5390625
1779138610.5638993,3235,1.6354375002265442,2.9518875016947277,6.7,1047.95703125,19,1479.5390625
1779138610.5639,3236,1.6354375002265442,2.9519500021706335,6.7,1047.95703125,19,1479.5390625
1779138610.5639005,3237,1.6354375002265442,2.9520124990085606,6.7,1047.95703125,19,1479.5390625
1779138610.563901,3238,1.6354375002265442,2.9520749994844664,6.7,1047.95703125,19,1479.5390625
1779138610.5639012,3239,1.6354375002265442,2.952124999865191,6.7,1047.95703125,19,1479.5390625
1779138610.5992565,3240,1.4958499996282626,2.8187999996589497,7.1,1048.17578125,19,1479.5390625
1779138610.5992591,3241,1.4958499996282626,2.8190124976390507,7.1,1048.17578125,19,1479.5390625
1779138610.5992599,3242,1.4958499996282626,2.8190749981149565,7.1,1048.17578125,19,1479.5390625
1779138610.5992687,3243,1.4958499996282626,2.820187499310123,7.1,1048.17578125,19,1479.5390625
1779138610.5992694,3244,1.4958499996282626,2.82026249988121,7.1,1048.17578125,19,1479.5390625
1779138610.5992699,3245,1.4958499996282626,2.820337500452297,7.1,1048.17578125,19,1479.5390625
1779138610.5992703,3246,1.4958499996282626,2.820399997290224,7.1,1048.17578125,19,1479.5390625
1779138610.5992708,3247,1.4958499996282626,2.8204624977661297,7.1,1048.17578125,19,1479.5390625
1779138610.6368217,3248,1.1992875006399117,2.511787501134677,0.0,1048.19140625,19,1479.5390625
1779138610.6368258,3249,1.1992875006399117,2.5121875005424954,0.0,1048.19140625,19,1479.5390625
1779138610.6368265,3250,1.1992875006399117,2.5122750012087636,0.0,1048.19140625,19,1479.5390625
1779138610.6368272,3251,1.1992875006399117,2.5123249979515094,0.0,1048.19140625,19,1479.5390625
1779138610.6368277,3252,1.1992875006399117,2.5123999985225964,0.0,1048.19140625,19,1479.5390625
1779138610.6368282,3253,1.1992875006399117,2.5124749990936834,0.0,1048.19140625,19,1479.5390625
1779138610.6368287,3254,1.1992875006399117,2.512524999474408,0.0,1048.19140625,19,1479.5390625
1779138610.6368291,3255,1.1992875006399117,2.512587499950314,0.0,1048.19140625,19,1479.5390625
1779138610.6732216,3256,1.5362000012828503,2.9001875009271316,36.4,1048.1953125,19,1479.5390625
1779138610.6732242,3257,1.5362000012828503,2.9003875024500303,36.4,1048.1953125,19,1479.5390625
1779138610.673225,3258,1.5362000012828503,2.900450002925936,36.4,1048.1953125,19,1479.5390625
1779138610.6732254,3259,1.5362000012828503,2.9005249998590443,36.4,1048.1953125,19,1479.5390625
1779138610.6732256,3260,1.5362000012828503,2.900575000239769,36.4,1048.1953125,19,1479.5390625
1779138610.6732264,3261,1.5362000012828503,2.900637500715675,36.4,1048.1953125,19,1479.5390625
1779138610.6732268,3262,1.5362000012828503,2.9006875010963995,36.4,1048.1953125,19,1479.5390625
1779138610.6732318,3263,1.5362000012828503,2.90132500231266,36.4,1048.1953125,19,1479.5390625
1779138610.7104547,3264,1.4435250013775658,2.8344875026959926,28.6,1048.203125,19,1479.5390625
1779138610.7104585,3265,1.4435250013775658,2.834787501342362,28.6,1048.203125,19,1479.5390625
1779138610.7104595,3266,1.4435250013775658,2.834862501913449,28.6,1048.203125,19,1479.5390625
1779138610.7107565,3267,1.4435250013775658,2.872037501219893,28.6,1048.203125,19,1479.5390625
1779138610.710757,3268,1.4435250013775658,2.872125001886161,28.6,1048.203125,19,1479.5390625
1779138610.710758,3269,1.4435250013775658,2.872200002457248,28.6,1048.203125,19,1479.5390625
1779138610.7107584,3270,1.4435250013775658,2.872275003028335,28.6,1048.203125,19,1479.5390625
1779138610.710759,3271,1.4435250013775658,2.872337499866262,28.6,1048.203125,19,1479.5390625
1779138610.7532485,3272,1.5444749988091644,2.917212499596644,20.0,1048.203125,19,1479.5390625
1779138610.7532508,3273,1.5444749988091644,2.917412497481564,20.0,1048.203125,19,1479.5390625
1779138610.7532516,3274,1.5444749988091644,2.917487498052651,20.0,1048.203125,19,1479.5390625
1779138610.753252,3275,1.5444749988091644,2.917549998528557,20.0,1048.203125,19,1479.5390625
1779138610.7532525,3276,1.5444749988091644,2.917624999099644,20.0,1048.203125,19,1479.5390625
1779138610.7532532,3277,1.5444749988091644,2.9176874995755497,20.0,1048.203125,19,1479.5390625
1779138610.7532537,3278,1.5444749988091644,2.9177500000514556,20.0,1048.203125,19,1479.5390625
1779138610.7532542,3279,1.5444749988091644,2.9178124968893826,20.0,1048.203125,19,1479.5390625
1779138610.7875671,3280,1.3684374971489888,2.714624999498483,7.7,1048.21484375,16,1479.5390625
1779138610.78757,3281,1.3684374971489888,2.714837497478584,7.7,1048.21484375,16,1479.5390625
1779138610.7875726,3282,1.3684374971489888,2.7151750000484753,7.7,1048.21484375,16,1479.5390625
1779138610.7875733,3283,1.3684374971489888,2.7152499969815835,7.7,1048.21484375,16,1479.5390625
1779138610.7875738,3284,1.3684374971489888,2.7153124974574894,7.7,1048.21484375,16,1479.5390625
1779138610.7875743,3285,1.3684374971489888,2.715374997933395,7.7,1048.21484375,16,1479.5390625
1779138610.7875748,3286,1.3684374971489888,2.715437498409301,7.7,1048.21484375,16,1479.5390625
1779138610.7875752,3287,1.3684374971489888,2.7154874987900257,7.7,1048.21484375,16,1479.5390625
1779138610.823189,3288,1.3017124983889516,2.7015999985451344,0.0,1048.21875,16,1479.5390625
1779138610.823192,3289,1.3017124983889516,2.7018124965252355,0.0,1048.21875,16,1479.5390625
1779138610.8231924,3290,1.3017124983889516,2.7018874970963225,0.0,1048.21875,16,1479.5390625
1779138610.8231928,3291,1.3017124983889516,2.7019499975722283,0.0,1048.21875,16,1479.5390625
1779138610.8231933,3292,1.3017124983889516,2.702012498048134,0.0,1048.21875,16,1479.5390625
1779138610.8231938,3293,1.3017124983889516,2.70207499852404,0.0,1048.21875,16,1479.5390625
1779138610.8231947,3294,1.3017124983889516,2.702149999095127,0.0,1048.21875,16,1479.5390625
1779138610.823195,3295,1.3017124983889516,2.7021999994758517,0.0,1048.21875,16,1479.5390625
1779138610.8633249,3296,1.6057374996307772,2.9780000004393514,30.8,1048.21875,16,1479.5390625
1779138610.863328,3297,1.6057374996307772,2.978237498609815,30.8,1048.21875,16,1479.5390625
1779138610.8633287,3298,1.6057374996307772,2.978312499180902,30.8,1048.21875,16,1479.5390625
1779138610.8633292,3299,1.6057374996307772,2.9783749996568076,30.8,1048.21875,16,1479.5390625
1779138610.8633301,3300,1.6057374996307772,2.978462500323076,30.8,1048.21875,16,1479.5390625
1779138610.8633306,3301,1.6057374996307772,2.9785250007989816,30.8,1048.21875,16,1479.5390625
1779138610.8633354,3302,1.6057374996307772,2.97913750182488,30.8,1048.21875,16,1479.5390625
1779138610.8633358,3303,1.6057374996307772,2.979212498757988,30.8,1048.21875,16,1479.5390625
1779138610.900493,3304,1.610287497896934,2.9668874994968064,0.0,1048.23046875,16,1479.5390625
1779138610.900495,3305,1.610287497896934,2.9670874973817263,0.0,1048.23046875,16,1479.5390625
1779138610.9004958,3306,1.610287497896934,2.967149997857632,0.0,1048.23046875,16,1479.5390625
1779138610.9004965,3307,1.610287497896934,2.967224998428719,0.0,1048.23046875,16,1479.5390625
1779138610.900497,3308,1.610287497896934,2.967299998999806,0.0,1048.23046875,16,1479.5390625
1779138610.9004974,3309,1.610287497896934,2.967349999380531,0.0,1048.23046875,16,1479.5390625
1779138610.900498,3310,1.610287497896934,2.967424999951618,0.0,1048.23046875,16,1479.5390625
1779138610.9004984,3311,1.610287497896934,2.9674875004275236,0.0,1048.23046875,16,1479.5390625
1779138610.9424436,3312,1.8257499978062697,3.2224624992522877,12.0,1048.234375,16,1479.5390625
1779138610.9424462,3313,1.8257499978062697,3.2226750008703675,12.0,1048.234375,16,1479.5390625
1779138610.942447,3314,1.8257499978062697,3.2227375013462733,12.0,1048.234375,16,1479.5390625
1779138610.9424477,3315,1.8257499978062697,3.2228249983745627,12.0,1048.234375,16,1479.5390625
1779138610.9424481,3316,1.8257499978062697,3.2228874988504685,12.0,1048.234375,16,1479.5390625
1779138610.9424486,3317,1.8257499978062697,3.222937499231193,12.0,1048.234375,16,1479.5390625
1779138610.942449,3318,1.8257499978062697,3.22301249980228,12.0,1048.234375,16,1479.5390625
1779138610.9424493,3319,1.8257499978062697,3.223062500183005,12.0,1048.234375,16,1479.5390625
1779138610.981599,3320,1.6288625010929536,3.0048875014472287,0.0,1048.23828125,16,1479.5390625
1779138610.9816015,3321,1.6288625010929536,3.0050999994273297,0.0,1048.23828125,16,1479.5390625
1779138610.9816022,3322,1.6288625010929536,3.0051749999984168,0.0,1048.23828125,16,1479.5390625
1779138610.9816027,3323,1.6288625010929536,3.0052250003791414,0.0,1048.23828125,16,1479.5390625
1779138610.9816031,3324,1.6288625010929536,3.0052875008550473,0.0,1048.23828125,16,1479.5390625
1779138610.9816036,3325,1.6288625010929536,3.005350001330953,0.0,1048.23828125,16,1479.5390625
1779138610.981604,3326,1.6288625010929536,3.005412501806859,0.0,1048.23828125,16,1479.5390625
1779138610.9816046,3327,1.6288625010929536,3.0054750022827648,0.0,1048.23828125,16,1479.5390625
1779138611.0159178,3328,1.3799125008517876,2.78230000185431,15.4,1048.24609375,16,1479.5390625
1779138611.0159206,3329,1.3799125008517876,2.782512499834411,15.4,1048.24609375,16,1479.5390625
1779138611.015921,3330,1.3799125008517876,2.7825750003103167,15.4,1048.24609375,16,1479.5390625
1779138611.0159218,3331,1.3799125008517876,2.7826375007862225,15.4,1048.24609375,16,1479.5390625
1779138611.015922,3332,1.3799125008517876,2.7827000012621284,15.4,1048.24609375,16,1479.5390625
1779138611.0159228,3333,1.3799125008517876,2.782750001642853,15.4,1048.24609375,16,1479.5390625
1779138611.0159233,3334,1.3799125008517876,2.782812502118759,15.4,1048.24609375,16,1479.5390625
1779138611.0159237,3335,1.3799125008517876,2.7828750025946647,15.4,1048.24609375,16,1479.5390625
1779138611.0570655,3336,1.5651124995201826,2.9749624991382007,0.0,1048.25,16,1479.5390625
1779138611.0570724,3337,1.5651124995201826,2.975562500068918,0.0,1048.25,16,1479.5390625
1779138611.057074,3338,1.5651124995201826,2.9757499978586566,0.0,1048.25,16,1479.5390625
1779138611.0570757,3339,1.5651124995201826,2.975937499286374,0.0,1048.25,16,1479.5390625
1779138611.057077,3340,1.5651124995201826,2.9761250007140916,0.0,1048.25,16,1479.5390625
1779138611.0570889,3341,1.5651124995201826,2.977587497298373,0.0,1048.25,16,1479.5390625
1779138611.0570903,3342,1.5651124995201826,2.9777749987260904,0.0,1048.25,16,1479.5390625
1779138611.057092,3343,1.5651124995201826,2.977962500153808,0.0,1048.25,16,1479.5390625
1779138611.1162903,3344,2.007137500186218,3.413924998312723,21.4,1048.25390625,16,1479.5390625
1779138611.1162934,3345,2.007137500186218,3.4141374999308027,21.4,1048.25390625,16,1479.5390625
1779138611.1162941,3346,2.007137500186218,3.414225000597071,21.4,1048.25390625,16,1479.5390625
1779138611.1162946,3347,2.007137500186218,3.414299997530179,21.4,1048.25390625,16,1479.5390625
1779138611.1162953,3348,2.007137500186218,3.414362498006085,21.4,1048.25390625,16,1479.5390625
1779138611.1162956,3349,2.007137500186218,3.414449998672353,21.4,1048.25390625,16,1479.5390625
1779138611.1162965,3350,2.007137500186218,3.414512499148259,21.4,1048.25390625,16,1479.5390625
1779138611.116297,3351,2.007137500186218,3.4145749996241648,21.4,1048.25390625,16,1479.5390625
1779138611.1550093,3352,1.5314500014937948,2.9230500003905036,75.0,1048.25390625,16,1479.5390625
1779138611.1550121,3353,1.5314500014937948,2.9232625020085834,75.0,1048.25390625,16,1479.5390625
1779138611.1550126,3354,1.5314500014937948,2.9233375025796704,75.0,1048.25390625,16,1479.5390625
1779138611.155013,3355,1.5314500014937948,2.9233999994175974,75.0,1048.25390625,16,1479.5390625
1779138611.1550138,3356,1.5314500014937948,2.9234875000838656,75.0,1048.25390625,16,1479.5390625
1779138611.1550145,3357,1.5314500014937948,2.9235500005597714,75.0,1048.25390625,16,1479.5390625
1779138611.155015,3358,1.5314500014937948,2.923600000940496,75.0,1048.25390625,16,1479.5390625
1779138611.1550152,3359,1.5314500014937948,2.923662501416402,75.0,1048.25390625,16,1479.5390625
1779138611.1946058,3360,1.5501499983656686,2.9096749967720825,28.6,1048.2578125,16,1479.5390625
1779138611.1946084,3361,1.5501499983656686,2.909874998294981,28.6,1048.2578125,16,1479.5390625
1779138611.1946094,3362,1.5501499983656686,2.9099624989612494,28.6,1048.2578125,16,1479.5390625
1779138611.1946099,3363,1.5501499983656686,2.910024999437155,28.6,1048.2578125,16,1479.5390625
1779138611.19461,3364,1.5501499983656686,2.910087499913061,28.6,1048.2578125,16,1479.5390625
1779138611.1946106,3365,1.5501499983656686,2.910149996750988,28.6,1048.2578125,16,1479.5390625
1779138611.1946113,3366,1.5501499983656686,2.9101999971317127,28.6,1048.2578125,16,1479.5390625
1779138611.1946118,3367,1.5501499983656686,2.9102499975124374,28.6,1048.2578125,16,1479.5390625
1779138611.2348964,3368,1.2993874988751486,2.7093749995401595,13.3,1048.2734375,16,1479.5390625
1779138611.2348988,3369,1.2993874988751486,2.709562500967877,13.3,1048.2734375,16,1479.5390625
1779138611.2348993,3370,1.2993874988751486,2.709637501538964,13.3,1048.2734375,16,1479.5390625
1779138611.2348998,3371,1.2993874988751486,2.70970000201487,13.3,1048.2734375,16,1479.5390625
1779138611.2349002,3372,1.2993874988751486,2.709762498852797,13.3,1048.2734375,16,1479.5390625
1779138611.2349007,3373,1.2993874988751486,2.7098249993287027,13.3,1048.2734375,16,1479.5390625
1779138611.2349012,3374,1.2993874988751486,2.7098874998046085,13.3,1048.2734375,16,1479.5390625
1779138611.2349014,3375,1.2993874988751486,2.709937500185333,13.3,1048.2734375,16,1479.5390625
1779138611.274259,3376,1.8727374990703538,3.2665375001670327,40.0,1048.2734375,15,1479.5390625
1779138611.2742617,3377,1.8727374990703538,3.2667374980519526,40.0,1048.2734375,15,1479.5390625
1779138611.2742622,3378,1.8727374990703538,3.2667999985278584,40.0,1048.2734375,15,1479.5390625
1779138611.2742627,3379,1.8727374990703538,3.2668624990037642,40.0,1048.2734375,15,1479.5390625
1779138611.2742715,3380,1.8727374990703538,3.267950000008568,40.0,1048.2734375,15,1479.5390625
1779138611.274272,3381,1.8727374990703538,3.2680249969416764,40.0,1048.2734375,15,1479.5390625
1779138611.2742724,3382,1.8727374990703538,3.268087497417582,40.0,1048.2734375,15,1479.5390625
1779138611.2742734,3383,1.8727374990703538,3.268149997893488,40.0,1048.2734375,15,1479.5390625
1779138611.313655,3384,1.7088499989768025,3.1138374979491346,27.3,1048.27734375,15,1479.5390625
1779138611.3136575,3385,1.7088499989768025,3.1140624996623956,27.3,1048.27734375,15,1479.5390625
1779138611.313658,3386,1.7088499989768025,3.1141375002334826,27.3,1048.27734375,15,1479.5390625
1779138611.313659,3387,1.7088499989768025,3.1142250008997507,27.3,1048.27734375,15,1479.5390625
1779138611.3136594,3388,1.7088499989768025,3.1142749976424966,27.3,1048.27734375,15,1479.5390625
1779138611.31366,3389,1.7088499989768025,3.1143374981184024,27.3,1048.27734375,15,1479.5390625
1779138611.3136604,3390,1.7088499989768025,3.1144124986894894,27.3,1048.27734375,15,1479.5390625
1779138611.3136609,3391,1.7088499989768025,3.114462499070214,27.3,1048.27734375,15,1479.5390625
1779138611.3569276,3392,1.588949999131728,2.94805000157794,0.0,1048.27734375,15,1479.5390625
1779138611.3569303,3393,1.588949999131728,2.9482374993676785,0.0,1048.27734375,15,1479.5390625
1779138611.3569307,3394,1.588949999131728,2.9483124999387655,0.0,1048.27734375,15,1479.5390625
1779138611.3569312,3395,1.588949999131728,2.9483750004146714,0.0,1048.27734375,15,1479.5390625
1779138611.356932,3396,1.588949999131728,2.948437500890577,0.0,1048.27734375,15,1479.5390625
1779138611.3569324,3397,1.588949999131728,2.948487501271302,0.0,1048.27734375,15,1479.5390625
1779138611.3569329,3398,1.588949999131728,2.9485375016520265,0.0,1048.27734375,15,1479.5390625
1779138611.356935,3399,1.588949999131728,2.948787499917671,0.0,1048.27734375,15,1479.5390625
1779138611.3907678,3400,1.3523874986276496,2.688787499209866,27.3,1048.28515625,15,1479.5390625
1779138611.3907702,3401,1.3523874986276496,2.6889625005424023,27.3,1048.28515625,15,1479.5390625
1779138611.3907707,3402,1.3523874986276496,2.6890375011134893,27.3,1048.28515625,15,1479.5390625
1779138611.3907712,3403,1.3523874986276496,2.689087501494214,27.3,1048.28515625,15,1479.5390625
1779138611.3907716,3404,1.3523874986276496,2.689149998332141,27.3,1048.28515625,15,1479.5390625
1779138611.3907723,3405,1.3523874986276496,2.689212498808047,27.3,1048.28515625,15,1479.5390625
1779138611.3907726,3406,1.3523874986276496,2.6892624991887715,27.3,1048.28515625,15,1479.5390625
1779138611.390773,3407,1.3523874986276496,2.6893249996646773,27.3,1048.28515625,15,1479.5390625
1779138611.4304194,3408,1.546925002912758,2.8916875016875565,16.7,1048.28515625,15,1479.5390625
1779138611.4304223,3409,1.546925002912758,2.891875003115274,16.7,1048.28515625,15,1479.5390625
1779138611.4304228,3410,1.546925002912758,2.891950000048382,16.7,1048.28515625,15,1479.5390625
1779138611.4304233,3411,1.546925002912758,2.892012500524288,16.7,1048.28515625,15,1479.5390625
1779138611.4304237,3412,1.546925002912758,2.892075001000194,16.7,1048.28515625,15,1479.5390625
1779138611.4304242,3413,1.546925002912758,2.8921375014760997,16.7,1048.28515625,15,1479.5390625
1779138611.430425,3414,1.546925002912758,2.8922125020471867,16.7,1048.28515625,15,1479.5390625
1779138611.4304254,3415,1.546925002912758,2.8922625024279114,16.7,1048.28515625,15,1479.5390625
1779138611.4717646,3416,1.5855625024414621,2.998300002218457,21.4,1048.28515625,15,1479.5390625
1779138611.471767,3417,1.5855625024414621,2.998512500198558,21.4,1048.28515625,15,1479.5390625
1779138611.471768,3418,1.5855625024414621,2.998587500769645,21.4,1048.28515625,15,1479.5390625
1779138611.471772,3419,1.5855625024414621,2.999100001034094,21.4,1048.28515625,15,1479.5390625
1779138611.4717724,3420,1.5855625024414621,2.999175001605181,21.4,1048.28515625,15,1479.5390625
1779138611.471773,3421,1.5855625024414621,2.999237502081087,21.4,1048.28515625,15,1479.5390625
1779138611.4717734,3422,1.5855625024414621,2.999312502652174,21.4,1048.28515625,15,1479.5390625
1779138611.4717739,3423,1.5855625024414621,2.9993750031280797,21.4,1048.28515625,15,1479.5390625
1779138611.5070279,3424,1.4455500022449996,2.7999250014545396,0.0,1048.29296875,15,1479.5390625
1779138611.5070305,3425,1.4455500022449996,2.8001249993394595,0.0,1048.29296875,15,1479.5390625
1779138611.507031,3426,1.4455500022449996,2.8001999999105465,0.0,1048.29296875,15,1479.5390625
1779138611.5070314,3427,1.4455500022449996,2.8002625003864523,0.0,1048.29296875,15,1479.5390625
1779138611.5070322,3428,1.4455500022449996,2.800312500767177,0.0,1048.29296875,15,1479.5390625
1779138611.5070324,3429,1.4455500022449996,2.800375001243083,0.0,1048.29296875,15,1479.5390625
1779138611.5070329,3430,1.4455500022449996,2.8004250016238075,0.0,1048.29296875,15,1479.5390625
1779138611.5070362,3431,1.4455500022449996,2.800825001031626,0.0,1048.29296875,15,1479.5390625
1779138611.5435536,3432,1.4259874988056254,2.7635500009637326,0.0,1048.296875,15,1479.5390625
1779138611.5435562,3433,1.4259874988056254,2.7637374987534713,0.0,1048.296875,15,1479.5390625
1779138611.5435567,3434,1.4259874988056254,2.7638124993245583,0.0,1048.296875,15,1479.5390625
1779138611.5435572,3435,1.4259874988056254,2.7638874998956453,0.0,1048.296875,15,1479.5390625
1779138611.543558,3436,1.4259874988056254,2.7639625004667323,0.0,1048.296875,15,1479.5390625
1779138611.5435581,3437,1.4259874988056254,2.764012500847457,0.0,1048.296875,15,1479.5390625
1779138611.5435667,3438,1.4259874988056254,2.7650499978335574,0.0,1048.296875,15,1479.5390625
1779138611.5435672,3439,1.4259874988056254,2.7651124983094633,0.0,1048.296875,15,1479.5390625
1779138611.5804853,3440,1.5303749969461933,2.858299998479197,40.0,1048.30078125,15,1479.5390625
1779138611.580488,3441,1.5303749969461933,2.8585000000020955,40.0,1048.30078125,15,1479.5390625
1779138611.5804887,3442,1.5303749969461933,2.8585749969352037,40.0,1048.30078125,15,1479.5390625
1779138611.5804892,3443,1.5303749969461933,2.8586249973159283,40.0,1048.30078125,15,1479.5390625
1779138611.5804896,3444,1.5303749969461933,2.8586999978870153,40.0,1048.30078125,15,1479.5390625
1779138611.5804904,3445,1.5303749969461933,2.858762498362921,40.0,1048.30078125,15,1479.5390625
1779138611.5804906,3446,1.5303749969461933,2.858824998838827,40.0,1048.30078125,15,1479.5390625
1779138611.580491,3447,1.5303749969461933,2.8588749992195517,40.0,1048.30078125,15,1479.5390625
1779138611.618915,3448,1.8402874993626028,3.1571624967909884,0.0,1048.30078125,15,1479.5390625
1779138611.618918,3449,1.8402874993626028,3.1573874985042494,0.0,1048.30078125,15,1479.5390625
1779138611.6189187,3450,1.8402874993626028,3.157449998980155,0.0,1048.30078125,15,1479.5390625
1779138611.6189191,3451,1.8402874993626028,3.157512499456061,0.0,1048.30078125,15,1479.5390625
1779138611.6189194,3452,1.8402874993626028,3.157574999931967,0.0,1048.30078125,15,1479.5390625
1779138611.6189198,3453,1.8402874993626028,3.1576250003126916,0.0,1048.30078125,15,1479.5390625
1779138611.6189206,3454,1.8402874993626028,3.1576874971506186,0.0,1048.30078125,15,1479.5390625
1779138611.618921,3455,1.8402874993626028,3.1577499976265244,0.0,1048.30078125,15,1479.5390625
1779138611.6587307,3456,1.6546250008104835,3.080849997786572,88.9,1048.3046875,15,1479.5390625
1779138611.6587338,3457,1.6546250008104835,3.0810874995950144,88.9,1048.3046875,15,1479.5390625
1779138611.6587431,3458,1.6546250008104835,3.082225000980543,88.9,1048.3046875,15,1479.5390625
1779138611.6587436,3459,1.6546250008104835,3.082299997913651,88.9,1048.3046875,15,1479.5390625
1779138611.6587443,3460,1.6546250008104835,3.082374998484738,88.9,1048.3046875,15,1479.5390625
1779138611.6587446,3461,1.6546250008104835,3.082437498960644,88.9,1048.3046875,15,1479.5390625
1779138611.658745,3462,1.6546250008104835,3.0824874993413687,88.9,1048.3046875,15,1479.5390625
1779138611.6587455,3463,1.6546250008104835,3.0825499998172745,88.9,1048.3046875,15,1479.5390625
1779138611.6985679,3464,1.8026750003627967,3.1916625011945143,0.0,1048.30859375,15,1479.5390625
1779138611.698571,3465,1.8026750003627967,3.1918999993649777,0.0,1048.30859375,15,1479.5390625
1779138611.6985717,3466,1.8026750003627967,3.191987500031246,0.0,1048.30859375,15,1479.5390625
1779138611.6985724,3467,1.8026750003627967,3.192087500792695,0.0,1048.30859375,15,1479.5390625
1779138611.6985734,3468,1.8026750003627967,3.192162501363782,0.0,1048.30859375,15,1479.5390625
1779138611.6985738,3469,1.8026750003627967,3.192225001839688,0.0,1048.30859375,15,1479.5390625
1779138611.698574,3470,1.8026750003627967,3.192287498677615,0.0,1048.30859375,15,1479.5390625
1779138611.6985745,3471,1.8026750003627967,3.192349999153521,0.0,1048.30859375,15,1479.5390625
1779138611.7346478,3472,1.3717500005441252,2.7582500006246846,50.0,1048.30859375,15,1479.5390625
1779138611.7346506,3473,1.3717500005441252,2.7584625022427645,50.0,1048.30859375,15,1479.5390625
1779138611.734651,3474,1.3717500005441252,2.7585375028138515,50.0,1048.30859375,15,1479.5390625
1779138611.7346516,3475,1.3717500005441252,2.7585999996517785,50.0,1048.30859375,15,1479.5390625
1779138611.734652,3476,1.3717500005441252,2.7586625001276843,50.0,1048.30859375,15,1479.5390625
1779138611.734657,3477,1.3717500005441252,2.7592500009632204,50.0,1048.30859375,15,1479.5390625
1779138611.7346573,3478,1.3717500005441252,2.759312501439126,50.0,1048.30859375,15,1479.5390625
1779138611.7346578,3479,1.3717500005441252,2.759375001915032,50.0,1048.30859375,15,1479.5390625
1779138611.7724662,3480,1.4157625009829644,2.786662502330728,30.8,1048.31640625,15,1479.5390625
1779138611.7724688,3481,1.4157625009829644,2.78688750040601,30.8,1048.31640625,15,1479.5390625
1779138611.7724695,3482,1.4157625009829644,2.786962500977097,30.8,1048.31640625,15,1479.5390625
1779138611.77247,3483,1.4157625009829644,2.787037501548184,30.8,1048.31640625,15,1479.5390625
1779138611.7724705,3484,1.4157625009829644,2.787112502119271,30.8,1048.31640625,15,1479.5390625
1779138611.7724712,3485,1.4157625009829644,2.787187502690358,30.8,1048.31640625,15,1479.5390625
1779138611.772472,3486,1.4157625009829644,2.787249999528285,30.8,1048.31640625,15,1479.5390625
1779138611.7724724,3487,1.4157625009829644,2.787325000099372,30.8,1048.31640625,15,1479.5390625
1779138611.8109493,3488,1.3567999994847924,2.760437499091495,0.0,1048.3203125,14,1479.5390625
1779138611.8109522,3489,1.3567999994847924,2.7606500007095747,0.0,1048.3203125,14,1479.5390625
1779138611.810953,3490,1.3567999994847924,2.7607125011854805,0.0,1048.3203125,14,1479.5390625
1779138611.8109534,3491,1.3567999994847924,2.7607874981185887,0.0,1048.3203125,14,1479.5390625
1779138611.810954,3492,1.3567999994847924,2.7608499985944945,0.0,1048.3203125,14,1479.5390625
1779138611.8109546,3493,1.3567999994847924,2.7609249991655815,0.0,1048.3203125,14,1479.5390625
1779138611.810955,3494,1.3567999994847924,2.7609999997366685,0.0,1048.3203125,14,1479.5390625
1779138611.8109555,3495,1.3567999994847924,2.7610625002125744,0.0,1048.3203125,14,1479.5390625
1779138611.8466187,3496,1.5172125022218097,2.884825000364799,20.0,1048.3203125,14,1479.5390625
1779138611.8466258,3497,1.5172125022218097,2.885599998990074,20.0,1048.3203125,14,1479.5390625
1779138611.8466263,3498,1.5172125022218097,2.885674999561161,20.0,1048.3203125,14,1479.5390625
1779138611.8466268,3499,1.5172125022218097,2.885750000132248,20.0,1048.3203125,14,1479.5390625
1779138611.8466272,3500,1.5172125022218097,2.8858125006081536,20.0,1048.3203125,14,1479.5390625
1779138611.846628,3501,1.5172125022218097,2.8858625009888783,20.0,1048.3203125,14,1479.5390625
1779138611.8466284,3502,1.5172125022218097,2.8859375015599653,20.0,1048.3203125,14,1479.5390625
1779138611.846629,3503,1.5172125022218097,2.88598750194069,20.0,1048.3203125,14,1479.5390625
1779138611.8834255,3504,1.4629500001319684,2.784050000627758,38.5,1048.32421875,14,1479.5390625
1779138611.883428,3505,1.4629500001319684,2.7842500021506567,38.5,1048.32421875,14,1479.5390625
1779138611.8834288,3506,1.4629500001319684,2.7843125026265625,38.5,1048.32421875,14,1479.5390625
1779138611.8834293,3507,1.4629500001319684,2.7843749994644895,38.5,1048.32421875,14,1479.5390625
1779138611.88343,3508,1.4629500001319684,2.7844625001307577,38.5,1048.32421875,14,1479.5390625
1779138611.8834305,3509,1.4629500001319684,2.7845125005114824,38.5,1048.32421875,14,1479.5390625
1779138611.883431,3510,1.4629500001319684,2.784575000987388,38.5,1048.32421875,14,1479.5390625
1779138611.8834314,3511,1.4629500001319684,2.784637501463294,38.5,1048.32421875,14,1479.5390625
1779138611.9250894,3512,1.7789125013223384,3.203250002115965,33.3,1048.328125,14,1479.5390625
1779138611.9250915,3513,1.7789125013223384,3.203462500096066,33.3,1048.328125,14,1479.5390625
1779138611.9250925,3514,1.7789125013223384,3.203537500667153,33.3,1048.328125,14,1479.5390625
1779138611.925093,3515,1.7789125013223384,3.2036000011430588,33.3,1048.328125,14,1479.5390625
1779138611.9250963,3516,1.7789125013223384,3.2040250007412396,33.3,1048.328125,14,1479.5390625
1779138611.9250968,3517,1.7789125013223384,3.2040875012171455,33.3,1048.328125,14,1479.5390625
1779138611.9250972,3518,1.7789125013223384,3.2041500016930513,33.3,1048.328125,14,1479.5390625
1779138611.9250975,3519,1.7789125013223384,3.204200002073776,33.3,1048.328125,14,1479.5390625
1779138611.9645495,3520,1.9309999988763593,3.2508124968444463,0.0,1048.33203125,14,1479.5390625
1779138611.9645524,3521,1.9309999988763593,3.251024998462526,0.0,1048.33203125,14,1479.5390625
1779138611.9645529,3522,1.9309999988763593,3.251087498938432,0.0,1048.33203125,14,1479.5390625
1779138611.9645534,3523,1.9309999988763593,3.251149999414338,0.0,1048.33203125,14,1479.5390625
1779138611.964554,3524,1.9309999988763593,3.2511999997950625,0.0,1048.33203125,14,1479.5390625
1779138611.9645545,3525,1.9309999988763593,3.2512624966329895,0.0,1048.33203125,14,1479.5390625
1779138611.964555,3526,1.9309999988763593,3.2513249971088953,0.0,1048.33203125,14,1479.5390625
1779138611.9645555,3527,1.9309999988763593,3.251387497584801,0.0,1048.33203125,14,1479.5390625
1779138612.008366,3528,2.0863125027972274,3.410612502193544,16.7,1048.33203125,14,1479.5390625
1779138612.0083687,3529,2.0863125027972274,3.4107999999832828,16.7,1048.33203125,14,1479.5390625
1779138612.0083692,3530,2.0863125027972274,3.4108750005543698,16.7,1048.33203125,14,1479.5390625
1779138612.0083697,3531,2.0863125027972274,3.4109500011254568,16.7,1048.33203125,14,1479.5390625
1779138612.0083704,3532,2.0863125027972274,3.4110250016965438,16.7,1048.33203125,14,1479.5390625
1779138612.0083709,3533,2.0863125027972274,3.4111000022676308,16.7,1048.33203125,14,1479.5390625
1779138612.0083714,3534,2.0863125027972274,3.4111625027435366,16.7,1048.33203125,14,1479.5390625
1779138612.008372,3535,2.0863125027972274,3.4112249995814636,16.7,1048.33203125,14,1479.5390625
1779138612.044968,3536,1.349662499706028,2.733512497798074,0.0,1048.3359375,14,1479.5390625
1779138612.0449708,3537,1.349662499706028,2.7337124993209727,0.0,1048.3359375,14,1479.5390625
1779138612.0449715,3538,1.349662499706028,2.733799999987241,0.0,1048.3359375,14,1479.5390625
1779138612.044972,3539,1.349662499706028,2.7338625004631467,0.0,1048.3359375,14,1479.5390625
1779138612.0449727,3540,1.349662499706028,2.7339250009390526,0.0,1048.3359375,14,1479.5390625
1779138612.0449734,3541,1.349662499706028,2.734012497967342,0.0,1048.3359375,14,1479.5390625
1779138612.0449739,3542,1.349662499706028,2.73409999863361,0.0,1048.3359375,14,1479.5390625
1779138612.0449743,3543,1.349662499706028,2.734162499109516,0.0,1048.3359375,14,1479.5390625
1779138612.0838315,3544,1.5715625013399404,2.9382374996203,16.7,1048.33984375,14,1479.5390625
1779138612.0838346,3545,1.5715625013399404,2.938462501333561,16.7,1048.33984375,14,1479.5390625
1779138612.0838351,3546,1.5715625013399404,2.938550001999829,16.7,1048.33984375,14,1479.5390625
1779138612.0838358,3547,1.5715625013399404,2.938625002570916,16.7,1048.33984375,14,1479.5390625
1779138612.0838363,3548,1.5715625013399404,2.938699999504024,16.7,1048.33984375,14,1479.5390625
1779138612.083837,3549,1.5715625013399404,2.93876249997993,16.7,1048.33984375,14,1479.5390625
1779138612.0838375,3550,1.5715625013399404,2.938837500551017,16.7,1048.33984375,14,1479.5390625
1779138612.0838413,3551,1.5715625013399404,2.9393250006251037,16.7,1048.33984375,14,1479.5390625
1779138612.1319497,3552,1.5330874994106125,2.86354999843752,7.7,1048.34375,14,1479.5390625
1779138612.1319523,3553,1.5330874994106125,2.8638000003411435,7.7,1048.34375,14,1479.5390625
1779138612.1319532,3554,1.5330874994106125,2.8638625008170493,7.7,1048.34375,14,1479.5390625
1779138612.1319578,3555,1.5330874994106125,2.8644499980146065,7.7,1048.34375,14,1479.5390625
1779138612.1319582,3556,1.5330874994106125,2.8645249985856935,7.7,1048.34375,14,1479.5390625
1779138612.131959,3557,1.5330874994106125,2.8646124992519617,7.7,1048.34375,14,1479.5390625
1779138612.13196,3558,1.5330874994106125,2.8646874998230487,7.7,1048.34375,14,1479.5390625
1779138612.1319604,3559,1.5330874994106125,2.8647375002037734,7.7,1048.34375,14,1479.5390625
1779138612.1725433,3560,1.5966124992701225,2.9560125003627036,27.3,1048.34765625,14,1479.5390625
1779138612.172546,3561,1.5966124992701225,2.9562124982476234,27.3,1048.34765625,14,1479.5390625
1779138612.1725466,3562,1.5966124992701225,2.9562874988187104,27.3,1048.34765625,14,1479.5390625
1779138612.172547,3563,1.5966124992701225,2.9563499992946163,27.3,1048.34765625,14,1479.5390625
1779138612.1725476,3564,1.5966124992701225,2.9564374999608845,27.3,1048.34765625,14,1479.5390625
1779138612.172548,3565,1.5966124992701225,2.9565125005319715,27.3,1048.34765625,14,1479.5390625
1779138612.1725488,3566,1.5966124992701225,2.9565874974650797,27.3,1048.34765625,14,1479.5390625
1779138612.1725495,3567,1.5966124992701225,2.9566374978458043,27.3,1048.34765625,14,1479.5390625
1779138612.2075338,3568,1.4305750009953044,2.7998375007882714,27.3,1048.3515625,14,1479.5390625
1779138612.207536,3569,1.4305750009953044,2.80003750231117,27.3,1048.3515625,14,1479.5390625
1779138612.2075365,3570,1.4305750009953044,2.800100002787076,27.3,1048.3515625,14,1479.5390625
1779138612.207537,3571,1.4305750009953044,2.800162499625003,27.3,1048.3515625,14,1479.5390625
1779138612.2075374,3572,1.4305750009953044,2.8002125000057276,27.3,1048.3515625,14,1479.5390625
1779138612.207538,3573,1.4305750009953044,2.8002625003864523,27.3,1048.3515625,14,1479.5390625
1779138612.2075381,3574,1.4305750009953044,2.800312500767177,27.3,1048.3515625,14,1479.5390625
1779138612.20754,3575,1.4305750009953044,2.800525002385257,27.3,1048.3515625,14,1479.5390625
1779138612.2426445,3576,1.3592750001407694,2.687562500796048,28.6,1048.35546875,14,1479.5390625
1779138612.242647,3577,1.3592750001407694,2.687775002414128,28.6,1048.35546875,14,1479.5390625
1779138612.2426512,3578,1.3592750001407694,2.688287499040598,28.6,1048.35546875,14,1479.5390625
1779138612.2426517,3579,1.3592750001407694,2.688349999516504,28.6,1048.35546875,14,1479.5390625
1779138612.2426522,3580,1.3592750001407694,2.6883999998972286,28.6,1048.35546875,14,1479.5390625
1779138612.2426524,3581,1.3592750001407694,2.6884625003731344,28.6,1048.35546875,14,1479.5390625
1779138612.242653,3582,1.3592750001407694,2.688512500753859,28.6,1048.35546875,14,1479.5390625
1779138612.2426534,3583,1.3592750001407694,2.688575001229765,28.6,1048.35546875,14,1479.5390625
1779138612.2812343,3584,1.5226124996843282,2.93729999975767,25.0,1048.35546875,16,1479.5390625
1779138612.2812366,3585,1.5226124996843282,2.9375374979281332,25.0,1048.35546875,16,1479.5390625
1779138612.2812376,3586,1.5226124996843282,2.9376124984992202,25.0,1048.35546875,16,1479.5390625
1779138612.281238,3587,1.5226124996843282,2.9376874990703072,25.0,1048.35546875,16,1479.5390625
1779138612.2812386,3588,1.5226124996843282,2.937749999546213,25.0,1048.35546875,16,1479.5390625
1779138612.281239,3589,1.5226124996843282,2.937812500022119,25.0,1048.35546875,16,1479.5390625
1779138612.2812395,3590,1.5226124996843282,2.937887500593206,25.0,1048.35546875,16,1479.5390625
1779138612.28124,3591,1.5226124996843282,2.9379374973359518,25.0,1048.35546875,16,1479.5390625
1779138612.3163078,3592,1.3593875009974,2.7319625005475245,6.2,1048.35546875,16,1479.5390625
1779138612.3163106,3593,1.3593875009974,2.7321875022607855,6.2,1048.35546875,16,1479.5390625
1779138612.3163154,3594,1.3593875009974,2.7327750030963216,6.2,1048.35546875,16,1479.5390625
1779138612.316316,3595,1.3593875009974,2.7328374999342486,6.2,1048.35546875,16,1479.5390625
1779138612.3163164,3596,1.3593875009974,2.7329125005053356,6.2,1048.35546875,16,1479.5390625
1779138612.316317,3597,1.3593875009974,2.733000001171604,6.2,1048.35546875,16,1479.5390625
1779138612.3163178,3598,1.3593875009974,2.7330625016475096,6.2,1048.35546875,16,1479.5390625
1779138612.3163183,3599,1.3593875009974,2.7331250021234155,6.2,1048.35546875,16,1479.5390625
1779138612.3527822,3600,1.3495374987542164,2.690674999030307,26.7,1048.36328125,16,1479.5390625
1779138612.352785,3601,1.3495374987542164,2.6909250009339303,26.7,1048.36328125,16,1479.5390625
1779138612.3527858,3602,1.3495374987542164,2.6910000015050173,26.7,1048.36328125,16,1479.5390625
1779138612.3527865,3603,1.3495374987542164,2.6910750020761043,26.7,1048.36328125,16,1479.5390625
1779138612.352787,3604,1.3495374987542164,2.6911374989140313,26.7,1048.36328125,16,1479.5390625
1779138612.3527875,3605,1.3495374987542164,2.691199999389937,26.7,1048.36328125,16,1479.5390625
1779138612.352788,3606,1.3495374987542164,2.691262499865843,26.7,1048.36328125,16,1479.5390625
1779138612.3527884,3607,1.3495374987542164,2.691325000341749,26.7,1048.36328125,16,1479.5390625
1779138612.3939912,3608,1.7377375006617513,3.1314875013777055,27.3,1048.3671875,16,1479.5390625
1779138612.3939936,3609,1.7377375006617513,3.131674999167444,27.3,1048.3671875,16,1479.5390625
1779138612.3939943,3610,1.7377375006617513,3.131749999738531,27.3,1048.3671875,16,1479.5390625
1779138612.3939948,3611,1.7377375006617513,3.131812500214437,27.3,1048.3671875,16,1479.5390625
1779138612.3939953,3612,1.7377375006617513,3.131887500785524,27.3,1048.3671875,16,1479.5390625
1779138612.3939958,3613,1.7377375006617513,3.131962501356611,27.3,1048.3671875,16,1479.5390625
1779138612.3940005,3614,1.7377375006617513,3.132550002192147,27.3,1048.3671875,16,1479.5390625
1779138612.3940012,3615,1.7377375006617513,3.132612499030074,27.3,1048.3671875,16,1479.5390625
1779138612.4327378,3616,1.5762875009386335,2.909849998104619,0.0,1048.37109375,16,1479.5390625
1779138612.4327407,3617,1.5762875009386335,2.91007499981788,0.0,1048.37109375,16,1479.5390625
1779138612.4327412,3618,1.5762875009386335,2.910150000388967,0.0,1048.37109375,16,1479.5390625
1779138612.4327416,3619,1.5762875009386335,2.910225000960054,0.0,1048.37109375,16,1479.5390625
1779138612.432742,3620,1.5762875009386335,2.9102750013407785,0.0,1048.37109375,16,1479.5390625
1779138612.4327426,3621,1.5762875009386335,2.9103374981787056,0.0,1048.37109375,16,1479.5390625
1779138612.432743,3622,1.5762875009386335,2.9103999986546114,0.0,1048.37109375,16,1479.5390625
1779138612.4327438,3623,1.5762875009386335,2.910449999035336,0.0,1048.37109375,16,1479.5390625
1779138612.4722416,3624,1.6679874970577657,3.0160249989421573,45.5,1048.37109375,16,1479.5390625
1779138612.4722443,3625,1.6679874970577657,3.016225000465056,45.5,1048.37109375,16,1479.5390625
1779138612.4722447,3626,1.6679874970577657,3.016287497302983,45.5,1048.37109375,16,1479.5390625
1779138612.4722455,3627,1.6679874970577657,3.01636249787407,45.5,1048.37109375,16,1479.5390625
1779138612.472246,3628,1.6679874970577657,3.016449998540338,45.5,1048.37109375,16,1479.5390625
1779138612.472247,3629,1.6679874970577657,3.016524999111425,45.5,1048.37109375,16,1479.5390625
1779138612.4722476,3630,1.6679874970577657,3.0166124997776933,45.5,1048.37109375,16,1479.5390625
1779138612.4722478,3631,1.6679874970577657,3.016675000253599,45.5,1048.37109375,16,1479.5390625
1779138612.5076194,3632,1.2418875012372155,2.583749999757856,9.1,1048.37890625,16,1479.5390625
1779138612.507622,3633,1.2418875012372155,2.583950001280755,9.1,1048.37890625,16,1479.5390625
1779138612.5076227,3634,1.2418875012372155,2.584024998213863,9.1,1048.37890625,16,1479.5390625
1779138612.507623,3635,1.2418875012372155,2.58409999878495,9.1,1048.37890625,16,1479.5390625
1779138612.5076237,3636,1.2418875012372155,2.584162499260856,9.1,1048.37890625,16,1479.5390625
1779138612.5076241,3637,1.2418875012372155,2.5842249997367617,9.1,1048.37890625,16,1479.5390625
1779138612.5076246,3638,1.2418875012372155,2.5842875002126675,9.1,1048.37890625,16,1479.5390625
1779138612.507625,3639,1.2418875012372155,2.5843500006885733,9.1,1048.37890625,16,1479.5390625
1779138612.5450757,3640,1.5796999978192616,2.9174499977671076,0.0,1048.37890625,16,1479.5390625
1779138612.545078,3641,1.5796999978192616,2.9176499992900062,0.0,1048.37890625,16,1479.5390625
1779138612.5450785,3642,1.5796999978192616,2.9177249998610932,0.0,1048.37890625,16,1479.5390625
1779138612.545079,3643,1.5796999978192616,2.917787500336999,0.0,1048.37890625,16,1479.5390625
1779138612.5450795,3644,1.5796999978192616,2.917850000812905,0.0,1048.37890625,16,1479.5390625
1779138612.54508,3645,1.5796999978192616,2.9178999975556508,0.0,1048.37890625,16,1479.5390625
1779138612.5450807,3646,1.5796999978192616,2.9179624980315566,0.0,1048.37890625,16,1479.5390625
1779138612.5450811,3647,1.5796999978192616,2.9180124984122813,0.0,1048.37890625,16,1479.5390625
1779138612.5834298,3648,1.5625875021214597,2.9184625018388033,26.7,1048.37890625,16,1477.8515625
1779138612.583432,3649,1.5625875021214597,2.918662499723723,26.7,1048.37890625,16,1477.8515625
1779138612.5834327,3650,1.5625875021214597,2.91873750029481,26.7,1048.37890625,16,1477.8515625
1779138612.5834332,3651,1.5625875021214597,2.918812500865897,26.7,1048.37890625,16,1477.8515625
1779138612.5834336,3652,1.5625875021214597,2.918862501246622,26.7,1048.37890625,16,1477.8515625
1779138612.583438,3653,1.5625875021214597,2.9193625014158897,26.7,1048.37890625,16,1477.8515625
1779138612.5834382,3654,1.5625875021214597,2.9194250018917955,26.7,1048.37890625,16,1477.8515625
1779138612.5834389,3655,1.5625875021214597,2.9195125025580637,26.7,1048.37890625,16,1477.8515625
1779138612.6181123,3656,1.3194874991313554,2.6779500003613066,100.0,1048.38671875,16,1477.8515625
1779138612.6181147,3657,1.3194874991313554,2.6781624983414076,100.0,1048.38671875,16,1477.8515625
1779138612.6181157,3658,1.3194874991313554,2.6782374989124946,100.0,1048.38671875,16,1477.8515625
1779138612.6181161,3659,1.3194874991313554,2.6782999993884005,100.0,1048.38671875,16,1477.8515625
1779138612.6181166,3660,1.3194874991313554,2.6783624998643063,100.0,1048.38671875,16,1477.8515625
1779138612.618119,3661,1.3194874991313554,2.6786499984154943,100.0,1048.38671875,16,1477.8515625
1779138612.6181195,3662,1.3194874991313554,2.6787124988914,100.0,1048.38671875,16,1477.8515625
1779138612.6181197,3663,1.3194874991313554,2.678774999367306,100.0,1048.38671875,16,1477.8515625
1779138612.6658807,3664,2.2053124994272366,3.7482375009858515,80.0,1048.38671875,16,1477.8515625
1779138612.6658852,3665,2.2053124994272366,3.748625000298489,80.0,1048.38671875,16,1477.8515625
1779138612.6658862,3666,2.2053124994272366,3.7487625013454817,80.0,1048.38671875,16,1477.8515625
1779138612.6658876,3667,2.2053124994272366,3.7488874986593146,80.0,1048.38671875,16,1477.8515625
1779138612.6658883,3668,2.2053124994272366,3.748999999515945,80.0,1048.38671875,16,1477.8515625
1779138612.665889,3669,2.2053124994272366,3.7490875001822133,80.0,1048.38671875,16,1477.8515625
1779138612.6658897,3670,2.2053124994272366,3.7492000010388438,80.0,1048.38671875,16,1477.8515625
1779138612.6658905,3671,2.2053124994272366,3.7492999981623143,80.0,1048.38671875,16,1477.8515625
1779138612.7041204,3672,1.5622874998371117,2.978337499371264,46.2,1048.39453125,16,1477.8515625
1779138612.7041228,3673,1.5622874998371117,2.9785750011797063,46.2,1048.39453125,16,1477.8515625
1779138612.7041237,3674,1.5622874998371117,2.9786500017507933,46.2,1048.39453125,16,1477.8515625
1779138612.7041242,3675,1.5622874998371117,2.9787249986839015,46.2,1048.39453125,16,1477.8515625
1779138612.7041247,3676,1.5622874998371117,2.9787874991598073,46.2,1048.39453125,16,1477.8515625
1779138612.7041252,3677,1.5622874998371117,2.978837499540532,46.2,1048.39453125,16,1477.8515625
1779138612.7041256,3678,1.5622874998371117,2.978912500111619,46.2,1048.39453125,16,1477.8515625
1779138612.7041261,3679,1.5622874998371117,2.978975000587525,46.2,1048.39453125,16,1477.8515625
1779138612.7414966,3680,1.4979000006860588,2.9316000000108033,37.5,1048.39453125,16,1477.8515625
1779138612.7414992,3681,1.4979000006860588,2.9318250017240644,37.5,1048.39453125,16,1477.8515625
1779138612.7415,3682,1.4979000006860588,2.9319000022951514,37.5,1048.39453125,16,1477.8515625
1779138612.7415004,3683,1.4979000006860588,2.9319750028662384,37.5,1048.39453125,16,1477.8515625
1779138612.741501,3684,1.4979000006860588,2.9320624998945277,37.5,1048.39453125,16,1477.8515625
1779138612.7415018,3685,1.4979000006860588,2.9321375004656147,37.5,1048.39453125,16,1477.8515625
1779138612.7415023,3686,1.4979000006860588,2.9322000009415206,37.5,1048.39453125,16,1477.8515625
1779138612.741503,3687,1.4979000006860588,2.9322875016077887,37.5,1048.39453125,16,1477.8515625
1779138612.7768452,3688,1.3259000006655697,2.697949999856064,0.0,1048.3984375,13,1477.8515625
1779138612.7768488,3689,1.3259000006655697,2.6982624985976145,0.0,1048.3984375,13,1477.8515625
1779138612.7768497,3690,1.3259000006655697,2.6983374991687015,0.0,1048.3984375,13,1477.8515625
1779138612.7768502,3691,1.3259000006655697,2.6984249998349696,0.0,1048.3984375,13,1477.8515625
1779138612.7768548,3692,1.3259000006655697,2.6990125006705057,0.0,1048.3984375,13,1477.8515625
1779138612.7768557,3693,1.3259000006655697,2.699099997698795,0.0,1048.3984375,13,1477.8515625
1779138612.7768564,3694,1.3259000006655697,2.699187498365063,0.0,1048.3984375,13,1477.8515625
1779138612.7768571,3695,1.3259000006655697,2.6992749990313314,0.0,1048.3984375,13,1477.8515625
1779138612.815441,3696,1.4354874983837362,2.8244374989299104,9.1,1048.40234375,13,1476.4140625
1779138612.8154433,3697,1.4354874983837362,2.8246625006431714,9.1,1048.40234375,13,1476.4140625
1779138612.815444,3698,1.4354874983837362,2.824725001119077,9.1,1048.40234375,13,1476.4140625
1779138612.8154445,3699,1.4354874983837362,2.8247999980521854,9.1,1048.40234375,13,1476.4140625
1779138612.815445,3700,1.4354874983837362,2.82484999843291,9.1,1048.40234375,13,1476.4140625
1779138612.8154454,3701,1.4354874983837362,2.8248999988136347,9.1,1048.40234375,13,1476.4140625
1779138612.815446,3702,1.4354874983837362,2.8249624992895406,9.1,1048.40234375,13,1476.4140625
1779138612.8154464,3703,1.4354874983837362,2.8250249997654464,9.1,1048.40234375,13,1476.4140625
1779138612.856967,3704,1.8478749989299104,3.2981125004880596,0.0,1048.40234375,13,1476.4140625
1779138612.8569698,3705,1.8478749989299104,3.298349998658523,0.0,1048.40234375,13,1476.4140625
1779138612.8569705,3706,1.8478749989299104,3.29842499922961,0.0,1048.40234375,13,1476.4140625
1779138612.856971,3707,1.8478749989299104,3.298512499895878,0.0,1048.40234375,13,1476.4140625
1779138612.8569715,3708,1.8478749989299104,3.298587500466965,0.0,1048.40234375,13,1476.4140625
1779138612.8569722,3709,1.8478749989299104,3.298649997304892,0.0,1048.40234375,13,1476.4140625
1779138612.8569727,3710,1.8478749989299104,3.298712497780798,0.0,1048.40234375,13,1476.4140625
1779138612.8569772,3711,1.8478749989299104,3.2992624983307905,0.0,1048.40234375,13,1476.4140625
1779138612.8933375,3712,1.5344874991569668,2.8620000011869706,30.8,1048.40625,13,1476.4140625
1779138612.8933406,3713,1.5344874991569668,2.862224999262253,30.8,1048.40625,13,1476.4140625
1779138612.8933413,3714,1.5344874991569668,2.86229999983334,30.8,1048.40625,13,1476.4140625
1779138612.8933418,3715,1.5344874991569668,2.862375000404427,30.8,1048.40625,13,1476.4140625
1779138612.8933425,3716,1.5344874991569668,2.8624375008803327,30.8,1048.40625,13,1476.4140625
1779138612.8933427,3717,1.5344874991569668,2.8625000013562385,30.8,1048.40625,13,1476.4140625
1779138612.8933432,3718,1.5344874991569668,2.8625625018321443,30.8,1048.40625,13,1476.4140625
1779138612.8933437,3719,1.5344874991569668,2.8626249986700714,30.8,1048.40625,13,1476.4140625
1779138612.9336815,3720,1.5716374982730485,2.9928875010227785,0.0,1048.41015625,13,1476.4140625
1779138612.9336846,3721,1.5716374982730485,2.993137499288423,0.0,1048.41015625,13,1476.4140625
1779138612.9336853,3722,1.5716374982730485,2.9932375000498723,0.0,1048.41015625,13,1476.4140625
1779138612.933686,3723,1.5716374982730485,2.9933125006209593,0.0,1048.41015625,13,1476.4140625
1779138612.9336865,3724,1.5716374982730485,2.9933874975540675,0.0,1048.41015625,13,1476.4140625
1779138612.9336872,3725,1.5716374982730485,2.9934624981251545,0.0,1048.41015625,13,1476.4140625
1779138612.933688,3726,1.5716374982730485,2.9935249986010604,0.0,1048.41015625,13,1476.4140625
1779138612.9336884,3727,1.5716374982730485,2.9936124992673285,0.0,1048.41015625,13,1476.4140625
1779138612.9719706,3728,1.4338375003717374,2.793412499158876,25.0,1048.41015625,13,1476.4140625
1779138612.9719732,3729,1.4338375003717374,2.793612497043796,25.0,1048.41015625,13,1476.4140625
1779138612.971974,3730,1.4338375003717374,2.793687497614883,25.0,1048.41015625,13,1476.4140625
1779138612.971979,3731,1.4338375003717374,2.7943249988311436,25.0,1048.41015625,13,1476.4140625
1779138612.9719796,3732,1.4338375003717374,2.7944124994974118,25.0,1048.41015625,13,1476.4140625
1779138612.97198,3733,1.4338375003717374,2.7944624998781364,25.0,1048.41015625,13,1476.4140625
1779138612.9719806,3734,1.4338375003717374,2.7945250003540423,25.0,1048.41015625,13,1476.4140625
1779138612.971981,3735,1.4338375003717374,2.7945874971919693,25.0,1048.41015625,13,1476.4140625
1779138613.0120635,3736,1.6710499985492788,3.054112497920869,0.0,1048.41796875,13,1476.4140625
1779138613.0120664,3737,1.6710499985492788,3.0543249995389488,0.0,1048.41796875,13,1476.4140625
1779138613.0120668,3738,1.6710499985492788,3.054412500205217,0.0,1048.41796875,13,1476.4140625
1779138613.0120676,3739,1.6710499985492788,3.054487500776304,0.0,1048.41796875,13,1476.4140625
1779138613.012068,3740,1.6710499985492788,3.054562497709412,0.0,1048.41796875,13,1476.4140625
1779138613.0120685,3741,1.6710499985492788,3.054624998185318,0.0,1048.41796875,13,1476.4140625
1779138613.0120695,3742,1.6710499985492788,3.054687498661224,0.0,1048.41796875,13,1476.4140625
1779138613.0120697,3743,1.6710499985492788,3.0547499991371296,0.0,1048.41796875,13,1476.4140625
1779138613.05258,3744,1.304062498093117,2.66411250049714,10.0,1048.4296875,13,1476.4140625
1779138613.0525832,3745,1.304062498093117,2.664337498572422,10.0,1048.4296875,13,1476.4140625
1779138613.052584,3746,1.304062498093117,2.6644249992386904,10.0,1048.4296875,13,1476.4140625
1779138613.0525844,3747,1.304062498093117,2.6644999998097774,10.0,1048.4296875,13,1476.4140625
1779138613.052585,3748,1.304062498093117,2.6645750003808644,10.0,1048.4296875,13,1476.4140625
1779138613.0525854,3749,1.304062498093117,2.66463750085677,10.0,1048.4296875,13,1476.4140625
1779138613.0525901,3750,1.304062498093117,2.665212501597125,10.0,1048.4296875,13,1476.4140625
1779138613.0525908,3751,1.304062498093117,2.6652999986254144,10.0,1048.4296875,13,1476.4140625
1779138613.0889902,3752,1.3713500011363067,2.7721625010599382,0.0,1048.43359375,13,1476.4140625
1779138613.0889928,3753,1.3713500011363067,2.7723749990400393,0.0,1048.43359375,13,1476.4140625
1779138613.0889935,3754,1.3713500011363067,2.7724624997063074,0.0,1048.43359375,13,1476.4140625
1779138613.088994,3755,1.3713500011363067,2.7725250001822133,0.0,1048.43359375,13,1476.4140625
1779138613.0889945,3756,1.3713500011363067,2.772587500658119,0.0,1048.43359375,13,1476.4140625
1779138613.088995,3757,1.3713500011363067,2.772650001134025,0.0,1048.43359375,13,1476.4140625
1779138613.0889952,3758,1.3713500011363067,2.7727000015147496,0.0,1048.43359375,13,1476.4140625
1779138613.088996,3759,1.3713500011363067,2.7727625019906554,0.0,1048.43359375,13,1476.4140625
1779138613.1310685,3760,1.8464999993739184,3.2012000010581687,50.0,1048.43359375,13,1476.4140625
1779138613.1310713,3761,1.8464999993739184,3.201437499228632,50.0,1048.43359375,13,1476.4140625
1779138613.131072,3762,1.8464999993739184,3.201499999704538,50.0,1048.43359375,13,1476.4140625
1779138613.1310725,3763,1.8464999993739184,3.201575000275625,50.0,1048.43359375,13,1476.4140625
1779138613.131073,3764,1.8464999993739184,3.2016375007515308,50.0,1048.43359375,13,1476.4140625
1779138613.1310732,3765,1.8464999993739184,3.2016875011322554,50.0,1048.43359375,13,1476.4140625
1779138613.1310737,3766,1.8464999993739184,3.20173750151298,50.0,1048.43359375,13,1476.4140625
1779138613.1310742,3767,1.8464999993739184,3.201800001988886,50.0,1048.43359375,13,1476.4140625
1779138613.1711104,3768,1.4573000007658266,2.823750000970904,60.0,1048.43359375,13,1476.4140625
1779138613.1711133,3769,1.4573000007658266,2.8239499988558237,60.0,1048.43359375,13,1476.4140625
1779138613.1711178,3770,1.4573000007658266,2.8245249995961785,60.0,1048.43359375,13,1476.4140625
1779138613.171118,3771,1.4573000007658266,2.8245875000720844,60.0,1048.43359375,13,1476.4140625
1779138613.1711185,3772,1.4573000007658266,2.82465000054799,60.0,1048.43359375,13,1476.4140625
1779138613.1711192,3773,1.4573000007658266,2.824700000928715,60.0,1048.43359375,13,1476.4140625
1779138613.1711197,3774,1.4573000007658266,2.8247499976714607,60.0,1048.43359375,13,1476.4140625
1779138613.17112,3775,1.4573000007658266,2.8247999980521854,60.0,1048.43359375,13,1476.4140625
1779138613.2106578,3776,1.4054000021133106,2.825362502335338,20.0,1048.44140625,13,1476.4140625
1779138613.2106607,3777,1.4054000021133106,2.82558750041062,20.0,1048.44140625,13,1476.4140625
1779138613.2106614,3778,1.4054000021133106,2.825662500981707,20.0,1048.44140625,13,1476.4140625
1779138613.210662,3779,1.4054000021133106,2.825737501552794,20.0,1048.44140625,13,1476.4140625
1779138613.2106624,3780,1.4054000021133106,2.825812502123881,20.0,1048.44140625,13,1476.4140625
1779138613.2106628,3781,1.4054000021133106,2.825875002599787,20.0,1048.44140625,13,1476.4140625
1779138613.2106633,3782,1.4054000021133106,2.825937499437714,20.0,1048.44140625,13,1476.4140625
1779138613.210664,3783,1.4054000021133106,2.82599999991362,20.0,1048.44140625,13,1476.4140625
1779138613.2501965,3784,1.8502624989196192,3.1866499994066544,35.3,1048.44140625,13,1476.4140625
1779138613.250199,3785,1.8502624989196192,3.186837500834372,35.3,1048.44140625,13,1476.4140625
1779138613.2501998,3786,1.8502624989196192,3.1869000013102777,35.3,1048.44140625,13,1476.4140625
1779138613.2502,3787,1.8502624989196192,3.1869624981482048,35.3,1048.44140625,13,1476.4140625
1779138613.2502005,3788,1.8502624989196192,3.1870374987192918,35.3,1048.44140625,13,1476.4140625
1779138613.250205,3789,1.8502624989196192,3.187562499078922,35.3,1048.44140625,13,1476.4140625
1779138613.2502055,3790,1.8502624989196192,3.187624999554828,35.3,1048.44140625,13,1476.4140625
1779138613.250206,3791,1.8502624989196192,3.187700000125915,35.3,1048.44140625,13,1476.4140625
1779138613.2917528,3792,1.640574999328237,3.0694250017404556,0.0,1048.4453125,16,1476.4140625
1779138613.291755,3793,1.640574999328237,3.069599999435013,0.0,1048.4453125,16,1476.4140625
1779138613.2917554,3794,1.640574999328237,3.0696750000061,0.0,1048.4453125,16,1476.4140625
1779138613.2917564,3795,1.640574999328237,3.069750000577187,0.0,1048.4453125,16,1476.4140625
1779138613.2917569,3796,1.640574999328237,3.069812501053093,0.0,1048.4453125,16,1476.4140625
1779138613.291757,3797,1.640574999328237,3.0698625014338177,0.0,1048.4453125,16,1476.4140625
1779138613.2917578,3798,1.640574999328237,3.0699375020049047,0.0,1048.4453125,16,1476.4140625
1779138613.291762,3799,1.640574999328237,3.0704874989169184,0.0,1048.4453125,16,1476.4140625
1779138613.3342378,3800,1.7104500002460554,3.0226374983612914,30.0,1048.44921875,16,1476.4140625
1779138613.33424,3801,1.7104500002460554,3.02283749988419,30.0,1048.44921875,16,1476.4140625
1779138613.3342407,3802,1.7104500002460554,3.022912500455277,30.0,1048.44921875,16,1476.4140625
1779138613.3342414,3803,1.7104500002460554,3.022975000931183,30.0,1048.44921875,16,1476.4140625
1779138613.3342419,3804,1.7104500002460554,3.02303749776911,30.0,1048.44921875,16,1476.4140625
1779138613.3342423,3805,1.7104500002460554,3.0230999982450157,30.0,1048.44921875,16,1476.4140625
1779138613.3342428,3806,1.7104500002460554,3.0231624987209216,30.0,1048.44921875,16,1476.4140625
1779138613.3342433,3807,1.7104500002460554,3.0232374992920086,30.0,1048.44921875,16,1476.4140625
1779138613.372872,3808,1.4675375023216475,2.8222750006534625,0.0,1048.453125,16,1476.4140625
1779138613.3728786,3809,1.4675375023216475,2.8229500021552667,0.0,1048.453125,16,1476.4140625
1779138613.3728793,3810,1.4675375023216475,2.8230250027263537,0.0,1048.453125,16,1476.4140625
1779138613.37288,3811,1.4675375023216475,2.8230874995642807,0.0,1048.453125,16,1476.4140625
1779138613.3728805,3812,1.4675375023216475,2.8231500000401866,0.0,1048.453125,16,1476.4140625
1779138613.372881,3813,1.4675375023216475,2.8232125005160924,0.0,1048.453125,16,1476.4140625
1779138613.3728814,3814,1.4675375023216475,2.8232750009919982,0.0,1048.453125,16,1476.4140625
1779138613.372882,3815,1.4675375023216475,2.823337501467904,0.0,1048.453125,16,1476.4140625
1779138613.4116864,3816,1.799362500605639,3.1317624998337124,9.1,1048.45703125,16,1476.4140625
1779138613.4116895,3817,1.799362500605639,3.1320125017373357,9.1,1048.45703125,16,1476.4140625
1779138613.4116902,3818,1.799362500605639,3.132099998765625,9.1,1048.45703125,16,1476.4140625
1779138613.4116907,3819,1.799362500605639,3.132174999336712,9.1,1048.45703125,16,1476.4140625
1779138613.4116914,3820,1.799362500605639,3.1322625000029802,9.1,1048.45703125,16,1476.4140625
1779138613.4116921,3821,1.799362500605639,3.1323375005740672,9.1,1048.45703125,16,1476.4140625
1779138613.4116929,3822,1.799362500605639,3.1324125011451542,9.1,1048.45703125,16,1476.4140625
1779138613.4116933,3823,1.799362500605639,3.1324875017162412,9.1,1048.45703125,16,1476.4140625
1779138613.4511712,3824,1.5522625035373494,2.890850002586376,0.0,1048.45703125,16,1476.4140625
1779138613.4511735,3825,1.5522625035373494,2.891062500566477,0.0,1048.45703125,16,1476.4140625
1779138613.4511743,3826,1.5522625035373494,2.891137501137564,0.0,1048.45703125,16,1476.4140625
1779138613.4511747,3827,1.5522625035373494,2.89120000161347,0.0,1048.45703125,16,1476.4140625
1779138613.4511807,3828,1.5522625035373494,2.891950000048382,0.0,1048.45703125,16,1476.4140625
1779138613.4511812,3829,1.5522625035373494,2.892012500524288,0.0,1048.45703125,16,1476.4140625
1779138613.451182,3830,1.5522625035373494,2.892075001000194,0.0,1048.45703125,16,1476.4140625
1779138613.4511821,3831,1.5522625035373494,2.8921250013809185,0.0,1048.45703125,16,1476.4140625
1779138613.492396,3832,1.8584374993224628,3.2673999994585756,40.0,1048.46484375,16,1476.4140625
1779138613.4924014,3833,1.8584374993224628,3.267849999247119,40.0,1048.46484375,16,1476.4140625
1779138613.4924028,3834,1.8584374993224628,3.267987496656133,40.0,1048.46484375,16,1476.4140625
1779138613.492404,3835,1.8584374993224628,3.268137497798307,40.0,1048.46484375,16,1476.4140625
1779138613.492405,3836,1.8584374993224628,3.268287498940481,40.0,1048.46484375,16,1476.4140625
1779138613.4924064,3837,1.8584374993224628,3.2684124998922925,40.0,1048.46484375,16,1476.4140625
1779138613.4924073,3838,1.8584374993224628,3.2685624973964877,40.0,1048.46484375,16,1476.4140625
1779138613.4924083,3839,1.8584374993224628,3.2686749982531182,40.0,1048.46484375,16,1476.4140625
1779138613.5491927,3840,2.428387502732221,3.862925001158146,43.8,1048.46484375,16,1476.4140625
1779138613.5491958,3841,2.428387502732221,3.863150002871407,43.8,1048.46484375,16,1476.4140625
1779138613.5491962,3842,2.428387502732221,3.8632374998996966,43.8,1048.46484375,16,1476.4140625
1779138613.5491967,3843,2.428387502732221,3.8633125004707836,43.8,1048.46484375,16,1476.4140625
1779138613.5491977,3844,2.428387502732221,3.8633750009466894,43.8,1048.46484375,16,1476.4140625
1779138613.5491982,3845,2.428387502732221,3.8634500015177764,43.8,1048.46484375,16,1476.4140625
1779138613.5491986,3846,2.428387502732221,3.8635125019936822,43.8,1048.46484375,16,1476.4140625
1779138613.549199,3847,2.428387502732221,3.863575002469588,43.8,1048.46484375,16,1476.4140625
1779138613.5915895,3848,1.3796874991385266,2.804449999530334,0.0,1048.46875,16,1476.4140625
1779138613.5915918,3849,1.3796874991385266,2.804662497510435,0.0,1048.46875,16,1476.4140625
1779138613.5915926,3850,1.3796874991385266,2.804737498081522,0.0,1048.46875,16,1476.4140625
1779138613.5915933,3851,1.3796874991385266,2.8048249987477902,0.0,1048.46875,16,1476.4140625
1779138613.5915937,3852,1.3796874991385266,2.804887499223696,0.0,1048.46875,16,1476.4140625
1779138613.5915942,3853,1.3796874991385266,2.804949999699602,0.0,1048.46875,16,1476.4140625
1779138613.5915947,3854,1.3796874991385266,2.8050125001755077,0.0,1048.46875,16,1476.4140625
1779138613.5915952,3855,1.3796874991385266,2.8050750006514136,0.0,1048.46875,16,1476.4140625
1779138613.6293676,3856,1.4894125015416648,2.952425002149539,15.4,1048.46875,16,1476.4140625
1779138613.6293705,3857,1.4894125015416648,2.95263750012964,15.4,1048.46875,16,1476.4140625
1779138613.629371,3858,1.4894125015416648,2.952700000605546,15.4,1048.46875,16,1476.4140625
1779138613.6293714,3859,1.4894125015416648,2.952775001176633,15.4,1048.46875,16,1476.4140625
1779138613.629372,3860,1.4894125015416648,2.9528250015573576,15.4,1048.46875,16,1476.4140625
1779138613.6293724,3861,1.4894125015416648,2.9528875020332634,15.4,1048.46875,16,1476.4140625
1779138613.6293728,3862,1.4894125015416648,2.9529500025091693,15.4,1048.46875,16,1476.4140625
1779138613.6293771,3863,1.4894125015416648,2.9534750028687995,15.4,1048.46875,16,1476.4140625
1779138613.6679745,3864,1.433224999345839,2.811574999213917,0.0,1048.4765625,16,1476.4140625
1779138613.6679773,3865,1.433224999345839,2.8118125010223594,0.0,1048.4765625,16,1476.4140625
1779138613.6679778,3866,1.433224999345839,2.8118874979554676,0.0,1048.4765625,16,1476.4140625
1779138613.667982,3867,1.433224999345839,2.812424998410279,0.0,1048.4765625,16,1476.4140625
1779138613.6679826,3868,1.433224999345839,2.812499998981366,0.0,1048.4765625,16,1476.4140625
1779138613.667983,3869,1.433224999345839,2.8125624994572718,0.0,1048.4765625,16,1476.4140625
1779138613.6679835,3870,1.433224999345839,2.8126249999331776,0.0,1048.4765625,16,1476.4140625
1779138613.6679842,3871,1.433224999345839,2.8126750003139023,0.0,1048.4765625,16,1476.4140625
1779138613.7050738,3872,1.3708125006814953,2.727650000451831,13.6,1048.48046875,16,1476.4140625
1779138613.7050765,3873,1.3708125006814953,2.7278749985271133,13.6,1048.48046875,16,1476.4140625
1779138613.7050774,3874,1.3708125006814953,2.7279749992885627,13.6,1048.48046875,16,1476.4140625
1779138613.7050776,3875,1.3708125006814953,2.7280249996692874,13.6,1048.48046875,16,1476.4140625
1779138613.7050784,3876,1.3708125006814953,2.728087500145193,13.6,1048.48046875,16,1476.4140625
1779138613.7050788,3877,1.3708125006814953,2.72816250071628,13.6,1048.48046875,16,1476.4140625
1779138613.7050793,3878,1.3708125006814953,2.728212497459026,13.6,1048.48046875,16,1476.4140625
1779138613.7050798,3879,1.3708125006814953,2.728274997934932,13.6,1048.48046875,16,1476.4140625
1779138613.7390869,3880,1.3600249985756818,2.7357375001884066,28.6,1048.48046875,16,1476.4140625
1779138613.7390895,3881,1.3600249985756818,2.7359499981685076,28.6,1048.48046875,16,1476.4140625
1779138613.73909,3882,1.3600249985756818,2.7360124986444134,28.6,1048.48046875,16,1476.4140625
1779138613.7390907,3883,1.3600249985756818,2.7360874992155004,28.6,1048.48046875,16,1476.4140625
1779138613.739091,3884,1.3600249985756818,2.7361499996914063,28.6,1048.48046875,16,1476.4140625
1779138613.7390916,3885,1.3600249985756818,2.736212500167312,28.6,1048.48046875,16,1476.4140625
1779138613.7390919,3886,1.3600249985756818,2.7362625005480368,28.6,1048.48046875,16,1476.4140625
1779138613.739097,3887,1.3600249985756818,2.7368749979359563,28.6,1048.48046875,16,1476.4140625
1779138613.7789142,3888,1.5593499992974102,2.900787501857849,0.0,1048.484375,13,1476.4140625
1779138613.778917,3889,1.5593499992974102,2.901012499933131,0.0,1048.484375,13,1476.4140625
1779138613.7789176,3890,1.5593499992974102,2.901075000409037,0.0,1048.484375,13,1476.4140625
1779138613.778918,3891,1.5593499992974102,2.9011375008849427,0.0,1048.484375,13,1476.4140625
1779138613.7789187,3892,1.5593499992974102,2.9012125014560297,0.0,1048.484375,13,1476.4140625
1779138613.7789192,3893,1.5593499992974102,2.9012750019319355,0.0,1048.484375,13,1476.4140625
1779138613.7789197,3894,1.5593499992974102,2.9013374987698626,0.0,1048.484375,13,1476.4140625
1779138613.7789202,3895,1.5593499992974102,2.9013874991505872,0.0,1048.484375,13,1476.4140625
1779138613.8169925,3896,1.3692249995074235,2.7590374993451405,21.4,1048.48828125,13,1476.4140625
1779138613.8169954,3897,1.3692249995074235,2.7592500009632204,21.4,1048.48828125,13,1476.4140625
1779138613.8169959,3898,1.3692249995074235,2.7593250015343074,21.4,1048.48828125,13,1476.4140625
1779138613.8169963,3899,1.3692249995074235,2.7593749982770532,21.4,1048.48828125,13,1476.4140625
1779138613.8169968,3900,1.3692249995074235,2.759437498752959,21.4,1048.48828125,13,1476.4140625
1779138613.8169973,3901,1.3692249995074235,2.759499999228865,21.4,1048.48828125,13,1476.4140625
1779138613.816998,3902,1.3692249995074235,2.759574999799952,21.4,1048.48828125,13,1476.4140625
1779138613.8169985,3903,1.3692249995074235,2.7596250001806766,21.4,1048.48828125,13,1476.4140625
1779138613.8513746,3904,1.341312501608627,2.703125002881279,50.0,1048.48828125,13,1476.4140625
1779138613.8513777,3905,1.341312501608627,2.7033375008613802,50.0,1048.48828125,13,1476.4140625
1779138613.8513818,3906,1.341312501608627,2.7038625012210105,50.0,1048.48828125,13,1476.4140625
1779138613.8513823,3907,1.341312501608627,2.7039500018872786,50.0,1048.48828125,13,1476.4140625
1779138613.851383,3908,1.341312501608627,2.7040125023631845,50.0,1048.48828125,13,1476.4140625
1779138613.8513832,3909,1.341312501608627,2.704062502743909,50.0,1048.48828125,13,1476.4140625
1779138613.851384,3910,1.341312501608627,2.704125003219815,50.0,1048.48828125,13,1476.4140625
1779138613.8513844,3911,1.341312501608627,2.704174999962561,50.0,1048.48828125,13,1476.4140625
1779138613.887616,3912,1.3590125017799437,2.6676375018723775,0.0,1048.4921875,13,1476.4140625
1779138613.8876188,3913,1.3590125017799437,2.667824999662116,0.0,1048.4921875,13,1476.4140625
1779138613.8876193,3914,1.3590125017799437,2.667900000233203,0.0,1048.4921875,13,1476.4140625
1779138613.8876197,3915,1.3590125017799437,2.667962500709109,0.0,1048.4921875,13,1476.4140625
1779138613.8876204,3916,1.3590125017799437,2.668037501280196,0.0,1048.4921875,13,1476.4140625
1779138613.887621,3917,1.3590125017799437,2.668100001756102,0.0,1048.4921875,13,1476.4140625
1779138613.8876214,3918,1.3590125017799437,2.6681500021368265,0.0,1048.4921875,13,1476.4140625
1779138613.8876216,3919,1.3590125017799437,2.668200002517551,0.0,1048.4921875,13,1476.4140625
1779138613.924215,3920,1.3321250007720664,2.6686999990488403,20.0,1048.5,13,1476.4140625
1779138613.924218,3921,1.3321250007720664,2.668900000571739,20.0,1048.5,13,1476.4140625
1779138613.9242187,3922,1.3321250007720664,2.668987501238007,20.0,1048.5,13,1476.4140625
1779138613.924219,3923,1.3321250007720664,2.6690375016187318,20.0,1048.5,13,1476.4140625
1779138613.9242194,3924,1.3321250007720664,2.669099998456659,20.0,1048.5,13,1476.4140625
1779138613.92422,3925,1.3321250007720664,2.669174999027746,20.0,1048.5,13,1476.4140625
1779138613.9242282,3926,1.3321250007720664,2.6701624992711004,20.0,1048.5,13,1476.4140625
1779138613.9242287,3927,1.3321250007720664,2.6702249997470062,20.0,1048.5,13,1476.4140625
1779138613.964525,3928,2.0852749985351693,3.4414250003464986,0.0,1048.5625,13,1476.4140625
1779138613.9645283,3929,2.0852749985351693,3.4417249989928678,0.0,1048.5625,13,1476.4140625
1779138613.964529,3930,2.0852749985351693,3.4417999995639548,0.0,1048.5625,13,1476.4140625
1779138613.9645298,3931,2.0852749985351693,3.441887500230223,0.0,1048.5625,13,1476.4140625
1779138613.9645302,3932,2.0852749985351693,3.44196250080131,0.0,1048.5625,13,1476.4140625
1779138613.9645312,3933,2.0852749985351693,3.442050001467578,0.0,1048.5625,13,1476.4140625
1779138613.9645314,3934,2.0852749985351693,3.442112498305505,0.0,1048.5625,13,1476.4140625
1779138613.9645321,3935,2.0852749985351693,3.442174998781411,0.0,1048.5625,13,1476.4140625
1779138614.002342,3936,1.492237497586757,2.880912499676924,25.0,1048.5625,13,1476.4140625
1779138614.0023444,3937,1.492237497586757,2.8811499978473876,25.0,1048.5625,13,1476.4140625
1779138614.0023453,3938,1.492237497586757,2.8812374985136557,25.0,1048.5625,13,1476.4140625
1779138614.0023458,3939,1.492237497586757,2.8812999989895616,25.0,1048.5625,13,1476.4140625
1779138614.0023463,3940,1.492237497586757,2.8813749995606486,25.0,1048.5625,13,1476.4140625
1779138614.002347,3941,1.492237497586757,2.8814500001317356,25.0,1048.5625,13,1476.4140625
1779138614.0023475,3942,1.492237497586757,2.8815125006076414,25.0,1048.5625,13,1476.4140625
1779138614.0023477,3943,1.492237497586757,2.8815749974455684,25.0,1048.5625,13,1476.4140625
1779138614.036878,3944,1.3009249996684957,2.616687499539694,35.7,1048.5625,13,1476.4140625
1779138614.036881,3945,1.3009249996684957,2.616912501252955,35.7,1048.5625,13,1476.4140625
1779138614.0368814,3946,1.3009249996684957,2.616974998090882,35.7,1048.5625,13,1476.4140625
1779138614.036882,3947,1.3009249996684957,2.617049998661969,35.7,1048.5625,13,1476.4140625
1779138614.0368824,3948,1.3009249996684957,2.6171124991378747,35.7,1048.5625,13,1476.4140625
1779138614.0368829,3949,1.3009249996684957,2.6171624995185994,35.7,1048.5625,13,1476.4140625
1779138614.0368834,3950,1.3009249996684957,2.617224999994505,35.7,1048.5625,13,1476.4140625
1779138614.0368838,3951,1.3009249996684957,2.617287500470411,35.7,1048.5625,13,1476.4140625
1779138614.072705,3952,1.5171500017459039,2.9324750030355062,0.0,1048.5625,13,1476.4140625
1779138614.0727088,3953,1.5171500017459039,2.932812501967419,0.0,1048.5625,13,1476.4140625
1779138614.0727096,3954,1.5171500017459039,2.932900002633687,0.0,1048.5625,13,1476.4140625
1779138614.0727105,3955,1.5171500017459039,2.933012499852339,0.0,1048.5625,13,1476.4140625
1779138614.0727112,3956,1.5171500017459039,2.933087500423426,0.0,1048.5625,13,1476.4140625
1779138614.072712,3957,1.5171500017459039,2.9332000012800563,0.0,1048.5625,13,1476.4140625
1779138614.0727127,3958,1.5171500017459039,2.9332750018511433,0.0,1048.5625,13,1476.4140625
1779138614.0727131,3959,1.5171500017459039,2.9333500024222303,0.0,1048.5625,13,1476.4140625
1779138614.1085668,3960,1.4941750014259014,2.8217125000082888,22.2,1048.5625,13,1476.4140625
1779138614.1085694,3961,1.4941750014259014,2.8219000014360063,22.2,1048.5625,13,1476.4140625
1779138614.1085699,3962,1.4941750014259014,2.8219624982739333,22.2,1048.5625,13,1476.4140625
1779138614.1085703,3963,1.4941750014259014,2.8220374988450203,22.2,1048.5625,13,1476.4140625
1779138614.1085708,3964,1.4941750014259014,2.822099999320926,22.2,1048.5625,13,1476.4140625
1779138614.1085715,3965,1.4941750014259014,2.8222125001775566,22.2,1048.5625,13,1476.4140625
1779138614.1085725,3966,1.4941750014259014,2.8222625005582813,22.2,1048.5625,13,1476.4140625
1779138614.1085727,3967,1.4941750014259014,2.822325001034187,22.2,1048.5625,13,1476.4140625
1779138614.1442053,3968,1.5559500025119632,2.9318250017240644,27.3,1048.5625,13,1476.4140625
1779138614.1442077,3969,1.5559500025119632,2.9320374997041654,27.3,1048.5625,13,1476.4140625
1779138614.1442082,3970,1.5559500025119632,2.932100000180071,27.3,1048.5625,13,1476.4140625
1779138614.1442087,3971,1.5559500025119632,2.932162500655977,27.3,1048.5625,13,1476.4140625
1779138614.1442091,3972,1.5559500025119632,2.932237501227064,27.3,1048.5625,13,1476.4140625
1779138614.1442099,3973,1.5559500025119632,2.932312501798151,27.3,1048.5625,13,1476.4140625
1779138614.14421,3974,1.5559500025119632,2.9323625021788757,27.3,1048.5625,13,1476.4140625
1779138614.1442106,3975,1.5559500025119632,2.9324250026547816,27.3,1048.5625,13,1476.4140625
1779138614.181012,3976,1.6533124980924185,2.989799999340903,25.0,1048.5625,13,1476.4140625
1779138614.1810145,3977,1.6533124980924185,2.9899875007686205,25.0,1048.5625,13,1476.4140625
1779138614.1810153,3978,1.6533124980924185,2.99007499779691,25.0,1048.5625,13,1476.4140625
1779138614.1810157,3979,1.6533124980924185,2.9901374982728157,25.0,1048.5625,13,1476.4140625
1779138614.1810162,3980,1.6533124980924185,2.9901999987487216,25.0,1048.5625,13,1476.4140625
1779138614.1810167,3981,1.6533124980924185,2.9902749993198086,25.0,1048.5625,13,1476.4140625
1779138614.1810172,3982,1.6533124980924185,2.9903249997005332,25.0,1048.5625,13,1476.4140625
1779138614.1810176,3983,1.6533124980924185,2.990387500176439,25.0,1048.5625,13,1476.4140625
1779138614.2167575,3984,1.3190624995331746,2.720687502005603,0.0,1048.5625,13,1476.4140625
1779138614.2167604,3985,1.3190624995331746,2.720899999985704,0.0,1048.5625,13,1476.4140625
1779138614.2167609,3986,1.3190624995331746,2.720975000556791,0.0,1048.5625,13,1476.4140625
1779138614.2167616,3987,1.3190624995331746,2.721050001127878,0.0,1048.5625,13,1476.4140625
1779138614.216762,3988,1.3190624995331746,2.721112501603784,0.0,1048.5625,13,1476.4140625
1779138614.2167625,3989,1.3190624995331746,2.72117500207969,0.0,1048.5625,13,1476.4140625
1779138614.2167628,3990,1.3190624995331746,2.7212375025555957,0.0,1048.5625,13,1476.4140625
1779138614.2167635,3991,1.3190624995331746,2.7212875029363204,0.0,1048.5625,13,1476.4140625
1779138614.2650516,3992,2.079799996863585,3.4829500000341795,30.0,1048.5625,13,1476.4140625
1779138614.2650542,3993,2.079799996863585,3.4831499979190994,30.0,1048.5625,13,1476.4140625
1779138614.265055,3994,2.079799996863585,3.4832374985853676,30.0,1048.5625,13,1476.4140625
1779138614.2650554,3995,2.079799996863585,3.4832999990612734,30.0,1048.5625,13,1476.4140625
1779138614.2650564,3996,2.079799996863585,3.4833999998227227,30.0,1048.5625,13,1476.4140625
1779138614.2650568,3997,2.079799996863585,3.4834624966606498,30.0,1048.5625,13,1476.4140625
1779138614.2650573,3998,2.079799996863585,3.4835249971365556,30.0,1048.5625,13,1476.4140625
1779138614.2650578,3999,2.079799996863585,3.4835999977076426,30.0,1048.5625,13,1476.4140625
1779138614.3029175,4000,1.6618375011603348,3.055087501707021,6.7,1048.5625,18,1476.4140625
1779138614.3029194,4001,1.6618375011603348,3.0552624994015787,6.7,1048.5625,18,1476.4140625
1779138614.3029199,4002,1.6618375011603348,3.0553374999726657,6.7,1048.5625,18,1476.4140625
1779138614.3029203,4003,1.6618375011603348,3.0554000004485715,6.7,1048.5625,18,1476.4140625
1779138614.3029215,4004,1.6618375011603348,3.055525001400383,6.7,1048.5625,18,1476.4140625
1779138614.302922,4005,1.6618375011603348,3.055575001781108,6.7,1048.5625,18,1476.4140625
1779138614.3029225,4006,1.6618375011603348,3.055650002352195,6.7,1048.5625,18,1476.4140625
1779138614.302923,4007,1.6618375011603348,3.055712499190122,6.7,1048.5625,18,1476.4140625
1779138614.3395078,4008,1.319599999987986,2.6942749973386526,0.0,1048.5625,18,1476.4140625
1779138614.3395102,4009,1.319599999987986,2.6944999990519136,0.0,1048.5625,18,1476.4140625
1779138614.3395107,4010,1.319599999987986,2.6945749996230006,0.0,1048.5625,18,1476.4140625
1779138614.3395119,4011,1.319599999987986,2.694662500289269,0.0,1048.5625,18,1476.4140625
1779138614.3395123,4012,1.319599999987986,2.6947250007651746,0.0,1048.5625,18,1476.4140625
1779138614.3395126,4013,1.319599999987986,2.694799997698283,0.0,1048.5625,18,1476.4140625
1779138614.339513,4014,1.319599999987986,2.6948499980790075,0.0,1048.5625,18,1476.4140625
1779138614.3395135,4015,1.319599999987986,2.694899998459732,0.0,1048.5625,18,1476.4140625
1779138614.3828723,4016,1.5796999978192616,2.9644874994119164,23.1,1048.5625,18,1476.4140625
1779138614.3828747,4017,1.5796999978192616,2.964687500934815,23.1,1048.5625,18,1476.4140625
1779138614.3828754,4018,1.5796999978192616,2.9647999981534667,23.1,1048.5625,18,1476.4140625
1779138614.382876,4019,1.5796999978192616,2.9648624986293726,23.1,1048.5625,18,1476.4140625
1779138614.3828764,4020,1.5796999978192616,2.9649124990100972,23.1,1048.5625,18,1476.4140625
1779138614.3828769,4021,1.5796999978192616,2.964974999486003,23.1,1048.5625,18,1476.4140625
1779138614.3828773,4022,1.5796999978192616,2.965037499961909,23.1,1048.5625,18,1476.4140625
1779138614.3828783,4023,1.5796999978192616,2.965125000628177,23.1,1048.5625,18,1476.4140625
1779138614.4171662,4024,1.4109000003372785,2.753287502855528,0.0,1048.5625,18,1476.4140625
1779138614.4171684,4025,1.4109000003372785,2.753487500740448,0.0,1048.5625,18,1476.4140625
1779138614.417169,4026,1.4109000003372785,2.753562501311535,0.0,1048.5625,18,1476.4140625
1779138614.4171696,4027,1.4109000003372785,2.753625001787441,0.0,1048.5625,18,1476.4140625
1779138614.4171703,4028,1.4109000003372785,2.7536750021681655,0.0,1048.5625,18,1476.4140625
1779138614.4171708,4029,1.4109000003372785,2.7537500027392525,0.0,1048.5625,18,1476.4140625
1779138614.4171712,4030,1.4109000003372785,2.7537999994819984,0.0,1048.5625,18,1476.4140625
1779138614.4171717,4031,1.4109000003372785,2.753849999862723,0.0,1048.5625,18,1476.4140625
1779138614.4505405,4032,1.2710625014733523,2.621725001517916,0.0,1046.99609375,18,1476.4140625
1779138614.4505436,4033,1.2710625014733523,2.6219624996883795,0.0,1046.99609375,18,1476.4140625
1779138614.450544,4034,1.2710625014733523,2.6220375002594665,0.0,1046.99609375,18,1476.4140625
1779138614.4505448,4035,1.2710625014733523,2.6221000007353723,0.0,1046.99609375,18,1476.4140625
1779138614.4505453,4036,1.2710625014733523,2.622162501211278,0.0,1046.99609375,18,1476.4140625
1779138614.4505455,4037,1.2710625014733523,2.622225001687184,0.0,1046.99609375,18,1476.4140625
1779138614.4505463,4038,1.2710625014733523,2.6222750020679086,0.0,1046.99609375,18,1476.4140625
1779138614.4505467,4039,1.2710625014733523,2.6223374989058357,0.0,1046.99609375,18,1476.4140625
1779138614.4863083,4040,1.4842749988019932,2.878637500543846,18.2,1046.44140625,18,1476.4140625
1779138614.486311,4041,1.4842749988019932,2.878862498619128,18.2,1046.44140625,18,1476.4140625
1779138614.4863117,4042,1.4842749988019932,2.878937499190215,18.2,1046.44140625,18,1476.4140625
1779138614.4863122,4043,1.4842749988019932,2.879012499761302,18.2,1046.44140625,18,1476.4140625
1779138614.4863126,4044,1.4842749988019932,2.879075000237208,18.2,1046.44140625,18,1476.4140625
1779138614.486313,4045,1.4842749988019932,2.879150000808295,18.2,1046.44140625,18,1476.4140625
1779138614.4863138,4046,1.4842749988019932,2.8792125012842007,18.2,1046.44140625,18,1476.4140625
1779138614.4863143,4047,1.4842749988019932,2.8792624980269466,18.2,1046.44140625,18,1476.4140625
1779138614.526652,4048,1.3766125011898112,2.8593749993888196,0.0,1048.3828125,18,1476.4140625
1779138614.5266552,4049,1.3766125011898112,2.8596125011972617,0.0,1048.3828125,18,1476.4140625
1779138614.526656,4050,1.3766125011898112,2.85970000186353,0.0,1048.3828125,18,1476.4140625
1779138614.5266566,4051,1.3766125011898112,2.8597625023394357,0.0,1048.3828125,18,1476.4140625
1779138614.526657,4052,1.3766125011898112,2.8598249991773628,0.0,1048.3828125,18,1476.4140625
1779138614.5266573,4053,1.3766125011898112,2.8598874996532686,0.0,1048.3828125,18,1476.4140625
1779138614.5266578,4054,1.3766125011898112,2.8599500001291744,0.0,1048.3828125,18,1476.4140625
1779138614.5266585,4055,1.3766125011898112,2.8600250007002614,0.0,1048.3828125,18,1476.4140625
1779138614.569425,4056,1.6578124996158294,3.0653624999104068,14.3,1047.59375,18,1476.4140625
1779138614.569428,4057,1.6578124996158294,3.065574997890508,14.3,1047.59375,18,1476.4140625
1779138614.5694284,4058,1.6578124996158294,3.065649998461595,14.3,1047.59375,18,1476.4140625
1779138614.569429,4059,1.6578124996158294,3.065724999032682,14.3,1047.59375,18,1476.4140625
1779138614.5694294,4060,1.6578124996158294,3.0657874995085876,14.3,1047.59375,18,1476.4140625
1779138614.5694304,4061,1.6578124996158294,3.0658625000796746,14.3,1047.59375,18,1476.4140625
1779138614.569431,4062,1.6578124996158294,3.065962497203145,14.3,1047.59375,18,1476.4140625
1779138614.5694315,4063,1.6578124996158294,3.066024997679051,14.3,1047.59375,18,1476.4140625
1779138614.6234322,4064,1.7459749979025219,3.110749999905238,0.0,1047.6015625,18,1476.4140625
1779138614.623435,4065,1.7459749979025219,3.11097499798052,0.0,1047.6015625,18,1476.4140625
1779138614.6234357,4066,1.7459749979025219,3.1110749987419695,0.0,1047.6015625,18,1476.4140625
1779138614.6234362,4067,1.7459749979025219,3.1111499993130565,0.0,1047.6015625,18,1476.4140625
1779138614.6234372,4068,1.7459749979025219,3.1112249998841435,0.0,1047.6015625,18,1476.4140625
1779138614.6234376,4069,1.7459749979025219,3.1112875003600493,0.0,1047.6015625,18,1476.4140625
1779138614.6234381,4070,1.7459749979025219,3.1113749973883387,0.0,1047.6015625,18,1476.4140625
1779138614.6234386,4071,1.7459749979025219,3.1114374978642445,0.0,1047.6015625,18,1476.4140625
1779138614.6591308,4072,1.3991999985591974,2.8633000001718756,24.0,1047.60546875,18,1476.4140625
1779138614.6591349,4073,1.3991999985591974,2.8635874987230636,24.0,1047.60546875,18,1476.4140625
1779138614.6591358,4074,1.3991999985591974,2.8636624992941506,24.0,1047.60546875,18,1476.4140625
1779138614.6591365,4075,1.3991999985591974,2.863749999960419,24.0,1047.60546875,18,1476.4140625
1779138614.659137,4076,1.3991999985591974,2.863824996893527,24.0,1047.60546875,18,1476.4140625
1779138614.6591375,4077,1.3991999985591974,2.863887497369433,24.0,1047.60546875,18,1476.4140625
1779138614.659138,4078,1.3991999985591974,2.86396249794052,24.0,1047.60546875,18,1476.4140625
1779138614.6591384,4079,1.3991999985591974,2.8640249984164257,24.0,1047.60546875,18,1476.4140625
1779138614.69957,4080,1.5569000024697743,2.8965375022380613,0.0,1047.734375,18,1476.4140625
1779138614.6995726,4081,1.5569000024697743,2.8967500002181623,0.0,1047.734375,18,1476.4140625
1779138614.6995778,4082,1.5569000024697743,2.897400001529604,0.0,1047.734375,18,1476.4140625
1779138614.6995783,4083,1.5569000024697743,2.8975125023862347,0.0,1047.734375,18,1476.4140625
1779138614.6995795,4084,1.5569000024697743,2.897587499319343,0.0,1047.734375,18,1476.4140625
1779138614.69958,4085,1.5569000024697743,2.8976374997000676,0.0,1047.734375,18,1476.4140625
1779138614.6995802,4086,1.5569000024697743,2.8977000001759734,0.0,1047.734375,18,1476.4140625
1779138614.6995807,4087,1.5569000024697743,2.897750000556698,0.0,1047.734375,18,1476.4140625
1779138614.7399373,4088,1.4216624986147508,2.814912499161437,54.5,1047.73828125,18,1476.4140625
1779138614.7399404,4089,1.4216624986147508,2.8151500009698793,54.5,1047.73828125,18,1476.4140625
1779138614.739941,4090,1.4216624986147508,2.815212501445785,54.5,1047.73828125,18,1476.4140625
1779138614.7399414,4091,1.4216624986147508,2.815274998283712,54.5,1047.73828125,18,1476.4140625
1779138614.739942,4092,1.4216624986147508,2.8153624989499804,54.5,1047.73828125,18,1476.4140625
1779138614.7399426,4093,1.4216624986147508,2.815424999425886,54.5,1047.73828125,18,1476.4140625
1779138614.7399433,4094,1.4216624986147508,2.815487499901792,54.5,1047.73828125,18,1476.4140625
1779138614.7399437,4095,1.4216624986147508,2.815550000377698,54.5,1047.73828125,18,1476.4140625
1779138614.7745345,4096,1.4494624992948957,2.8139375026512425,25.0,1047.765625,18,1476.4140625
1779138614.7745368,4097,1.4494624992948957,2.8141375005361624,25.0,1047.765625,18,1476.4140625
1779138614.7745376,4098,1.4494624992948957,2.8142000010120682,25.0,1047.765625,18,1476.4140625
1779138614.774538,4099,1.4494624992948957,2.814262501487974,25.0,1047.765625,18,1476.4140625
1779138614.7745385,4100,1.4494624992948957,2.8143125018686987,25.0,1047.765625,18,1476.4140625
1779138614.7745419,4101,1.4494624992948957,2.8147375014668796,25.0,1047.765625,18,1476.4140625
1779138614.7745423,4102,1.4494624992948957,2.8148000019427855,25.0,1047.765625,18,1476.4140625
1779138614.7745428,4103,1.4494624992948957,2.8148625024186913,25.0,1047.765625,18,1476.4140625
1779138614.8094084,4104,1.4734750002389774,2.8314124974713195,0.0,1048.03125,13,1476.4140625
1779138614.809411,4105,1.4734750002389774,2.8316249990893994,0.0,1048.03125,13,1476.4140625
1779138614.8094118,4106,1.4734750002389774,2.8316999996604864,0.0,1048.03125,13,1476.4140625
1779138614.8094122,4107,1.4734750002389774,2.8317750002315734,0.0,1048.03125,13,1476.4140625
1779138614.8094132,4108,1.4734750002389774,2.831874997355044,0.0,1048.03125,13,1476.4140625
1779138614.809414,4109,1.4734750002389774,2.831962498021312,0.0,1048.03125,13,1476.4140625
1779138614.8094149,4110,1.4734750002389774,2.8320749988779426,0.0,1048.03125,13,1476.4140625
1779138614.8094153,4111,1.4734750002389774,2.8321499994490296,0.0,1048.03125,13,1476.4140625
1779138614.8489828,4112,1.5623500003130175,2.883637498598546,55.6,1048.1015625,13,1476.4140625
1779138614.8489854,4113,1.5623500003130175,2.8838500002166256,55.6,1048.1015625,13,1476.4140625
1779138614.8489861,4114,1.5623500003130175,2.8839125006925315,55.6,1048.1015625,13,1476.4140625
1779138614.8489864,4115,1.5623500003130175,2.8839875012636185,55.6,1048.1015625,13,1476.4140625
1779138614.8489869,4116,1.5623500003130175,2.8840625018347055,55.6,1048.1015625,13,1476.4140625
1779138614.8489876,4117,1.5623500003130175,2.8841249986726325,55.6,1048.1015625,13,1476.4140625
1779138614.8489878,4118,1.5623500003130175,2.884174999053357,55.6,1048.1015625,13,1476.4140625
1779138614.8489885,4119,1.5623500003130175,2.884224999434082,55.6,1048.1015625,13,1476.4140625
1779138614.8847494,4120,1.4561249990947545,2.8442125003493857,0.0,1048.3125,13,1476.4140625
1779138614.8847535,4121,1.4561249990947545,2.8446500000427477,0.0,1048.3125,13,1476.4140625
1779138614.8847542,4122,1.4561249990947545,2.8447125005186535,0.0,1048.3125,13,1476.4140625
1779138614.8847547,4123,1.4561249990947545,2.8447750009945594,0.0,1048.3125,13,1476.4140625
1779138614.8847551,4124,1.4561249990947545,2.8448500015656464,0.0,1048.3125,13,1476.4140625
1779138614.8847625,4125,1.4561249990947545,2.845762501237914,0.0,1048.3125,13,1476.4140625
1779138614.8847632,4126,1.4561249990947545,2.845837498171022,0.0,1048.3125,13,1476.4140625
1779138614.8847637,4127,1.4561249990947545,2.845899998646928,0.0,1048.3125,13,1476.4140625
1779138614.9210284,4128,1.3012749986955896,2.6709749981819186,42.9,1048.32421875,13,1476.4140625
1779138614.921031,4129,1.3012749986955896,2.671162499609636,42.9,1048.32421875,13,1476.4140625
1779138614.9210315,4130,1.3012749986955896,2.6712374965427443,42.9,1048.32421875,13,1476.4140625
1779138614.921032,4131,1.3012749986955896,2.67129999701865,42.9,1048.32421875,13,1476.4140625
1779138614.9210324,4132,1.3012749986955896,2.671374997589737,42.9,1048.32421875,13,1476.4140625
1779138614.9210331,4133,1.3012749986955896,2.6714624982560053,42.9,1048.32421875,13,1476.4140625
1779138614.9210336,4134,1.3012749986955896,2.671524998731911,42.9,1048.32421875,13,1476.4140625
1779138614.9210343,4135,1.3012749986955896,2.671574999112636,42.9,1048.32421875,13,1476.4140625
1779138614.9569733,4136,1.5008374975877814,2.8394875007506926,41.7,1048.32421875,13,1476.4140625
1779138614.9569764,4137,1.5008374975877814,2.8396999987307936,41.7,1048.32421875,13,1476.4140625
1779138614.9569771,4138,1.5008374975877814,2.8397749993018806,41.7,1048.32421875,13,1476.4140625
1779138614.9569776,4139,1.5008374975877814,2.83987500006333,41.7,1048.32421875,13,1476.4140625
1779138614.956982,4140,1.5008374975877814,2.84040000042296,41.7,1048.32421875,13,1476.4140625
1779138614.9569829,4141,1.5008374975877814,2.8404749973560683,41.7,1048.32421875,13,1476.4140625
1779138614.9569833,4142,1.5008374975877814,2.840537497831974,41.7,1048.32421875,13,1476.4140625
1779138614.9569838,4143,1.5008374975877814,2.84059999830788,41.7,1048.32421875,13,1476.4140625
1779138614.9917815,4144,1.4504874998237938,2.7938125022046734,14.3,1048.33203125,13,1476.4140625
1779138614.9917839,4145,1.4504874998237938,2.7940250001847744,14.3,1048.33203125,13,1476.4140625
1779138614.9917843,4146,1.4504874998237938,2.7941000007558614,14.3,1048.33203125,13,1476.4140625
1779138614.991785,4147,1.4504874998237938,2.7941625012317672,14.3,1048.33203125,13,1476.4140625
1779138614.9917855,4148,1.4504874998237938,2.7942375018028542,14.3,1048.33203125,13,1476.4140625
1779138614.991786,4149,1.4504874998237938,2.794287502183579,14.3,1048.33203125,13,1476.4140625
1779138614.9917865,4150,1.4504874998237938,2.7943500026594847,14.3,1048.33203125,13,1476.4140625
1779138614.991787,4151,1.4504874998237938,2.7944000030402094,14.3,1048.33203125,13,1476.4140625
1779138615.0271862,4152,1.4231624991225544,2.7582375005295034,0.0,1048.3359375,13,1476.4140625
1779138615.0271888,4153,1.4231624991225544,2.7584499985096045,0.0,1048.3359375,13,1476.4140625
1779138615.0271895,4154,1.4231624991225544,2.7585124989855103,0.0,1048.3359375,13,1476.4140625
1779138615.02719,4155,1.4231624991225544,2.758574999461416,0.0,1048.3359375,13,1476.4140625
1779138615.0271902,4156,1.4231624991225544,2.758650000032503,0.0,1048.3359375,13,1476.4140625
1779138615.027191,4157,1.4231624991225544,2.7587375006987713,0.0,1048.3359375,13,1476.4140625
1779138615.0271919,4158,1.4231624991225544,2.758800001174677,0.0,1048.3359375,13,1476.4140625
1779138615.0271924,4159,1.4231624991225544,2.758862498012604,0.0,1048.3359375,13,1476.4140625
1779138615.0613656,4160,1.2315124986344017,2.5797749985940754,27.3,1048.33984375,13,1476.4140625
1779138615.061368,4161,1.2315124986344017,2.5799875002121553,27.3,1048.33984375,13,1476.4140625
1779138615.0613685,4162,1.2315124986344017,2.5800625007832423,27.3,1048.33984375,13,1476.4140625
1779138615.0613694,4163,1.2315124986344017,2.5801500014495105,27.3,1048.33984375,13,1476.4140625
1779138615.06137,4164,1.2315124986344017,2.5802124982874375,27.3,1048.33984375,13,1476.4140625
1779138615.0613704,4165,1.2315124986344017,2.5802999989537057,27.3,1048.33984375,13,1476.4140625
1779138615.0613708,4166,1.2315124986344017,2.5803499993344303,27.3,1048.33984375,13,1476.4140625
1779138615.0613713,4167,1.2315124986344017,2.580399999715155,27.3,1048.33984375,13,1476.4140625
1779138615.0974097,4168,1.5378874995803926,2.9022124981565867,8.3,1048.4140625,13,1476.4140625
1779138615.0974126,4169,1.5378874995803926,2.9024374998698477,8.3,1048.4140625,13,1476.4140625
1779138615.097413,4170,1.5378874995803926,2.902512496802956,8.3,1048.4140625,13,1476.4140625
1779138615.0974135,4171,1.5378874995803926,2.9025749972788617,8.3,1048.4140625,13,1476.4140625
1779138615.0974143,4172,1.5378874995803926,2.9026249976595864,8.3,1048.4140625,13,1476.4140625
1779138615.0974145,4173,1.5378874995803926,2.902687498135492,8.3,1048.4140625,13,1476.4140625
1779138615.0974152,4174,1.5378874995803926,2.902762498706579,8.3,1048.4140625,13,1476.4140625
1779138615.0974157,4175,1.5378874995803926,2.902824999182485,8.3,1048.4140625,13,1476.4140625
1779138615.1331222,4176,1.5986250000423752,2.9608499971800484,5.3,1048.4140625,13,1476.4140625
1779138615.133125,4177,1.5986250000423752,2.961062498798128,5.3,1048.4140625,13,1476.4140625
1779138615.1331253,4178,1.5986250000423752,2.961124999274034,5.3,1048.4140625,13,1476.4140625
1779138615.13313,4179,1.5986250000423752,2.9616874999192078,5.3,1048.4140625,13,1476.4140625
1779138615.1331306,4180,1.5986250000423752,2.9617500003951136,5.3,1048.4140625,13,1476.4140625
1779138615.133131,4181,1.5986250000423752,2.961824997328222,5.3,1048.4140625,13,1476.4140625
1779138615.1331315,4182,1.5986250000423752,2.9618749977089465,5.3,1048.4140625,13,1476.4140625
1779138615.133132,4183,1.5986250000423752,2.9619499982800335,5.3,1048.4140625,13,1476.4140625
1779138615.1683037,4184,1.395262501318939,2.766325000266079,0.0,1048.43359375,13,1476.4140625
1779138615.168306,4185,1.395262501318939,2.76653749824618,0.0,1048.43359375,13,1476.4140625
1779138615.1683068,4186,1.395262501318939,2.766612498817267,0.0,1048.43359375,13,1476.4140625
1779138615.1683075,4187,1.395262501318939,2.7666749992931727,0.0,1048.43359375,13,1476.4140625
1779138615.168308,4188,1.395262501318939,2.7667374997690786,0.0,1048.43359375,13,1476.4140625
1779138615.1683085,4189,1.395262501318939,2.7668000002449844,0.0,1048.43359375,13,1476.4140625
1779138615.168309,4190,1.395262501318939,2.7668625007208902,0.0,1048.43359375,13,1476.4140625
1779138615.1683092,4191,1.395262501318939,2.766912501101615,0.0,1048.43359375,13,1476.4140625
1779138615.2059767,4192,1.6061249989434145,2.985812498081941,11.1,1048.44140625,13,1476.4140625
1779138615.2059793,4193,1.6061249989434145,2.9860499998903833,11.1,1048.44140625,13,1476.4140625
1779138615.20598,4194,1.6061249989434145,2.9861250004614703,11.1,1048.44140625,13,1476.4140625
1779138615.205981,4195,1.6061249989434145,2.9862250012229197,11.1,1048.44140625,13,1476.4140625
1779138615.2059815,4196,1.6061249989434145,2.9862874980608467,11.1,1048.44140625,13,1476.4140625
1779138615.205982,4197,1.6061249989434145,2.9863624986319337,11.1,1048.44140625,13,1476.4140625
1779138615.2059824,4198,1.6061249989434145,2.9864124990126584,11.1,1048.44140625,13,1476.4140625
1779138615.2059872,4199,1.6061249989434145,2.9870124999433756,11.1,1048.44140625,13,1476.4140625
1779138615.2515488,4200,1.9815625018964056,3.4069374996761326,60.0,1048.453125,13,1476.4140625
1779138615.2515516,4201,1.9815625018964056,3.4071500012942124,60.0,1048.453125,13,1476.4140625
1779138615.2515523,4202,1.9815625018964056,3.4072250018652994,60.0,1048.453125,13,1476.4140625
1779138615.251553,4203,1.9815625018964056,3.4072999987984076,60.0,1048.453125,13,1476.4140625
1779138615.2515533,4204,1.9815625018964056,3.4073624992743134,60.0,1048.453125,13,1476.4140625
1779138615.2515538,4205,1.9815625018964056,3.407412499655038,60.0,1048.453125,13,1476.4140625
1779138615.2515543,4206,1.9815625018964056,3.407487500226125,60.0,1048.453125,13,1476.4140625
1779138615.2515547,4207,1.9815625018964056,3.407550000702031,60.0,1048.453125,13,1476.4140625
1779138615.3003283,4208,1.8568125015008263,3.25023749974207,40.0,1048.453125,14,1476.4140625
1779138615.300331,4209,1.8568125015008263,3.250462501455331,40.0,1048.453125,14,1476.4140625
1779138615.3003316,4210,1.8568125015008263,3.2505374983884394,40.0,1048.453125,14,1476.4140625
1779138615.300332,4211,1.8568125015008263,3.2506124989595264,40.0,1048.453125,14,1476.4140625
1779138615.3003328,4212,1.8568125015008263,3.2506749994354323,40.0,1048.453125,14,1476.4140625
1779138615.3003333,4213,1.8568125015008263,3.2507500000065193,40.0,1048.453125,14,1476.4140625
1779138615.3003337,4214,1.8568125015008263,3.250812500482425,40.0,1048.453125,14,1476.4140625
1779138615.3003345,4215,1.8568125015008263,3.250875000958331,40.0,1048.453125,14,1476.4140625
1779138615.3372567,4216,1.433512497897027,2.8270499969949014,50.0,1048.45703125,14,1476.4140625
1779138615.3372593,4217,1.433512497897027,2.8272624986129813,50.0,1048.45703125,14,1476.4140625
1779138615.3372638,4218,1.433512497897027,2.827812499162974,50.0,1048.45703125,14,1476.4140625
1779138615.3372643,4219,1.433512497897027,2.827887499734061,50.0,1048.45703125,14,1476.4140625
1779138615.337265,4220,1.433512497897027,2.827962496667169,50.0,1048.45703125,14,1476.4140625
1779138615.3372657,4221,1.433512497897027,2.828024997143075,50.0,1048.45703125,14,1476.4140625
1779138615.3372662,4222,1.433512497897027,2.828099997714162,50.0,1048.45703125,14,1476.4140625
1779138615.3372667,4223,1.433512497897027,2.8281624981900677,50.0,1048.45703125,14,1476.4140625
1779138615.3750122,4224,1.6080624991445802,2.961474998301128,9.1,1048.4609375,14,1476.4140625
1779138615.375015,4225,1.6080624991445802,2.9616874999192078,9.1,1048.4609375,14,1476.4140625
1779138615.3750155,4226,1.6080624991445802,2.9617625004902948,9.1,1048.4609375,14,1476.4140625
1779138615.3750162,4227,1.6080624991445802,2.9618250009662006,9.1,1048.4609375,14,1476.4140625
1779138615.3750165,4228,1.6080624991445802,2.961899997899309,9.1,1048.4609375,14,1476.4140625
1779138615.375017,4229,1.6080624991445802,2.9619499982800335,9.1,1048.4609375,14,1476.4140625
1779138615.3750174,4230,1.6080624991445802,2.9620124987559393,9.1,1048.4609375,14,1476.4140625
1779138615.375018,4231,1.6080624991445802,2.962074999231845,9.1,1048.4609375,14,1476.4140625
1779138615.4137797,4232,1.3340999976207968,2.7058124978793785,15.4,1048.46484375,14,1476.4140625
1779138615.4137828,4233,1.3340999976207968,2.7060249994974583,15.4,1048.46484375,14,1476.4140625
1779138615.4137836,4234,1.3340999976207968,2.7061000000685453,15.4,1048.46484375,14,1476.4140625
1779138615.4137838,4235,1.3340999976207968,2.706162500544451,15.4,1048.46484375,14,1476.4140625
1779138615.4137845,4236,1.3340999976207968,2.706237501115538,15.4,1048.46484375,14,1476.4140625
1779138615.413785,4237,1.3340999976207968,2.706299997953465,15.4,1048.46484375,14,1476.4140625
1779138615.4137902,4238,1.3340999976207968,2.706937499169726,15.4,1048.46484375,14,1476.4140625
1779138615.4137907,4239,1.3340999976207968,2.707012499740813,15.4,1048.46484375,14,1476.4140625
1779138615.4527004,4240,1.4048874982108828,2.7657874998112675,33.3,1048.47265625,14,1476.4140625
1779138615.452703,4241,1.4048874982108828,2.7659999977913685,33.3,1048.47265625,14,1476.4140625
1779138615.4527037,4242,1.4048874982108828,2.7660624982672743,33.3,1048.47265625,14,1476.4140625
1779138615.4527042,4243,1.4048874982108828,2.7661374988383614,33.3,1048.47265625,14,1476.4140625
1779138615.4527047,4244,1.4048874982108828,2.766187499219086,33.3,1048.47265625,14,1476.4140625
1779138615.4527054,4245,1.4048874982108828,2.766262499790173,33.3,1048.47265625,14,1476.4140625
1779138615.4527059,4246,1.4048874982108828,2.7663249966281,33.3,1048.47265625,14,1476.4140625
1779138615.4527063,4247,1.4048874982108828,2.766387497104006,33.3,1048.47265625,14,1476.4140625
1779138615.494383,4248,1.8823999998858199,3.2559374994889367,0.0,1048.47265625,14,1476.4140625
1779138615.4943857,4249,1.8823999998858199,3.2561375010118354,0.0,1048.47265625,14,1476.4140625
1779138615.4943862,4250,1.8823999998858199,3.2562125015829224,0.0,1048.47265625,14,1476.4140625
1779138615.4943867,4251,1.8823999998858199,3.2562874985160306,0.0,1048.47265625,14,1476.4140625
1779138615.4943874,4252,1.8823999998858199,3.2563499989919364,0.0,1048.47265625,14,1476.4140625
1779138615.4943879,4253,1.8823999998858199,3.256399999372661,0.0,1048.47265625,14,1476.4140625
1779138615.4943886,4254,1.8823999998858199,3.256462499848567,0.0,1048.47265625,14,1476.4140625
1779138615.4943888,4255,1.8823999998858199,3.256525000324473,0.0,1048.47265625,14,1476.4140625
1779138615.5372093,4256,1.6731249997974373,3.0262000000220723,35.7,1048.4765625,14,1476.4140625
1779138615.537212,4257,1.6731249997974373,3.026400001544971,35.7,1048.4765625,14,1476.4140625
1779138615.5372126,4258,1.6731249997974373,3.026487502211239,35.7,1048.4765625,14,1476.4140625
1779138615.537213,4259,1.6731249997974373,3.026537502591964,35.7,1048.4765625,14,1476.4140625
1779138615.5372138,4260,1.6731249997974373,3.026624999620253,35.7,1048.4765625,14,1476.4140625
1779138615.5372143,4261,1.6731249997974373,3.0267000001913402,35.7,1048.4765625,14,1476.4140625
1779138615.5372148,4262,1.6731249997974373,3.026762500667246,35.7,1048.4765625,14,1476.4140625
1779138615.5372152,4263,1.6731249997974373,3.0268125010479707,35.7,1048.4765625,14,1476.4140625
1779138615.5745752,4264,1.6364000002795365,3.0797375002293848,0.0,1048.4765625,14,1476.4140625
1779138615.5745795,4265,1.6364000002795365,3.0800874992564786,0.0,1048.4765625,14,1476.4140625
1779138615.5745804,4266,1.6364000002795365,3.0802125002082903,0.0,1048.4765625,14,1476.4140625
1779138615.5745816,4267,1.6364000002795365,3.080337501160102,0.0,1048.4765625,14,1476.4140625
1779138615.5745823,4268,1.6364000002795365,3.0804375019215513,0.0,1048.4765625,14,1476.4140625
1779138615.574583,4269,1.6364000002795365,3.0805249989498407,0.0,1048.4765625,14,1476.4140625
1779138615.5745838,4270,1.6364000002795365,3.080612499616109,0.0,1048.4765625,14,1476.4140625
1779138615.5745845,4271,1.6364000002795365,3.0807375005679205,0.0,1048.4765625,14,1476.4140625
1779138615.6149902,4272,1.3918000004196074,2.834949998941738,53.3,1048.48046875,14,1476.4140625
1779138615.614993,4273,1.3918000004196074,2.835162500559818,53.3,1048.48046875,14,1476.4140625
1779138615.6149936,4274,1.3918000004196074,2.835225001035724,53.3,1048.48046875,14,1476.4140625
1779138615.6149943,4275,1.3918000004196074,2.835300001606811,53.3,1048.48046875,14,1476.4140625
1779138615.6149948,4276,1.3918000004196074,2.835362498444738,53.3,1048.48046875,14,1476.4140625
1779138615.6149986,4277,1.3918000004196074,2.8358374984236434,53.3,1048.48046875,14,1476.4140625
1779138615.614999,4278,1.3918000004196074,2.8358999988995492,53.3,1048.48046875,14,1476.4140625
1779138615.6149998,4279,1.3918000004196074,2.8359749994706362,53.3,1048.48046875,14,1476.4140625
1779138615.6547036,4280,1.3842624975950457,2.7311499979987275,0.0,1048.484375,14,1476.4140625
1779138615.6547065,4281,1.3842624975950457,2.7313624996168073,0.0,1048.484375,14,1476.4140625
1779138615.6547072,4282,1.3842624975950457,2.7314374965499155,0.0,1048.484375,14,1476.4140625
1779138615.6547077,4283,1.3842624975950457,2.731537497311365,0.0,1048.484375,14,1476.4140625
1779138615.6547081,4284,1.3842624975950457,2.7315999977872707,0.0,1048.484375,14,1476.4140625
1779138615.654709,4285,1.3842624975950457,2.7316749983583577,0.0,1048.484375,14,1476.4140625
1779138615.6547093,4286,1.3842624975950457,2.7317249987390824,0.0,1048.484375,14,1476.4140625
1779138615.6547098,4287,1.3842624975950457,2.731787499214988,0.0,1048.484375,14,1476.4140625
1779138615.6931286,4288,1.701500001217937,3.0759500004933216,66.7,1048.62890625,14,1476.4140625
1779138615.6931314,4289,1.701500001217937,3.0761624984734226,66.7,1048.62890625,14,1476.4140625
1779138615.6931324,4290,1.701500001217937,3.0762499991396908,66.7,1048.62890625,14,1476.4140625
1779138615.6931329,4291,1.701500001217937,3.0763249997107778,66.7,1048.62890625,14,1476.4140625
1779138615.6931336,4292,1.701500001217937,3.0764000002818648,66.7,1048.62890625,14,1476.4140625
1779138615.693134,4293,1.701500001217937,3.0764625007577706,66.7,1048.62890625,14,1476.4140625
1779138615.6931345,4294,1.701500001217937,3.0765375013288576,66.7,1048.62890625,14,1476.4140625
1779138615.693135,4295,1.701500001217937,3.0765874980716035,66.7,1048.62890625,14,1476.4140625
1779138615.731091,4296,1.3563249995058868,2.80544999986887,0.0,1048.7109375,14,1476.4140625
1779138615.7310965,4297,1.3563249995058868,2.805949996400159,0.0,1048.7109375,14,1476.4140625
1779138615.7310984,4298,1.3563249995058868,2.8061624980182387,0.0,1048.7109375,14,1476.4140625
1779138615.7310996,4299,1.3563249995058868,2.8063624995411374,0.0,1048.7109375,14,1476.4140625
1779138615.7311013,4300,1.3563249995058868,2.806549997330876,0.0,1048.7109375,14,1476.4140625
1779138615.7311027,4301,1.3563249995058868,2.8067249986634124,0.0,1048.7109375,14,1476.4140625
1779138615.731104,4302,1.3563249995058868,2.8068874999007676,0.0,1048.7109375,14,1476.4140625
1779138615.7311053,4303,1.3563249995058868,2.807037497404963,0.0,1048.7109375,14,1476.4140625
1779138615.7667947,4304,1.2922000023536384,2.715162499953294,46.2,1048.71484375,14,1476.4140625
1779138615.7667973,4305,1.2922000023536384,2.715375001571374,46.2,1048.71484375,14,1476.4140625
1779138615.766798,4306,1.2922000023536384,2.71543750204728,46.2,1048.71484375,14,1476.4140625
1779138615.7667985,4307,1.2922000023536384,2.7155000025231857,46.2,1048.71484375,14,1476.4140625
1779138615.7667992,4308,1.2922000023536384,2.715587503189454,46.2,1048.71484375,14,1476.4140625
1779138615.7667997,4309,1.2922000023536384,2.715662500122562,46.2,1048.71484375,14,1476.4140625
1779138615.7668002,4310,1.2922000023536384,2.7157125005032867,46.2,1048.71484375,14,1476.4140625
1779138615.7668006,4311,1.2922000023536384,2.7157750009791926,46.2,1048.71484375,14,1476.4140625
1779138615.8007317,4312,1.283962501474889,2.625562501634704,27.3,1048.71484375,18,1476.4140625
1779138615.8007343,4313,1.283962501474889,2.625774999614805,27.3,1048.71484375,18,1476.4140625
1779138615.8007348,4314,1.283962501474889,2.625850000185892,27.3,1048.71484375,18,1476.4140625
1779138615.8007355,4315,1.283962501474889,2.625925000756979,27.3,1048.71484375,18,1476.4140625
1779138615.8007395,4316,1.283962501474889,2.6264625012117904,27.3,1048.71484375,18,1476.4140625
1779138615.80074,4317,1.283962501474889,2.626525001687696,27.3,1048.71484375,18,1476.4140625
1779138615.800741,4318,1.283962501474889,2.6265999986208044,27.3,1048.71484375,18,1476.4140625
1779138615.8007414,4319,1.283962501474889,2.626649999001529,27.3,1048.71484375,18,1476.4140625
1779138615.8361971,4320,1.3403875018411782,2.7741250014514662,23.1,1048.71875,18,1476.4140625
1779138615.8361995,4321,1.3403875018411782,2.774324999336386,23.1,1048.71875,18,1476.4140625
1779138615.8362002,4322,1.3403875018411782,2.774387499812292,23.1,1048.71875,18,1476.4140625
1779138615.8362007,4323,1.3403875018411782,2.774462500383379,23.1,1048.71875,18,1476.4140625
1779138615.8362012,4324,1.3403875018411782,2.774550001049647,23.1,1048.71875,18,1476.4140625
1779138615.8362017,4325,1.3403875018411782,2.774612501525553,23.1,1048.71875,18,1476.4140625
1779138615.8362021,4326,1.3403875018411782,2.774675002001459,23.1,1048.71875,18,1476.4140625
1779138615.8362029,4327,1.3403875018411782,2.7747249987442046,23.1,1048.71875,18,1476.4140625
1779138615.873984,4328,1.4558250004483853,2.8326374995231163,50.0,1048.72265625,18,1476.4140625
1779138615.8739867,4329,1.4558250004483853,2.832837501046015,50.0,1048.72265625,18,1476.4140625
1779138615.8739874,4330,1.4558250004483853,2.832900001521921,50.0,1048.72265625,18,1476.4140625
1779138615.873988,4331,1.4558250004483853,2.832975002093008,50.0,1048.72265625,18,1476.4140625
1779138615.8739884,4332,1.4558250004483853,2.833037498930935,50.0,1048.72265625,18,1476.4140625
1779138615.8739889,4333,1.4558250004483853,2.8330999994068407,50.0,1048.72265625,18,1476.4140625
1779138615.8739893,4334,1.4558250004483853,2.8331499997875653,50.0,1048.72265625,18,1476.4140625
1779138615.8739924,4335,1.4558250004483853,2.833549999195384,50.0,1048.72265625,18,1476.4140625
1779138615.91108,4336,1.540825000120094,2.943700001196703,15.4,1048.7265625,18,1476.4140625
1779138615.9110825,4337,1.540825000120094,2.9438874989864416,15.4,1048.7265625,18,1476.4140625
1779138615.911083,4338,1.540825000120094,2.94397499965271,15.4,1048.7265625,18,1476.4140625
1779138615.9110837,4339,1.540825000120094,2.944050000223797,15.4,1048.7265625,18,1476.4140625
1779138615.9110842,4340,1.540825000120094,2.9441000006045215,15.4,1048.7265625,18,1476.4140625
1779138615.911085,4341,1.540825000120094,2.9441875012707897,15.4,1048.7265625,18,1476.4140625
1779138615.9110856,4342,1.540825000120094,2.9442500017466955,15.4,1048.7265625,18,1476.4140625
1779138615.9110858,4343,1.540825000120094,2.9443125022226013,15.4,1048.7265625,18,1476.4140625
1779138615.9445293,4344,1.3254000004963018,2.65576249876176,13.3,1048.7265625,18,1476.4140625
1779138615.9445317,4345,1.3254000004963018,2.65597500037984,13.3,1048.7265625,18,1476.4140625
1779138615.9445324,4346,1.3254000004963018,2.656050000950927,13.3,1048.7265625,18,1476.4140625
1779138615.944533,4347,1.3254000004963018,2.6561125014268328,13.3,1048.7265625,18,1476.4140625
1779138615.9445336,4348,1.3254000004963018,2.6561875019979198,13.3,1048.7265625,18,1476.4140625
1779138615.944534,4349,1.3254000004963018,2.656249998835847,13.3,1048.7265625,18,1476.4140625
1779138615.9445345,4350,1.3254000004963018,2.6563124993117526,13.3,1048.7265625,18,1476.4140625
1779138615.944535,4351,1.3254000004963018,2.6563749997876585,13.3,1048.7265625,18,1476.4140625
1779138615.982155,4352,1.5668000014557038,2.9504874983103946,0.0,1048.7265625,18,1476.4140625
1779138615.9821575,4353,1.5668000014557038,2.9506999999284744,0.0,1048.7265625,18,1476.4140625
1779138615.9821582,4354,1.5668000014557038,2.9507750004995614,0.0,1048.7265625,18,1476.4140625
1779138615.9821622,4355,1.5668000014557038,2.9512875007640105,0.0,1048.7265625,18,1476.4140625
1779138615.982163,4356,1.5668000014557038,2.9513750014302786,0.0,1048.7265625,18,1476.4140625
1779138615.9821637,4357,1.5668000014557038,2.951449998363387,0.0,1048.7265625,18,1476.4140625
1779138615.9821641,4358,1.5668000014557038,2.951524998934474,0.0,1048.7265625,18,1476.4140625
1779138615.9821646,4359,1.5668000014557038,2.9515874994103797,0.0,1048.7265625,18,1476.4140625
1779138616.018255,4360,1.5690375003032386,2.9631124998559244,28.6,1048.73828125,18,1476.4140625
1779138616.0182576,4361,1.5690375003032386,2.9633250014740042,28.6,1048.73828125,18,1476.4140625
1779138616.018258,4362,1.5690375003032386,2.9634000020450912,28.6,1048.73828125,18,1476.4140625
1779138616.0182586,4363,1.5690375003032386,2.963462502520997,28.6,1048.73828125,18,1476.4140625
1779138616.0182593,4364,1.5690375003032386,2.963525002996903,28.6,1048.73828125,18,1476.4140625
1779138616.0182598,4365,1.5690375003032386,2.96358749983483,28.6,1048.73828125,18,1476.4140625
1779138616.0182602,4366,1.5690375003032386,2.9636500003107358,28.6,1048.73828125,18,1476.4140625
1779138616.0182605,4367,1.5690375003032386,2.9637000006914604,28.6,1048.73828125,18,1476.4140625
1779138616.0530603,4368,1.3042125028732698,2.7009000004909467,30.0,1048.73828125,18,1476.4140625
1779138616.053063,4369,1.3042125028732698,2.7011250022042077,30.0,1048.73828125,18,1476.4140625
1779138616.0530636,4370,1.3042125028732698,2.7012000027752947,30.0,1048.73828125,18,1476.4140625
1779138616.053064,4371,1.3042125028732698,2.7012500031560194,30.0,1048.73828125,18,1476.4140625
1779138616.0530643,4372,1.3042125028732698,2.7013250000891276,30.0,1048.73828125,18,1476.4140625
1779138616.0530653,4373,1.3042125028732698,2.7013875005650334,30.0,1048.73828125,18,1476.4140625
1779138616.0530689,4374,1.3042125028732698,2.701862500543939,30.0,1048.73828125,18,1476.4140625
1779138616.0530694,4375,1.3042125028732698,2.701925001019845,30.0,1048.73828125,18,1476.4140625
1779138616.0896468,4376,1.4717374979227316,2.831962498021312,0.0,1048.7421875,18,1476.4140625
1779138616.0896497,4377,1.4717374979227316,2.832187499734573,0.0,1048.7421875,18,1476.4140625
1779138616.0896502,4378,1.4717374979227316,2.8322624966676813,0.0,1048.7421875,18,1476.4140625
1779138616.0896506,4379,1.4717374979227316,2.832324997143587,0.0,1048.7421875,18,1476.4140625
1779138616.089651,4380,1.4717374979227316,2.8324124978098553,0.0,1048.7421875,18,1476.4140625
1779138616.089652,4381,1.4717374979227316,2.8324874983809423,0.0,1048.7421875,18,1476.4140625
1779138616.0896525,4382,1.4717374979227316,2.832549998856848,0.0,1048.7421875,18,1476.4140625
1779138616.089653,4383,1.4717374979227316,2.8325999992375728,0.0,1048.7421875,18,1476.4140625
1779138616.1247616,4384,1.4286250006989576,2.7831250008603092,7.1,1048.74609375,18,1476.4140625
1779138616.124764,4385,1.4286250006989576,2.7833125022880267,7.1,1048.74609375,18,1476.4140625
1779138616.1247647,4386,1.4286250006989576,2.7833749991259538,7.1,1048.74609375,18,1476.4140625
1779138616.1247652,4387,1.4286250006989576,2.7834499996970408,7.1,1048.74609375,18,1476.4140625
1779138616.1247656,4388,1.4286250006989576,2.7835250002681278,7.1,1048.74609375,18,1476.4140625
1779138616.124766,4389,1.4286250006989576,2.7835875007440336,7.1,1048.74609375,18,1476.4140625
1779138616.1247668,4390,1.4286250006989576,2.7836500012199394,7.1,1048.74609375,18,1476.4140625
1779138616.1247673,4391,1.4286250006989576,2.7837125016958453,7.1,1048.74609375,18,1476.4140625
1779138616.1603806,4392,1.5224624985421542,2.872337499866262,25.0,1048.74609375,18,1476.4140625
1779138616.1603832,4393,1.5224624985421542,2.872537497751182,25.0,1048.74609375,18,1476.4140625
1779138616.1603887,4394,1.5224624985421542,2.873187499062624,25.0,1048.74609375,18,1476.4140625
1779138616.1603892,4395,1.5224624985421542,2.873262499633711,25.0,1048.74609375,18,1476.4140625
1779138616.1603897,4396,1.5224624985421542,2.8733250001096167,25.0,1048.74609375,18,1476.4140625
1779138616.16039,4397,1.5224624985421542,2.8733750004903413,25.0,1048.74609375,18,1476.4140625
1779138616.1603904,4398,1.5224624985421542,2.873425000871066,25.0,1048.74609375,18,1476.4140625
1779138616.1603909,4399,1.5224624985421542,2.873474997613812,25.0,1048.74609375,18,1476.4140625
1779138616.1999753,4400,1.8536375027906615,3.285075003077509,0.0,1048.75,18,1476.4140625
1779138616.1999779,4401,1.8536375027906615,3.2853250013431534,0.0,1048.75,18,1476.4140625
1779138616.1999788,4402,1.8536375027906615,3.2853875018190593,0.0,1048.75,18,1476.4140625
1779138616.1999795,4403,1.8536375027906615,3.2854625023901463,0.0,1048.75,18,1476.4140625
1779138616.1999798,4404,1.8536375027906615,3.285525002866052,0.0,1048.75,18,1476.4140625
1779138616.1999803,4405,1.8536375027906615,3.2856124998943415,0.0,1048.75,18,1476.4140625
1779138616.199981,4406,1.8536375027906615,3.2856875004654285,0.0,1048.75,18,1476.4140625
1779138616.1999815,4407,1.8536375027906615,3.2857500009413343,0.0,1048.75,18,1476.4140625
1779138616.2385552,4408,1.6446749978058506,3.0548124996130355,50.0,1048.75,18,1476.4140625
1779138616.2385576,4409,1.6446749978058506,3.0550124974979553,50.0,1048.75,18,1476.4140625
1779138616.2385585,4410,1.6446749978058506,3.055074997973861,50.0,1048.75,18,1476.4140625
1779138616.238559,4411,1.6446749978058506,3.0551624986401293,50.0,1048.75,18,1476.4140625
1779138616.2385597,4412,1.6446749978058506,3.0552374992112163,50.0,1048.75,18,1476.4140625
1779138616.2385643,4413,1.6446749978058506,3.0558250000467524,50.0,1048.75,18,1476.4140625
1779138616.2385652,4414,1.6446749978058506,3.0559000006178394,50.0,1048.75,18,1476.4140625
1779138616.2385654,4415,1.6446749978058506,3.0559624974557664,50.0,1048.75,18,1476.4140625
1779138616.2728517,4416,1.3067249965388328,2.673899998626439,27.3,1048.7578125,18,1476.4140625
1779138616.272854,4417,1.3067249965388328,2.67411249660654,27.3,1048.7578125,18,1476.4140625
1779138616.2728546,4418,1.3067249965388328,2.674187497177627,27.3,1048.7578125,18,1476.4140625
1779138616.2728553,4419,1.3067249965388328,2.6742499976535328,27.3,1048.7578125,18,1476.4140625
1779138616.2728555,4420,1.3067249965388328,2.6742999980342574,27.3,1048.7578125,18,1476.4140625
1779138616.272856,4421,1.3067249965388328,2.6743624985101633,27.3,1048.7578125,18,1476.4140625
1779138616.2728562,4422,1.3067249965388328,2.674412498890888,27.3,1048.7578125,18,1476.4140625
1779138616.272857,4423,1.3067249965388328,2.674474999366794,27.3,1048.7578125,18,1476.4140625
1779138616.308613,4424,1.2734625015582424,2.61946249884204,0.0,1048.76171875,15,1476.4140625
1779138616.3086157,4425,1.2734625015582424,2.6196625003649388,0.0,1048.76171875,15,1476.4140625
1779138616.3086164,4426,1.2734625015582424,2.619750001031207,0.0,1048.76171875,15,1476.4140625
1779138616.3086169,4427,1.2734625015582424,2.6198125015071128,0.0,1048.76171875,15,1476.4140625
1779138616.3086174,4428,1.2734625015582424,2.6198750019830186,0.0,1048.76171875,15,1476.4140625
1779138616.308618,4429,1.2734625015582424,2.6199374988209456,0.0,1048.76171875,15,1476.4140625
1779138616.3086185,4430,1.2734625015582424,2.6199999992968515,0.0,1048.76171875,15,1476.4140625
1779138616.308619,4431,1.2734625015582424,2.620049999677576,0.0,1048.76171875,15,1476.4140625
1779138616.342262,4432,1.3317125012690667,2.6910000015050173,0.0,1048.76171875,15,1476.4140625
1779138616.3422687,4433,1.3317125012690667,2.6916749993688427,0.0,1048.76171875,15,1476.4140625
1779138616.3422692,4434,1.3317125012690667,2.6917499999399297,0.0,1048.76171875,15,1476.4140625
1779138616.34227,4435,1.3317125012690667,2.6918250005110167,0.0,1048.76171875,15,1476.4140625
1779138616.3422704,4436,1.3317125012690667,2.691912501177285,0.0,1048.76171875,15,1476.4140625
1779138616.342271,4437,1.3317125012690667,2.6919750016531907,0.0,1048.76171875,15,1476.4140625
1779138616.3422716,4438,1.3317125012690667,2.6920375021290965,0.0,1048.76171875,15,1476.4140625
1779138616.342272,4439,1.3317125012690667,2.6920874988718424,0.0,1048.76171875,15,1476.4140625
1779138616.3768654,4440,1.2538875016616657,2.6231999981973786,15.4,1048.765625,15,1476.4140625
1779138616.3768678,4441,1.2538875016616657,2.623387499625096,15.4,1048.765625,15,1476.4140625
1779138616.3768687,4442,1.2538875016616657,2.623462500196183,15.4,1048.765625,15,1476.4140625
1779138616.3768692,4443,1.2538875016616657,2.623525000672089,15.4,1048.765625,15,1476.4140625
1779138616.3768697,4444,1.2538875016616657,2.623600001243176,15.4,1048.765625,15,1476.4140625
1779138616.3768702,4445,1.2538875016616657,2.6236625017190818,15.4,1048.765625,15,1476.4140625
1779138616.3768706,4446,1.2538875016616657,2.62373749865219,15.4,1048.765625,15,1476.4140625
1779138616.376871,4447,1.2538875016616657,2.6237874990329146,15.4,1048.765625,15,1476.4140625
1779138616.4123766,4448,1.3708999977097847,2.798925001116004,25.0,1048.76953125,15,1476.4140625
1779138616.4123795,4449,1.3708999977097847,2.7991124989057425,25.0,1048.76953125,15,1476.4140625
1779138616.41238,4450,1.3708999977097847,2.7991874994768295,25.0,1048.76953125,15,1476.4140625
1779138616.4123805,4451,1.3708999977097847,2.7992625000479165,25.0,1048.76953125,15,1476.4140625
1779138616.4123852,4452,1.3708999977097847,2.7998625009786338,25.0,1048.76953125,15,1476.4140625
1779138616.412386,4453,1.3708999977097847,2.799949998006923,25.0,1048.76953125,15,1476.4140625
1779138616.4123867,4454,1.3708999977097847,2.80002499857801,25.0,1048.76953125,15,1476.4140625
1779138616.4123871,4455,1.3708999977097847,2.800087499053916,25.0,1048.76953125,15,1476.4140625
1779138616.4484427,4456,1.545037499454338,2.913650001573842,0.0,1048.7734375,15,1476.4140625
1779138616.448445,4457,1.545037499454338,2.913849999458762,0.0,1048.7734375,15,1476.4140625
1779138616.448446,4458,1.545037499454338,2.913925000029849,0.0,1048.7734375,15,1476.4140625
1779138616.4484465,4459,1.545037499454338,2.9139875005057547,0.0,1048.7734375,15,1476.4140625
1779138616.448447,4460,1.545037499454338,2.9140500009816606,0.0,1048.7734375,15,1476.4140625
1779138616.4484475,4461,1.545037499454338,2.9141125014575664,0.0,1048.7734375,15,1476.4140625
1779138616.448448,4462,1.545037499454338,2.9141749982954934,0.0,1048.7734375,15,1476.4140625
1779138616.4484484,4463,1.545037499454338,2.914224998676218,0.0,1048.7734375,15,1476.4140625
1779138616.484787,4464,1.568550000229152,2.959175002615666,50.0,1048.7734375,15,1476.4140625
1779138616.48479,4465,1.568550000229152,2.959400000690948,50.0,1048.7734375,15,1476.4140625
1779138616.4847906,4466,1.568550000229152,2.959475001262035,50.0,1048.7734375,15,1476.4140625
1779138616.484791,4467,1.568550000229152,2.959537501737941,50.0,1048.7734375,15,1476.4140625
1779138616.4847915,4468,1.568550000229152,2.959612502309028,50.0,1048.7734375,15,1476.4140625
1779138616.484792,4469,1.568550000229152,2.9596625026897527,50.0,1048.7734375,15,1476.4140625
1779138616.4847925,4470,1.568550000229152,2.9597250031656586,50.0,1048.7734375,15,1476.4140625
1779138616.4847932,4471,1.568550000229152,2.9597875000035856,50.0,1048.7734375,15,1476.4140625
1779138616.5215795,4472,1.5349250024883077,2.930575003119884,100.0,1048.78125,15,1476.4140625
1779138616.5215826,4473,1.5349250024883077,2.9308250013855286,100.0,1048.78125,15,1476.4140625
1779138616.521583,4474,1.5349250024883077,2.9309000019566156,100.0,1048.78125,15,1476.4140625
1779138616.5215836,4475,1.5349250024883077,2.9309625024325214,100.0,1048.78125,15,1476.4140625
1779138616.521584,4476,1.5349250024883077,2.9310250029084273,100.0,1048.78125,15,1476.4140625
1779138616.5215847,4477,1.5349250024883077,2.931087503384333,100.0,1048.78125,15,1476.4140625
1779138616.5215855,4478,1.5349250024883077,2.9311750004126225,100.0,1048.78125,15,1476.4140625
1779138616.521586,4479,1.5349250024883077,2.9312375008885283,100.0,1048.78125,15,1476.4140625
1779138616.555787,4480,1.2667249975493178,2.6046749990200624,60.0,1048.78125,15,1476.4140625
1779138616.5557897,4481,1.2667249975493178,2.6048874970001634,60.0,1048.78125,15,1476.4140625
1779138616.5557904,4482,1.2667249975493178,2.6049624975712504,60.0,1048.78125,15,1476.4140625
1779138616.555791,4483,1.2667249975493178,2.6050249980471563,60.0,1048.78125,15,1476.4140625
1779138616.5557914,4484,1.2667249975493178,2.6050999986182433,60.0,1048.78125,15,1476.4140625
1779138616.5557919,4485,1.2667249975493178,2.605162499094149,60.0,1048.78125,15,1476.4140625
1779138616.5557923,4486,1.2667249975493178,2.605224999570055,60.0,1048.78125,15,1476.4140625
1779138616.5557928,4487,1.2667249975493178,2.6052875000459608,60.0,1048.78125,15,1476.4140625
1779138616.5936558,4488,1.5912500020931475,2.956925000034971,33.3,1048.78515625,15,1476.4140625
1779138616.5936584,4489,1.5912500020931475,2.95712500155787,33.3,1048.78515625,15,1476.4140625
1779138616.593659,4490,1.5912500020931475,2.957200002128957,33.3,1048.78515625,15,1476.4140625
1779138616.5936692,4491,1.5912500020931475,2.9584750009234995,33.3,1048.78515625,15,1476.4140625
1779138616.5936697,4492,1.5912500020931475,2.9585500014945865,33.3,1048.78515625,15,1476.4140625
1779138616.5936704,4493,1.5912500020931475,2.9586250020656735,33.3,1048.78515625,15,1476.4140625
1779138616.5936708,4494,1.5912500020931475,2.9586875025415793,33.3,1048.78515625,15,1476.4140625
1779138616.5936713,4495,1.5912500020931475,2.958737499284325,33.3,1048.78515625,15,1476.4140625
1779138616.6279924,4496,1.2915250008518342,2.6785125010064803,33.3,1048.7890625,15,1476.4140625
1779138616.6279948,4497,1.2915250008518342,2.6787374990817625,33.3,1048.7890625,15,1476.4140625
1779138616.6279957,4498,1.2915250008518342,2.6788249997480307,33.3,1048.7890625,15,1476.4140625
1779138616.6279962,4499,1.2915250008518342,2.6788875002239365,33.3,1048.7890625,15,1476.4140625
1779138616.6279967,4500,1.2915250008518342,2.6789625007950235,33.3,1048.7890625,15,1476.4140625
1779138616.6279972,4501,1.2915250008518342,2.679012501175748,33.3,1048.7890625,15,1476.4140625
1779138616.6279976,4502,1.2915250008518342,2.679074998013675,33.3,1048.7890625,15,1476.4140625
1779138616.627998,4503,1.2915250008518342,2.679137498489581,33.3,1048.7890625,15,1476.4140625
1779138616.6635218,4504,1.3654249996761791,2.7408749992900994,33.3,1048.79296875,15,1476.4140625
1779138616.6635242,4505,1.3654249996761791,2.741075000812998,33.3,1048.79296875,15,1476.4140625
1779138616.6635249,4506,1.3654249996761791,2.741137497650925,33.3,1048.79296875,15,1476.4140625
1779138616.6635253,4507,1.3654249996761791,2.741212498222012,33.3,1048.79296875,15,1476.4140625
1779138616.6635258,4508,1.3654249996761791,2.741287498793099,33.3,1048.79296875,15,1476.4140625
1779138616.6635263,4509,1.3654249996761791,2.741362499364186,33.3,1048.79296875,15,1476.4140625
1779138616.663527,4510,1.3654249996761791,2.7414124997449107,33.3,1048.79296875,15,1476.4140625
1779138616.6635299,4511,1.3654249996761791,2.741799999057548,33.3,1048.79296875,15,1476.4140625
1779138616.7001925,4512,1.593524997588247,2.9726249995292164,0.0,1048.796875,15,1476.4140625
1779138616.7001956,4513,1.593524997588247,2.9728499976044986,0.0,1048.796875,15,1476.4140625
1779138616.700196,4514,1.593524997588247,2.9729249981755856,0.0,1048.796875,15,1476.4140625
1779138616.7001965,4515,1.593524997588247,2.9729999987466726,0.0,1048.796875,15,1476.4140625
1779138616.7001975,4516,1.593524997588247,2.973087499412941,0.0,1048.796875,15,1476.4140625
1779138616.7001982,4517,1.593524997588247,2.973175000079209,0.0,1048.796875,15,1476.4140625
1779138616.7001987,4518,1.593524997588247,2.973224996821955,0.0,1048.796875,15,1476.4140625
1779138616.7001991,4519,1.593524997588247,2.9732874972978607,0.0,1048.796875,15,1476.4140625
1779138616.7359996,4520,1.3450625010591466,2.6667749989428557,66.7,1048.796875,15,1476.4140625
1779138616.7360022,4521,1.3450625010591466,2.667012500751298,66.7,1048.796875,15,1476.4140625
1779138616.7360032,4522,1.3450625010591466,2.6670750012272038,66.7,1048.796875,15,1476.4140625
1779138616.7360036,4523,1.3450625010591466,2.6671375017031096,66.7,1048.796875,15,1476.4140625
1779138616.736004,4524,1.3450625010591466,2.6672000021790154,66.7,1048.796875,15,1476.4140625
1779138616.7360046,4525,1.3450625010591466,2.6672624990169425,66.7,1048.796875,15,1476.4140625
1779138616.736005,4526,1.3450625010591466,2.6673249994928483,66.7,1048.796875,15,1476.4140625
1779138616.7360053,4527,1.3450625010591466,2.667374999873573,66.7,1048.796875,15,1476.4140625
1779138616.7725353,4528,1.5775249994476326,2.9202750010881573,33.3,1048.796875,15,1476.4140625
1779138616.7725382,4529,1.5775249994476326,2.9204874990682583,33.3,1048.796875,15,1476.4140625
1779138616.7725399,4530,1.5775249994476326,2.9207250008767005,33.3,1048.796875,15,1476.4140625
1779138616.7725406,4531,1.5775249994476326,2.92081249790499,33.3,1048.796875,15,1476.4140625
1779138616.7725413,4532,1.5775249994476326,2.9208749983808957,33.3,1048.796875,15,1476.4140625
1779138616.7725415,4533,1.5775249994476326,2.9209249987616204,33.3,1048.796875,15,1476.4140625
1779138616.7725422,4534,1.5775249994476326,2.920987499237526,33.3,1048.796875,15,1476.4140625
1779138616.7725425,4535,1.5775249994476326,2.921049999713432,33.3,1048.796875,15,1476.4140625
1779138616.8069203,4536,1.3181250033085234,2.669350000360282,100.0,1048.8046875,15,1476.4140625
1779138616.806923,4537,1.3181250033085234,2.669562501978362,100.0,1048.8046875,15,1476.4140625
1779138616.8069236,4538,1.3181250033085234,2.669637502549449,100.0,1048.8046875,15,1476.4140625
1779138616.806924,4539,1.3181250033085234,2.669712503120536,100.0,1048.8046875,15,1476.4140625
1779138616.8069246,4540,1.3181250033085234,2.6697625035012607,100.0,1048.8046875,15,1476.4140625
1779138616.806925,4541,1.3181250033085234,2.6698250003391877,100.0,1048.8046875,15,1476.4140625
1779138616.8069255,4542,1.3181250033085234,2.6698750007199124,100.0,1048.8046875,15,1476.4140625
1779138616.8069258,4543,1.3181250033085234,2.669937501195818,100.0,1048.8046875,15,1476.4140625
1779138616.8417165,4544,1.398587497533299,2.7763749967562035,0.0,1048.80859375,15,1476.4140625
1779138616.8417194,4545,1.398587497533299,2.776562498183921,0.0,1048.80859375,15,1476.4140625
1779138616.8417199,4546,1.398587497533299,2.776637498755008,0.0,1048.80859375,15,1476.4140625
1779138616.8417203,4547,1.398587497533299,2.776699999230914,0.0,1048.80859375,15,1476.4140625
1779138616.8417208,4548,1.398587497533299,2.776787499897182,0.0,1048.80859375,15,1476.4140625
1779138616.8417215,4549,1.398587497533299,2.776850000373088,0.0,1048.80859375,15,1476.4140625
1779138616.841726,4550,1.398587497533299,2.777424997475464,0.0,1048.80859375,15,1476.4140625
1779138616.8417268,4551,1.398587497533299,2.777499998046551,0.0,1048.80859375,15,1476.4140625
1779138616.8784316,4552,1.6245500009972602,2.999325002747355,26.7,1048.8125,15,1476.4140625
1779138616.8784344,4553,1.6245500009972602,2.999537500727456,26.7,1048.8125,15,1476.4140625
1779138616.878435,4554,1.6245500009972602,2.999612501298543,26.7,1048.8125,15,1476.4140625
1779138616.8784354,4555,1.6245500009972602,2.999675001774449,26.7,1048.8125,15,1476.4140625
1779138616.8784359,4556,1.6245500009972602,2.9997375022503547,26.7,1048.8125,15,1476.4140625
1779138616.8784363,4557,1.6245500009972602,2.9998125028214417,26.7,1048.8125,15,1476.4140625
1779138616.8784368,4558,1.6245500009972602,2.9998750032973476,26.7,1048.8125,15,1476.4140625
1779138616.8784373,4559,1.6245500009972602,2.9999250000400934,26.7,1048.8125,15,1476.4140625
1779138616.9154959,4560,1.5547000002698041,2.9151999988243915,29.4,1048.81640625,15,1476.4140625
1779138616.915499,4561,1.5547000002698041,2.9154250005376525,29.4,1048.81640625,15,1476.4140625
1779138616.9154994,4562,1.5547000002698041,2.9155000011087395,29.4,1048.81640625,15,1476.4140625
1779138616.9155,4563,1.5547000002698041,2.9155750016798265,29.4,1048.81640625,15,1476.4140625
1779138616.9155006,4564,1.5547000002698041,2.915625002060551,29.4,1048.81640625,15,1476.4140625
1779138616.915501,4565,1.5547000002698041,2.9156874988984782,29.4,1048.81640625,15,1476.4140625
1779138616.9155016,4566,1.5547000002698041,2.915737499279203,29.4,1048.81640625,15,1476.4140625
1779138616.915502,4567,1.5547000002698041,2.9157874996599276,29.4,1048.81640625,15,1476.4140625
1779138616.9511425,4568,1.3672124987351708,2.728724997723475,0.0,1048.8203125,15,1476.4140625
1779138616.9511454,4569,1.3672124987351708,2.728949999436736,0.0,1048.8203125,15,1476.4140625
1779138616.951146,4570,1.3672124987351708,2.729025000007823,0.0,1048.8203125,15,1476.4140625
1779138616.9511468,4571,1.3672124987351708,2.7291124970361125,0.0,1048.8203125,15,1476.4140625
1779138616.9511476,4572,1.3672124987351708,2.7291999977023806,0.0,1048.8203125,15,1476.4140625
1779138616.951148,4573,1.3672124987351708,2.7292749982734676,0.0,1048.8203125,15,1476.4140625
1779138616.9511485,4574,1.3672124987351708,2.7293249986541923,0.0,1048.8203125,15,1476.4140625
1779138616.951149,4575,1.3672124987351708,2.729387499130098,0.0,1048.8203125,15,1476.4140625
1779138616.984276,4576,1.2554499990073964,2.5979874990298413,33.3,1048.8203125,15,1476.4140625
1779138616.9842784,4577,1.2554499990073964,2.59818750055274,33.3,1048.8203125,15,1476.4140625
1779138616.9842794,4578,1.2554499990073964,2.598262501123827,33.3,1048.8203125,15,1476.4140625
1779138616.9842799,4579,1.2554499990073964,2.598337501694914,33.3,1048.8203125,15,1476.4140625
1779138616.9842803,4580,1.2554499990073964,2.59840000217082,33.3,1048.8203125,15,1476.4140625
1779138616.9842808,4581,1.2554499990073964,2.5984499989135657,33.3,1048.8203125,15,1476.4140625
1779138616.984281,4582,1.2554499990073964,2.5985124993894715,33.3,1048.8203125,15,1476.4140625
1779138616.9842815,4583,1.2554499990073964,2.598562499770196,33.3,1048.8203125,15,1476.4140625
1779138617.0205736,4584,1.5248999989125878,2.8766499999619555,10.0,1048.8203125,15,1476.4140625
1779138617.0205762,4585,1.5248999989125878,2.8768749980372377,10.0,1048.8203125,15,1476.4140625
1779138617.0205767,4586,1.5248999989125878,2.8769374985131435,10.0,1048.8203125,15,1476.4140625
1779138617.0205772,4587,1.5248999989125878,2.8770124990842305,10.0,1048.8203125,15,1476.4140625
1779138617.020578,4588,1.5248999989125878,2.8770749995601363,10.0,1048.8203125,15,1476.4140625
1779138617.020583,4589,1.5248999989125878,2.8777250008715782,10.0,1048.8203125,15,1476.4140625
1779138617.0205834,4590,1.5248999989125878,2.8777999978046864,10.0,1048.8203125,15,1476.4140625
1779138617.020584,4591,1.5248999989125878,2.877849998185411,10.0,1048.8203125,15,1476.4140625
1779138617.055063,4592,1.38659999720403,2.7396624973334838,41.7,1048.828125,15,1476.4140625
1779138617.0550656,4593,1.38659999720403,2.7398749989515636,41.7,1048.828125,15,1476.4140625
1779138617.0550663,4594,1.38659999720403,2.7399374994274694,41.7,1048.828125,15,1476.4140625
1779138617.0550668,4595,1.38659999720403,2.7400124999985565,41.7,1048.828125,15,1476.4140625
1779138617.0550673,4596,1.38659999720403,2.7400749968364835,41.7,1048.828125,15,1476.4140625
1779138617.055068,4597,1.38659999720403,2.7401374973123893,41.7,1048.828125,15,1476.4140625
1779138617.0550685,4598,1.38659999720403,2.740187497693114,41.7,1048.828125,15,1476.4140625
1779138617.0550687,4599,1.38659999720403,2.7402374980738387,41.7,1048.828125,15,1476.4140625
1779138617.0912604,4600,1.4068999989831354,2.828699998644879,0.0,1048.828125,15,1476.4140625
1779138617.091263,4601,1.4068999989831354,2.82891249662498,0.0,1048.828125,15,1476.4140625
1779138617.0912638,4602,1.4068999989831354,2.828987497196067,0.0,1048.828125,15,1476.4140625
1779138617.0912642,4603,1.4068999989831354,2.829049997671973,0.0,1048.828125,15,1476.4140625
1779138617.0912647,4604,1.4068999989831354,2.829112498147879,0.0,1048.828125,15,1476.4140625
1779138617.0912652,4605,1.4068999989831354,2.8291624985286035,0.0,1048.828125,15,1476.4140625
1779138617.0912654,4606,1.4068999989831354,2.8292249990045093,0.0,1048.828125,15,1476.4140625
1779138617.0912662,4607,1.4068999989831354,2.829274999385234,0.0,1048.828125,15,1476.4140625
1779138617.1269765,4608,1.4432999996643048,2.8048999993188772,56.2,1048.8359375,15,1476.4140625
1779138617.1269805,4609,1.4432999996643048,2.8052375018887687,56.2,1048.8359375,15,1476.4140625
1779138617.1269817,4610,1.4432999996643048,2.8053624992026016,56.2,1048.8359375,15,1476.4140625
1779138617.1269827,4611,1.4432999996643048,2.805475000059232,56.2,1048.8359375,15,1476.4140625
1779138617.1269834,4612,1.4432999996643048,2.8055750008206815,56.2,1048.8359375,15,1476.4140625
1779138617.1269841,4613,1.4432999996643048,2.805675001582131,56.2,1048.8359375,15,1476.4140625
1779138617.126985,4614,1.4432999996643048,2.80576249861042,56.2,1048.8359375,15,1476.4140625
1779138617.1269858,4615,1.4432999996643048,2.8058624993718695,56.2,1048.8359375,15,1476.4140625
1779138617.164406,4616,1.5536999999312684,3.0165625030349474,30.0,1048.8359375,15,1476.4140625
1779138617.1644087,4617,1.5536999999312684,3.0167625009198673,30.0,1048.8359375,15,1476.4140625
1779138617.1644094,4618,1.5536999999312684,3.0168500015861355,30.0,1048.8359375,15,1476.4140625
1779138617.1644099,4619,1.5536999999312684,3.0169125020620413,30.0,1048.8359375,15,1476.4140625
1779138617.1644104,4620,1.5536999999312684,3.0169875026331283,30.0,1048.8359375,15,1476.4140625
1779138617.1644108,4621,1.5536999999312684,3.017037503013853,30.0,1048.8359375,15,1476.4140625
1779138617.1644113,4622,1.5536999999312684,3.017112499946961,30.0,1048.8359375,15,1476.4140625
1779138617.164412,4623,1.5536999999312684,3.017175000422867,30.0,1048.8359375,15,1476.4140625
1779138617.1986794,4624,1.3445999975374434,2.729537500272272,0.0,1048.83984375,15,1476.4140625
1779138617.1986825,4625,1.3445999975374434,2.7297624983475544,0.0,1048.83984375,15,1476.4140625
1779138617.198683,4626,1.3445999975374434,2.72982499882346,0.0,1048.83984375,15,1476.4140625
1779138617.1986837,4627,1.3445999975374434,2.729899999394547,0.0,1048.83984375,15,1476.4140625
1779138617.198688,4628,1.3445999975374434,2.730462500039721,0.0,1048.83984375,15,1476.4140625
1779138617.1986887,4629,1.3445999975374434,2.7305499970680103,0.0,1048.83984375,15,1476.4140625
1779138617.1986892,4630,1.3445999975374434,2.730612497543916,0.0,1048.83984375,15,1476.4140625
1779138617.1986897,4631,1.3445999975374434,2.730674998019822,0.0,1048.83984375,15,1476.4140625
1779138617.2387779,4632,1.5643750011804514,2.944150000985246,40.0,1048.84375,15,1476.4140625
1779138617.2387807,4633,1.5643750011804514,2.944349998870166,40.0,1048.84375,15,1476.4140625
1779138617.2387812,4634,1.5643750011804514,2.944437499536434,40.0,1048.84375,15,1476.4140625
1779138617.2387817,4635,1.5643750011804514,2.94450000001234,40.0,1048.84375,15,1476.4140625
1779138617.2387822,4636,1.5643750011804514,2.944562500488246,40.0,1048.84375,15,1476.4140625
1779138617.2387826,4637,1.5643750011804514,2.944637501059333,40.0,1048.84375,15,1476.4140625
1779138617.2387836,4638,1.5643750011804514,2.94469999789726,40.0,1048.84375,15,1476.4140625
1779138617.2387838,4639,1.5643750011804514,2.9447499982779846,40.0,1048.84375,15,1476.4140625
1779138617.2755165,4640,1.453050001146039,2.8214750018378254,0.0,1048.84375,15,1476.4140625
1779138617.2755191,4641,1.453050001146039,2.8216999999131076,0.0,1048.84375,15,1476.4140625
1779138617.2755198,4642,1.453050001146039,2.8217750004841946,0.0,1048.84375,15,1476.4140625
1779138617.2755203,4643,1.453050001146039,2.8218375009601004,0.0,1048.84375,15,1476.4140625
1779138617.275521,4644,1.453050001146039,2.8219125015311874,0.0,1048.84375,15,1476.4140625
1779138617.2755234,4645,1.453050001146039,2.822225000272738,0.0,1048.84375,15,1476.4140625
1779138617.275524,4646,1.453050001146039,2.8222750006534625,0.0,1048.84375,15,1476.4140625
1779138617.2755287,4647,1.453050001146039,2.822887501679361,0.0,1048.84375,15,1476.4140625
1779138617.3187084,4648,1.6891000013856683,3.11713750124909,81.2,1048.8515625,14,1476.4140625
1779138617.3187122,4649,1.6891000013856683,3.11744999999064,81.2,1048.8515625,14,1476.4140625
1779138617.3187132,4650,1.6891000013856683,3.1175625008472707,81.2,1048.8515625,14,1476.4140625
1779138617.318714,4651,1.6891000013856683,3.117650001513539,81.2,1048.8515625,14,1476.4140625
1779138617.3187146,4652,1.6891000013856683,3.117750002274988,81.2,1048.8515625,14,1476.4140625
1779138617.3187153,4653,1.6891000013856683,3.1178625031316187,81.2,1048.8515625,14,1476.4140625
1779138617.318716,4654,1.6891000013856683,3.117950000159908,81.2,1048.8515625,14,1476.4140625
1779138617.3187172,4655,1.6891000013856683,3.1180500009213574,81.2,1048.8515625,14,1476.4140625
1779138617.3601782,4656,1.8240124991280027,3.2472624989168253,45.5,1048.8515625,14,1476.4140625
1779138617.360181,4657,1.8240124991280027,3.2474875006300863,45.5,1048.8515625,14,1476.4140625
1779138617.3601816,4658,1.8240124991280027,3.247550001105992,45.5,1048.8515625,14,1476.4140625
1779138617.360182,4659,1.8240124991280027,3.247612501581898,45.5,1048.8515625,14,1476.4140625
1779138617.3601825,4660,1.8240124991280027,3.247687502152985,45.5,1048.8515625,14,1476.4140625
1779138617.360183,4661,1.8240124991280027,3.247749998990912,45.5,1048.8515625,14,1476.4140625
1779138617.3601835,4662,1.8240124991280027,3.2477999993716367,45.5,1048.8515625,14,1476.4140625
1779138617.360184,4663,1.8240124991280027,3.247887500037905,45.5,1048.8515625,14,1476.4140625
1779138617.3966339,4664,1.5016625002317596,2.882124997995561,23.1,1048.8515625,14,1476.4140625
1779138617.3966367,4665,1.5016625002317596,2.8823249995184597,23.1,1048.8515625,14,1476.4140625
1779138617.3966372,4666,1.5016625002317596,2.882412500184728,23.1,1048.8515625,14,1476.4140625
1779138617.3966417,4667,1.5016625002317596,2.883000001020264,23.1,1048.8515625,14,1476.4140625
1779138617.3966424,4668,1.5016625002317596,2.883074997953372,23.1,1048.8515625,14,1476.4140625
1779138617.3966432,4669,1.5016625002317596,2.883149998524459,23.1,1048.8515625,14,1476.4140625
1779138617.3966436,4670,1.5016625002317596,2.8831999989051837,23.1,1048.8515625,14,1476.4140625
1779138617.396644,4671,1.5016625002317596,2.8832499992859084,23.1,1048.8515625,14,1476.4140625
1779138617.4341316,4672,1.6882499985513277,3.084037500229897,0.0,1048.859375,14,1476.4140625
1779138617.4341342,4673,1.6882499985513277,3.0842249980196357,0.0,1048.859375,14,1476.4140625
1779138617.4341347,4674,1.6882499985513277,3.0842999985907227,0.0,1048.859375,14,1476.4140625
1779138617.4341354,4675,1.6882499985513277,3.0843749991618097,0.0,1048.859375,14,1476.4140625
1779138617.4341362,4676,1.6882499985513277,3.084462499828078,0.0,1048.859375,14,1476.4140625
1779138617.4341366,4677,1.6882499985513277,3.0845250003039837,0.0,1048.859375,14,1476.4140625
1779138617.434137,4678,1.6882499985513277,3.0846000008750707,0.0,1048.859375,14,1476.4140625
1779138617.4341376,4679,1.6882499985513277,3.0846499976178166,0.0,1048.859375,14,1476.4140625
1779138617.469999,4680,1.3541374974010978,2.7117624995298684,36.8,1048.86328125,14,1476.4140625
1779138617.470002,4681,1.3541374974010978,2.7119624974147882,36.8,1048.86328125,14,1476.4140625
1779138617.4700027,4682,1.3541374974010978,2.712024997890694,36.8,1048.86328125,14,1476.4140625
1779138617.4700031,4683,1.3541374974010978,2.712099998461781,36.8,1048.86328125,14,1476.4140625
1779138617.4700036,4684,1.3541374974010978,2.7121874991280492,36.8,1048.86328125,14,1476.4140625
1779138617.4700043,4685,1.3541374974010978,2.712249999603955,36.8,1048.86328125,14,1476.4140625
1779138617.4700077,4686,1.3541374974010978,2.7126499990117736,36.8,1048.86328125,14,1476.4140625
1779138617.4700081,4687,1.3541374974010978,2.7126999993924983,36.8,1048.86328125,14,1476.4140625
1779138617.5064306,4688,1.4065374998608604,2.746437497989973,21.4,1048.8671875,14,1476.4140625
1779138617.506433,4689,1.4065374998608604,2.7466374995128717,21.4,1048.8671875,14,1476.4140625
1779138617.5064337,4690,1.4065374998608604,2.746724996541161,21.4,1048.8671875,14,1476.4140625
1779138617.5064342,4691,1.4065374998608604,2.7467749969218858,21.4,1048.8671875,14,1476.4140625
1779138617.506435,4692,1.4065374998608604,2.7468374973977916,21.4,1048.8671875,14,1476.4140625
1779138617.5064354,4693,1.4065374998608604,2.7468999978736974,21.4,1048.8671875,14,1476.4140625
1779138617.506436,4694,1.4065374998608604,2.7469874985399656,21.4,1048.8671875,14,1476.4140625
1779138617.5064366,4695,1.4065374998608604,2.7470374989206903,21.4,1048.8671875,14,1476.4140625
1779138617.543523,4696,1.6017124980862718,2.9837124966434203,0.0,1048.8671875,14,1476.4140625
1779138617.5435257,4697,1.6017124980862718,2.983899998071138,0.0,1048.8671875,14,1476.4140625
1779138617.5435262,4698,1.6017124980862718,2.983974998642225,0.0,1048.8671875,14,1476.4140625
1779138617.543527,4699,1.6017124980862718,2.984049999213312,0.0,1048.8671875,14,1476.4140625
1779138617.5435274,4700,1.6017124980862718,2.9840999995940365,0.0,1048.8671875,14,1476.4140625
1779138617.5435276,4701,1.6017124980862718,2.9841625000699423,0.0,1048.8671875,14,1476.4140625
1779138617.5435286,4702,1.6017124980862718,2.9842499970982317,0.0,1048.8671875,14,1476.4140625
1779138617.5435288,4703,1.6017124980862718,2.9842999974789564,0.0,1048.8671875,14,1476.4140625
1779138617.5820525,4704,1.6771500013419427,3.1242375007423107,100.0,1048.8671875,14,1476.4140625
1779138617.5820563,4705,1.6771500013419427,3.12453749938868,100.0,1048.8671875,14,1476.4140625
1779138617.5820737,4706,1.6771500013419427,3.1267750018741935,100.0,1048.8671875,14,1476.4140625
1779138617.5820754,4707,1.6771500013419427,3.1269124992832076,100.0,1048.8671875,14,1476.4140625
1779138617.5820758,4708,1.6771500013419427,3.1269999999494758,100.0,1048.8671875,14,1476.4140625
1779138617.5820768,4709,1.6771500013419427,3.1270750005205628,100.0,1048.8671875,14,1476.4140625
1779138617.5820773,4710,1.6771500013419427,3.1271500010916498,100.0,1048.8671875,14,1476.4140625
1779138617.5820777,4711,1.6771500013419427,3.1272250016627368,100.0,1048.8671875,14,1476.4140625
1779138617.6202931,4712,1.4676749997306615,2.808362500218209,0.0,1048.875,14,1476.4140625
1779138617.6202958,4713,1.4676749997306615,2.80858750193147,0.0,1048.875,14,1476.4140625
1779138617.6202965,4714,1.4676749997306615,2.808662498864578,0.0,1048.875,14,1476.4140625
1779138617.620297,4715,1.4676749997306615,2.808724999340484,0.0,1048.875,14,1476.4140625
1779138617.6202977,4716,1.4676749997306615,2.808799999911571,0.0,1048.875,14,1476.4140625
1779138617.620298,4717,1.4676749997306615,2.8088500002922956,0.0,1048.875,14,1476.4140625
1779138617.6202984,4718,1.4676749997306615,2.8089125007682014,0.0,1048.875,14,1476.4140625
1779138617.620299,4719,1.4676749997306615,2.8089750012441073,0.0,1048.875,14,1476.4140625
1779138617.6572256,4720,1.4327500030049123,2.8547250003612135,42.9,1048.875,14,1476.4140625
1779138617.657228,4721,1.4327500030049123,2.854912501788931,42.9,1048.875,14,1476.4140625
1779138617.6572287,4722,1.4327500030049123,2.854987502360018,42.9,1048.875,14,1476.4140625
1779138617.6572294,4723,1.4327500030049123,2.855050002835924,42.9,1048.875,14,1476.4140625
1779138617.65723,4724,1.4327500030049123,2.855112499673851,42.9,1048.875,14,1476.4140625
1779138617.6572337,4725,1.4327500030049123,2.8555999997479375,42.9,1048.875,14,1476.4140625
1779138617.6572342,4726,1.4327500030049123,2.8556750003190245,42.9,1048.875,14,1476.4140625
1779138617.6572347,4727,1.4327500030049123,2.8557375007949304,42.9,1048.875,14,1476.4140625
1779138617.6926908,4728,1.38901250102208,2.8014249983243644,14.3,1048.87890625,14,1476.4140625
1779138617.6926935,4729,1.38901250102208,2.801612499752082,14.3,1048.87890625,14,1476.4140625
1779138617.692694,4730,1.38901250102208,2.801687500323169,14.3,1048.87890625,14,1476.4140625
1779138617.692695,4731,1.38901250102208,2.801775000989437,14.3,1048.87890625,14,1476.4140625
1779138617.6926954,4732,1.38901250102208,2.801837501465343,14.3,1048.87890625,14,1476.4140625
1779138617.6926959,4733,1.38901250102208,2.801887498208089,14.3,1048.87890625,14,1476.4140625
1779138617.6927004,4734,1.38901250102208,2.8024624989484437,14.3,1048.87890625,14,1476.4140625
1779138617.6927006,4735,1.38901250102208,2.8025249994243495,14.3,1048.87890625,14,1476.4140625
1779138617.7310066,4736,1.6785750012786593,3.002937501150882,0.0,1048.88671875,14,1476.4140625
1779138617.7310092,4737,1.6785750012786593,3.003149999130983,0.0,1048.88671875,14,1476.4140625
1779138617.73101,4738,1.6785750012786593,3.00322499970207,0.0,1048.88671875,14,1476.4140625
1779138617.7310107,4739,1.6785750012786593,3.0032875001779757,0.0,1048.88671875,14,1476.4140625
1779138617.7310112,4740,1.6785750012786593,3.0033625007490627,0.0,1048.88671875,14,1476.4140625
1779138617.7310116,4741,1.6785750012786593,3.0034125011297874,0.0,1048.88671875,14,1476.4140625
1779138617.731012,4742,1.6785750012786593,3.0034875017008744,0.0,1048.88671875,14,1476.4140625
1779138617.7310126,4743,1.6785750012786593,3.0035499985388014,0.0,1048.88671875,14,1476.4140625
1779138617.7685657,4744,1.5179375004663598,2.869274998374749,40.0,1048.88671875,14,1476.4140625
1779138617.7685719,4745,1.5179375004663598,2.869949999876553,40.0,1048.88671875,14,1476.4140625
1779138617.7685723,4746,1.5179375004663598,2.870012500352459,40.0,1048.88671875,14,1476.4140625
1779138617.768573,4747,1.5179375004663598,2.870074997190386,40.0,1048.88671875,14,1476.4140625
1779138617.7685735,4748,1.5179375004663598,2.870137497666292,40.0,1048.88671875,14,1476.4140625
1779138617.768574,4749,1.5179375004663598,2.870212498237379,40.0,1048.88671875,14,1476.4140625
1779138617.7685747,4750,1.5179375004663598,2.870287498808466,40.0,1048.88671875,14,1476.4140625
1779138617.7685752,4751,1.5179375004663598,2.8703374991891906,40.0,1048.88671875,14,1476.4140625
1779138617.804677,4752,1.4121874992270023,2.802349998091813,18.2,1048.890625,18,1476.4140625
1779138617.8046799,4753,1.4121874992270023,2.802549999614712,18.2,1048.890625,18,1476.4140625
1779138617.8046806,4754,1.4121874992270023,2.802625000185799,18.2,1048.890625,18,1476.4140625
1779138617.8046813,4755,1.4121874992270023,2.8027249973092694,18.2,1048.890625,18,1476.4140625
1779138617.8046818,4756,1.4121874992270023,2.802774997689994,18.2,1048.890625,18,1476.4140625
1779138617.8046823,4757,1.4121874992270023,2.8028374981659,18.2,1048.890625,18,1476.4140625
1779138617.804683,4758,1.4121874992270023,2.802924998832168,18.2,1048.890625,18,1476.4140625
1779138617.8046834,4759,1.4121874992270023,2.8029749992128927,18.2,1048.890625,18,1476.4140625
1779138617.841312,4760,1.3458375033224002,2.744337500189431,0.0,1048.890625,18,1476.4140625
1779138617.8413146,4761,1.3458375033224002,2.744562501902692,0.0,1048.890625,18,1476.4140625
1779138617.8413153,4762,1.3458375033224002,2.74465000256896,0.0,1048.890625,18,1476.4140625
1779138617.8413157,4763,1.3458375033224002,2.744712503044866,0.0,1048.890625,18,1476.4140625
1779138617.8413205,4764,1.3458375033224002,2.745287500147242,0.0,1048.890625,18,1476.4140625
1779138617.841321,4765,1.3458375033224002,2.745350000623148,0.0,1048.890625,18,1476.4140625
1779138617.8413215,4766,1.3458375033224002,2.7454125010990538,0.0,1048.890625,18,1476.4140625
1779138617.841322,4767,1.3458375033224002,2.7454750015749596,0.0,1048.890625,18,1476.4140625
1779138617.879353,4768,1.674350001849234,3.007387502293568,15.4,1048.8984375,18,1476.4140625
1779138617.8793554,4769,1.674350001849234,3.007587500178488,15.4,1048.8984375,18,1476.4140625
1779138617.8793561,4770,1.674350001849234,3.007662500749575,15.4,1048.8984375,18,1476.4140625
1779138617.8793566,4771,1.674350001849234,3.007737501320662,15.4,1048.8984375,18,1476.4140625
1779138617.879357,4772,1.674350001849234,3.007800001796568,15.4,1048.8984375,18,1476.4140625
1779138617.8793578,4773,1.674350001849234,3.0078500021772925,15.4,1048.8984375,18,1476.4140625
1779138617.879358,4774,1.674350001849234,3.0079125026531983,15.4,1048.8984375,18,1476.4140625
1779138617.8793585,4775,1.674350001849234,3.0079749994911253,15.4,1048.8984375,18,1476.4140625
1779138617.9167688,4776,1.6016875015338883,2.9376499987847637,100.0,1048.8984375,18,1476.4140625
1779138617.9167717,4777,1.6016875015338883,2.9378500003076624,100.0,1048.8984375,18,1476.4140625
1779138617.9167721,4778,1.6016875015338883,2.9379250008787494,100.0,1048.8984375,18,1476.4140625
1779138617.9167726,4779,1.6016875015338883,2.9379875013546553,100.0,1048.8984375,18,1476.4140625
1779138617.916773,4780,1.6016875015338883,2.93803750173538,100.0,1048.8984375,18,1476.4140625
1779138617.9167733,4781,1.6016875015338883,2.9380875021161046,100.0,1048.8984375,18,1476.4140625
1779138617.9167738,4782,1.6016875015338883,2.9381499989540316,100.0,1048.8984375,18,1476.4140625
1779138617.9167745,4783,1.6016875015338883,2.9381999993347563,100.0,1048.8984375,18,1476.4140625
1779138617.95427,4784,1.4973500001360662,2.8881375001219567,42.9,1048.90234375,18,1476.4140625
1779138617.9542723,4785,1.4973500001360662,2.8883375016448554,42.9,1048.90234375,18,1476.4140625
1779138617.954273,4786,1.4973500001360662,2.8884249986731447,42.9,1048.90234375,18,1476.4140625
1779138617.9542735,4787,1.4973500001360662,2.8884749990538694,42.9,1048.90234375,18,1476.4140625
1779138617.954274,4788,1.4973500001360662,2.8885374995297752,42.9,1048.90234375,18,1476.4140625
1779138617.9542747,4789,1.4973500001360662,2.8885874999105,42.9,1048.90234375,18,1476.4140625
1779138617.9542751,4790,1.4973500001360662,2.888675000576768,42.9,1048.90234375,18,1476.4140625
1779138617.9542756,4791,1.4973500001360662,2.888737501052674,42.9,1048.90234375,18,1476.4140625
1779138617.9903789,4792,1.4089249998505693,2.7160749996255618,21.4,1048.91015625,18,1476.4140625
1779138617.9903812,4793,1.4089249998505693,2.7162749975104816,21.4,1048.91015625,18,1476.4140625
1779138617.9903817,4794,1.4089249998505693,2.7163499980815686,21.4,1048.91015625,18,1476.4140625
1779138617.9903824,4795,1.4089249998505693,2.7164124985574745,21.4,1048.91015625,18,1476.4140625
1779138617.990383,4796,1.4089249998505693,2.7164749990333803,21.4,1048.91015625,18,1476.4140625
1779138617.9903836,4797,1.4089249998505693,2.7165499996044673,21.4,1048.91015625,18,1476.4140625
1779138617.9903839,4798,1.4089249998505693,2.716599999985192,21.4,1048.91015625,18,1476.4140625
1779138617.9903843,4799,1.4089249998505693,2.7166500003659166,21.4,1048.91015625,18,1476.4140625
1779138618.0257635,4800,1.379350000206614,2.7115000011690427,0.0,1048.91015625,18,1476.4140625
1779138618.0257661,4801,1.379350000206614,2.7117125027871225,0.0,1048.91015625,18,1476.4140625
1779138618.0257666,4802,1.379350000206614,2.7117749996250495,0.0,1048.91015625,18,1476.4140625
1779138618.0257716,4803,1.379350000206614,2.7123625004605856,0.0,1048.91015625,18,1476.4140625
1779138618.025772,4804,1.379350000206614,2.7124500011268537,0.0,1048.91015625,18,1476.4140625
1779138618.0257728,4805,1.379350000206614,2.7125250016979408,0.0,1048.91015625,18,1476.4140625
1779138618.0257733,4806,1.379350000206614,2.7125875021738466,0.0,1048.91015625,18,1476.4140625
1779138618.0257735,4807,1.379350000206614,2.7126375025545713,0.0,1048.91015625,18,1476.4140625
1779138618.0647588,4808,1.7221624984813388,3.0338500000652857,44.4,1048.9140625,18,1476.4140625
1779138618.0647616,4809,1.7221624984813388,3.034074998140568,44.4,1048.9140625,18,1476.4140625
1779138618.0647624,4810,1.7221624984813388,3.034149998711655,44.4,1048.9140625,18,1476.4140625
1779138618.0647626,4811,1.7221624984813388,3.0341999990923796,44.4,1048.9140625,18,1476.4140625
1779138618.0647633,4812,1.7221624984813388,3.0342749996634666,44.4,1048.9140625,18,1476.4140625
1779138618.064764,4813,1.7221624984813388,3.0343374965013936,44.4,1048.9140625,18,1476.4140625
1779138618.0647645,4814,1.7221624984813388,3.0343999969772995,44.4,1048.9140625,18,1476.4140625
1779138618.064765,4815,1.7221624984813388,3.0344624974532053,44.4,1048.9140625,18,1476.4140625
1779138618.1028745,4816,1.4968374998716172,2.882362499804003,29.4,1048.9140625,18,1476.4140625
1779138618.1028855,4817,1.4968374998716172,2.88378749974072,29.4,1048.9140625,18,1476.4140625
1779138618.102888,4818,1.4968374998716172,2.883950000978075,29.4,1048.9140625,18,1476.4140625
1779138618.102889,4819,1.4968374998716172,2.8840500017395243,29.4,1048.9140625,18,1476.4140625
1779138618.1028895,4820,1.4968374998716172,2.8841375024057925,29.4,1048.9140625,18,1476.4140625
1779138618.1028905,4821,1.4968374998716172,2.884224999434082,29.4,1048.9140625,18,1476.4140625
1779138618.102891,4822,1.4968374998716172,2.8842874999099877,29.4,1048.9140625,18,1476.4140625
1779138618.1028955,4823,1.4968374998716172,2.8848625006503426,29.4,1048.9140625,18,1476.4140625
1779138618.1380944,4824,1.3658624993695412,2.697062500374159,0.0,1048.921875,18,1476.4140625
1779138618.138097,4825,1.3658624993695412,2.697299998544622,0.0,1048.921875,18,1476.4140625
1779138618.138098,4826,1.3658624993695412,2.6973874992108904,0.0,1048.921875,18,1476.4140625
1779138618.1380985,4827,1.3658624993695412,2.6974624997819774,0.0,1048.921875,18,1476.4140625
1779138618.138099,4828,1.3658624993695412,2.697525000257883,0.0,1048.921875,18,1476.4140625
1779138618.1380994,4829,1.3658624993695412,2.697587500733789,0.0,1048.921875,18,1476.4140625
1779138618.1381001,4830,1.3658624993695412,2.6976624976668973,0.0,1048.921875,18,1476.4140625
1779138618.1381004,4831,1.3658624993695412,2.697724998142803,0.0,1048.921875,18,1476.4140625
1779138618.1766167,4832,1.3557124984799884,2.779962498607347,23.1,1048.921875,18,1476.4140625
1779138618.1766195,4833,1.3557124984799884,2.780174996587448,23.1,1048.921875,18,1476.4140625
1779138618.1766202,4834,1.3557124984799884,2.780262497253716,23.1,1048.921875,18,1476.4140625
1779138618.1766207,4835,1.3557124984799884,2.7803124976344407,23.1,1048.921875,18,1476.4140625
1779138618.1766212,4836,1.3557124984799884,2.7803874982055277,23.1,1048.921875,18,1476.4140625
1779138618.176622,4837,1.3557124984799884,2.7804499986814335,23.1,1048.921875,18,1476.4140625
1779138618.1766224,4838,1.3557124984799884,2.7805124991573393,23.1,1048.921875,18,1476.4140625
1779138618.1766229,4839,1.3557124984799884,2.780574999633245,23.1,1048.921875,18,1476.4140625
1779138618.2143984,4840,1.3466249984048773,2.7212624991079792,0.0,1048.921875,18,1476.4140625
1779138618.214401,4841,1.3466249984048773,2.721475000726059,0.0,1048.921875,18,1476.4140625
1779138618.2144063,4842,1.3466249984048773,2.72209999820916,0.0,1048.921875,18,1476.4140625
1779138618.214407,4843,1.3466249984048773,2.722174998780247,0.0,1048.921875,18,1476.4140625
1779138618.2144074,4844,1.3466249984048773,2.7222374992561527,0.0,1048.921875,18,1476.4140625
1779138618.214408,4845,1.3466249984048773,2.7222999997320585,0.0,1048.921875,18,1476.4140625
1779138618.2144084,4846,1.3466249984048773,2.7223750003031455,0.0,1048.921875,18,1476.4140625
1779138618.2144086,4847,1.3466249984048773,2.72242500068387,0.0,1048.921875,18,1476.4140625
1779138618.2525764,4848,1.4646500021626707,2.825887502694968,47.4,1048.9296875,18,1476.4140625
1779138618.252579,4849,1.4646500021626707,2.8261125007702503,47.4,1048.9296875,18,1476.4140625
1779138618.2525797,4850,1.4646500021626707,2.826175001246156,47.4,1048.9296875,18,1476.4140625
1779138618.2525802,4851,1.4646500021626707,2.826250001817243,47.4,1048.9296875,18,1476.4140625
1779138618.2525806,4852,1.4646500021626707,2.826312502293149,47.4,1048.9296875,18,1476.4140625
1779138618.2525811,4853,1.4646500021626707,2.826387499226257,47.4,1048.9296875,18,1476.4140625
1779138618.2525816,4854,1.4646500021626707,2.826449999702163,47.4,1048.9296875,18,1476.4140625
1779138618.252582,4855,1.4646500021626707,2.8265000000828877,47.4,1048.9296875,18,1476.4140625
1779138618.2923725,4856,1.4351624995470047,2.856799997971393,0.0,1048.93359375,18,1476.4140625
1779138618.2923753,4857,1.4351624995470047,2.857012499589473,0.0,1048.93359375,18,1476.4140625
1779138618.292376,4858,1.4351624995470047,2.85708750016056,0.0,1048.93359375,18,1476.4140625
1779138618.2923765,4859,1.4351624995470047,2.857150000636466,0.0,1048.93359375,18,1476.4140625
1779138618.292377,4860,1.4351624995470047,2.857225001207553,0.0,1048.93359375,18,1476.4140625
1779138618.2923777,4861,1.4351624995470047,2.857299998140661,0.0,1048.93359375,18,1476.4140625
1779138618.2923825,4862,1.4351624995470047,2.857887498976197,0.0,1048.93359375,18,1476.4140625
1779138618.292383,4863,1.4351624995470047,2.857949999452103,0.0,1048.93359375,18,1476.4140625
1779138618.3310177,4864,1.4528499996231403,2.800887501507532,26.7,1048.9375,18,1476.4140625
1779138618.33102,4865,1.4528499996231403,2.8010874993924517,26.7,1048.9375,18,1476.4140625
1779138618.3310208,4866,1.4528499996231403,2.8011499998683576,26.7,1048.9375,18,1476.4140625
1779138618.3310213,4867,1.4528499996231403,2.8012125003442634,26.7,1048.9375,18,1476.4140625
1779138618.3310215,4868,1.4528499996231403,2.8012875009153504,26.7,1048.9375,18,1476.4140625
1779138618.331022,4869,1.4528499996231403,2.8013500013912562,26.7,1048.9375,18,1476.4140625
1779138618.3310225,4870,1.4528499996231403,2.801400001771981,26.7,1048.9375,18,1476.4140625
1779138618.3310232,4871,1.4528499996231403,2.8014625022478867,26.7,1048.9375,18,1476.4140625
1779138618.3705907,4872,1.711137498205062,3.035112498764647,0.0,1048.9375,18,1476.4140625
1779138618.3705933,4873,1.711137498205062,3.035312500287546,0.0,1048.9375,18,1476.4140625
1779138618.3705938,4874,1.711137498205062,3.035387500858633,0.0,1048.9375,18,1476.4140625
1779138618.3705945,4875,1.711137498205062,3.03544999769656,0.0,1048.9375,18,1476.4140625
1779138618.370595,4876,1.711137498205062,3.035537498362828,0.0,1048.9375,18,1476.4140625
1779138618.3705957,4877,1.711137498205062,3.035612498933915,0.0,1048.9375,18,1476.4140625
1779138618.3705962,4878,1.711137498205062,3.035674999409821,0.0,1048.9375,18,1476.4140625
1779138618.3705966,4879,1.711137498205062,3.0357374998857267,0.0,1048.9375,18,1476.4140625
1779138618.4087143,4880,1.3795499980915338,2.7357375001884066,23.1,1048.9453125,18,1476.4140625
1779138618.408717,4881,1.3795499980915338,2.7359499981685076,23.1,1048.9453125,18,1476.4140625
1779138618.4087176,4882,1.3795499980915338,2.7360249987395946,23.1,1048.9453125,18,1476.4140625
1779138618.408718,4883,1.3795499980915338,2.7360874992155004,23.1,1048.9453125,18,1476.4140625
1779138618.4087186,4884,1.3795499980915338,2.7361624997865874,23.1,1048.9453125,18,1476.4140625
1779138618.4087193,4885,1.3795499980915338,2.7362375003576744,23.1,1048.9453125,18,1476.4140625
1779138618.4087198,4886,1.3795499980915338,2.7363000008335803,23.1,1048.9453125,18,1476.4140625
1779138618.4087205,4887,1.3795499980915338,2.7363749977666885,23.1,1048.9453125,18,1476.4140625
1779138618.4480238,4888,1.5142000011110213,2.892437500122469,0.0,1048.9453125,18,1476.4140625
1779138618.4480264,4889,1.5142000011110213,2.89266250183573,0.0,1048.9453125,18,1476.4140625
1779138618.448027,4890,1.5142000011110213,2.892737502406817,0.0,1048.9453125,18,1476.4140625
1779138618.4480274,4891,1.5142000011110213,2.892799999244744,0.0,1048.9453125,18,1476.4140625
1779138618.4480278,4892,1.5142000011110213,2.89286249972065,0.0,1048.9453125,18,1476.4140625
1779138618.4480283,4893,1.5142000011110213,2.8929250001965556,0.0,1048.9453125,18,1476.4140625
1779138618.448029,4894,1.5142000011110213,2.8929875006724615,0.0,1048.9453125,18,1476.4140625
1779138618.4480295,4895,1.5142000011110213,2.893037501053186,0.0,1048.9453125,18,1476.4140625
1779138618.4916594,4896,1.951312500750646,3.2744250020186882,17.6,1048.9453125,18,1476.4140625
1779138618.491662,4897,1.951312500750646,3.274624999903608,17.6,1048.9453125,18,1476.4140625
1779138618.4916625,4898,1.951312500750646,3.274687500379514,17.6,1048.9453125,18,1476.4140625
1779138618.4916632,4899,1.951312500750646,3.274762500950601,17.6,1048.9453125,18,1476.4140625
1779138618.4916637,4900,1.951312500750646,3.274825001426507,17.6,1048.9453125,18,1476.4140625
1779138618.491669,4901,1.951312500750646,3.275487499195151,17.6,1048.9453125,18,1476.4140625
1779138618.4916694,4902,1.951312500750646,3.275562499766238,17.6,1048.9453125,18,1476.4140625
1779138618.4916704,4903,1.951312500750646,3.275637500337325,17.6,1048.9453125,18,1476.4140625
1779138618.532094,4904,1.6128874995047227,3.000187502038898,36.4,1048.94921875,18,1476.4140625
1779138618.5320969,4905,1.6128874995047227,3.000387499923818,36.4,1048.94921875,18,1476.4140625
1779138618.5320973,4906,1.6128874995047227,3.000475000590086,36.4,1048.94921875,18,1476.4140625
1779138618.5320978,4907,1.6128874995047227,3.000537501065992,36.4,1048.94921875,18,1476.4140625
1779138618.5320985,4908,1.6128874995047227,3.00062500173226,36.4,1048.94921875,18,1476.4140625
1779138618.532099,4909,1.6128874995047227,3.0006750021129847,36.4,1048.94921875,18,1476.4140625
1779138618.5320995,4910,1.6128874995047227,3.000762499141274,36.4,1048.94921875,18,1476.4140625
1779138618.5321002,4911,1.6128874995047227,3.00082499961718,36.4,1048.94921875,18,1476.4140625
1779138618.5746083,4912,1.714412501314655,3.1439750018762425,0.0,1048.95703125,18,1476.4140625
1779138618.5746112,4913,1.714412501314655,3.1441749997611623,0.0,1048.95703125,18,1476.4140625
1779138618.5746117,4914,1.714412501314655,3.1442500003322493,0.0,1048.95703125,18,1476.4140625
1779138618.5746124,4915,1.714412501314655,3.144312500808155,0.0,1048.95703125,18,1476.4140625
1779138618.5746126,4916,1.714412501314655,3.144375001284061,0.0,1048.95703125,18,1476.4140625
1779138618.5746133,4917,1.714412501314655,3.144437501759967,0.0,1048.95703125,18,1476.4140625
1779138618.574614,4918,1.714412501314655,3.144499998597894,0.0,1048.95703125,18,1476.4140625
1779138618.5746145,4919,1.714412501314655,3.144574999168981,0.0,1048.95703125,18,1476.4140625
1779138618.6132033,4920,1.3589999980467837,2.693087499210378,7.7,1048.9609375,18,1476.4140625
1779138618.6132057,4921,1.3589999980467837,2.693287500733277,7.7,1048.9609375,18,1476.4140625
1779138618.6132066,4922,1.3589999980467837,2.693362497666385,7.7,1048.9609375,18,1476.4140625
1779138618.6132069,4923,1.3589999980467837,2.693424998142291,7.7,1048.9609375,18,1476.4140625
1779138618.6132073,4924,1.3589999980467837,2.6934874986181967,7.7,1048.9609375,18,1476.4140625
1779138618.6132078,4925,1.3589999980467837,2.6935374989989214,7.7,1048.9609375,18,1476.4140625
1779138618.6132083,4926,1.3589999980467837,2.693599999474827,7.7,1048.9609375,18,1476.4140625
1779138618.6132085,4927,1.3589999980467837,2.693649999855552,7.7,1048.9609375,18,1476.4140625
1779138618.6515095,4928,1.391775000229245,2.7650875017570797,0.0,1048.9609375,18,1476.4140625
1779138618.651512,4929,1.391775000229245,2.7652999997371808,0.0,1048.9609375,18,1476.4140625
1779138618.6515126,4930,1.391775000229245,2.765387500403449,0.0,1048.9609375,18,1476.4140625
1779138618.651513,4931,1.391775000229245,2.7654500008793548,0.0,1048.9609375,18,1476.4140625
1779138618.6515136,4932,1.391775000229245,2.7655125013552606,0.0,1048.9609375,18,1476.4140625
1779138618.651514,4933,1.391775000229245,2.7655625017359853,0.0,1048.9609375,18,1476.4140625
1779138618.6515145,4934,1.391775000229245,2.7656500024022534,0.0,1048.9609375,18,1476.4140625
1779138618.6515152,4935,1.391775000229245,2.765700002782978,0.0,1048.9609375,18,1476.4140625
1779138618.6892998,4936,1.4357250001921784,2.7545250013645273,30.0,1047.3359375,18,1476.4140625
1779138618.6893024,4937,1.4357250001921784,2.7547374993446283,30.0,1047.3359375,18,1476.4140625
1779138618.689303,4938,1.4357250001921784,2.754799999820534,30.0,1047.3359375,18,1476.4140625
1779138618.6893036,4939,1.4357250001921784,2.754875000391621,30.0,1047.3359375,18,1476.4140625
1779138618.689306,4940,1.4357250001921784,2.7551749990379903,30.0,1047.3359375,18,1476.4140625
1779138618.6893067,4941,1.4357250001921784,2.7552499996090773,30.0,1047.3359375,18,1476.4140625
1779138618.6893072,4942,1.4357250001921784,2.755312500084983,30.0,1047.3359375,18,1476.4140625
1779138618.6893077,4943,1.4357250001921784,2.755375000560889,30.0,1047.3359375,18,1476.4140625
1779138618.7332442,4944,1.359674999548588,2.7675249984895345,0.0,1049.625,18,1476.4140625
1779138618.7332482,4945,1.359674999548588,2.767850000964245,0.0,1049.625,18,1476.4140625
1779138618.7332494,4946,1.359674999548588,2.76799999846844,0.0,1049.625,18,1476.4140625
1779138618.7332504,4947,1.359674999548588,2.7680999992298894,0.0,1049.625,18,1476.4140625
1779138618.733251,4948,1.359674999548588,2.7681874998961575,0.0,1049.625,18,1476.4140625
1779138618.7332518,4949,1.359674999548588,2.7682750005624257,0.0,1049.625,18,1476.4140625
1779138618.7332525,4950,1.359674999548588,2.768362497590715,0.0,1049.625,18,1476.4140625
1779138618.733253,4951,1.359674999548588,2.7684499982569832,0.0,1049.625,18,1476.4140625
1779138618.772907,4952,1.4983125001890585,2.8520999985630624,45.5,1048.0078125,18,1476.4140625
1779138618.7729099,4953,1.4983125001890585,2.852300000085961,45.5,1048.0078125,18,1476.4140625
1779138618.7729104,4954,1.4983125001890585,2.8523875007522292,45.5,1048.0078125,18,1476.4140625
1779138618.772911,4955,1.4983125001890585,2.852450001228135,45.5,1048.0078125,18,1476.4140625
1779138618.7729115,4956,1.4983125001890585,2.852512498066062,45.5,1048.0078125,18,1476.4140625
1779138618.7729118,4957,1.4983125001890585,2.852574998541968,45.5,1048.0078125,18,1476.4140625
1779138618.7729125,4958,1.4983125001890585,2.852637499017874,45.5,1048.0078125,18,1476.4140625
1779138618.7729175,4959,1.4983125001890585,2.8532750002341345,45.5,1048.0078125,18,1476.4140625
1779138618.8115175,4960,1.4200500008882955,2.7977375029877294,20.0,1048.765625,15,1476.4140625
1779138618.81152,4961,1.4200500008882955,2.7979500009678304,20.0,1048.765625,15,1476.4140625
1779138618.8115208,4962,1.4200500008882955,2.7980125014437363,20.0,1048.765625,15,1476.4140625
1779138618.8115213,4963,1.4200500008882955,2.7980875020148233,20.0,1048.765625,15,1476.4140625
1779138618.8115218,4964,1.4200500008882955,2.798137502395548,20.0,1048.765625,15,1476.4140625
1779138618.8115222,4965,1.4200500008882955,2.7982000028714538,20.0,1048.765625,15,1476.4140625
1779138618.8115227,4966,1.4200500008882955,2.798262499709381,20.0,1048.765625,15,1476.4140625
1779138618.811523,4967,1.4200500008882955,2.7983125000901055,20.0,1048.765625,15,1476.4140625
1779138618.851608,4968,1.668887500272831,3.0071875007706694,28.6,1048.83984375,15,1476.4140625
1779138618.8516107,4969,1.668887500272831,3.0073999987507705,28.6,1048.83984375,15,1476.4140625
1779138618.8516114,4970,1.668887500272831,3.0074874994170386,28.6,1048.83984375,15,1476.4140625
1779138618.851612,4971,1.668887500272831,3.007575000083307,28.6,1048.83984375,15,1476.4140625
1779138618.8516126,4972,1.668887500272831,3.0076250004640315,28.6,1048.83984375,15,1476.4140625
1779138618.8516133,4973,1.668887500272831,3.0077000010351185,28.6,1048.83984375,15,1476.4140625
1779138618.8516161,4974,1.668887500272831,3.0080750002525747,28.6,1048.83984375,15,1476.4140625
1779138618.8516169,4975,1.668887500272831,3.0081375007284805,28.6,1048.83984375,15,1476.4140625
1779138618.8908813,4976,1.4845250007056165,2.7901249995920807,41.7,1048.84375,15,1476.4140625
1779138618.890884,4977,1.4845250007056165,2.7903375012101606,41.7,1048.84375,15,1476.4140625
1779138618.8908849,4978,1.4845250007056165,2.7904250018764287,41.7,1048.84375,15,1476.4140625
1779138618.890891,4979,1.4845250007056165,2.791225000692066,41.7,1048.84375,15,1476.4140625
1779138618.8908918,4980,1.4845250007056165,2.791300001263153,41.7,1048.84375,15,1476.4140625
1779138618.8908923,4981,1.4845250007056165,2.7913625017390586,41.7,1048.84375,15,1476.4140625
1779138618.8908927,4982,1.4845250007056165,2.7914250022149645,41.7,1048.84375,15,1476.4140625
1779138618.8908932,4983,1.4845250007056165,2.7915125028812326,41.7,1048.84375,15,1476.4140625
1779138618.9301991,4984,1.4890749989717733,2.822099999320926,45.5,1048.96875,15,1476.4140625
1779138618.9302013,4985,1.4890749989717733,2.822287497110665,45.5,1048.96875,15,1476.4140625
1779138618.930202,4986,1.4890749989717733,2.822362497681752,45.5,1048.96875,15,1476.4140625
1779138618.9302027,4987,1.4890749989717733,2.822437498252839,45.5,1048.96875,15,1476.4140625
1779138618.9302032,4988,1.4890749989717733,2.822512498823926,45.5,1048.96875,15,1476.4140625
1779138618.930204,4989,1.4890749989717733,2.822587499395013,45.5,1048.96875,15,1476.4140625
1779138618.9302044,4990,1.4890749989717733,2.8227749971847516,45.5,1048.96875,15,1476.4140625
1779138618.930206,4991,1.4890749989717733,2.8228499977558386,45.5,1048.96875,15,1476.4140625
1779138618.9727585,4992,1.873774999694433,3.226912500394974,16.7,1048.96875,15,1476.4140625
1779138618.9727619,4993,1.873774999694433,3.227124998375075,16.7,1048.96875,15,1476.4140625
1779138618.9727626,4994,1.873774999694433,3.227199998946162,16.7,1048.96875,15,1476.4140625
1779138618.972763,4995,1.873774999694433,3.22728749961243,16.7,1048.96875,15,1476.4140625
1779138618.9727635,4996,1.873774999694433,3.227350000088336,16.7,1048.96875,15,1476.4140625
1779138618.9727643,4997,1.873774999694433,3.227412500564242,16.7,1048.96875,15,1476.4140625
1779138618.972769,4998,1.873774999694433,3.22801249785698,16.7,1048.96875,15,1476.4140625
1779138618.9727695,4999,1.873774999694433,3.228062498237705,16.7,1048.96875,15,1476.4140625
1779138619.013181,5000,1.391324996802723,2.7317374988342635,0.0,1049.12109375,15,1476.4140625
1779138619.0131838,5001,1.391324996802723,2.7319499968143646,0.0,1049.12109375,15,1476.4140625
1779138619.0131845,5002,1.391324996802723,2.7320249973854516,0.0,1049.12109375,15,1476.4140625
1779138619.0131848,5003,1.391324996802723,2.7320749977661762,0.0,1049.12109375,15,1476.4140625
1779138619.0131855,5004,1.391324996802723,2.7321624984324444,0.0,1049.12109375,15,1476.4140625
1779138619.013186,5005,1.391324996802723,2.7322249989083502,0.0,1049.12109375,15,1476.4140625
1779138619.0131865,5006,1.391324996802723,2.732287499384256,0.0,1049.12109375,15,1476.4140625
1779138619.013187,5007,1.391324996802723,2.7323374997649807,0.0,1049.12109375,15,1476.4140625
1779138619.0533636,5008,1.4934249993530102,2.800250000291271,16.7,1049.20703125,15,1476.4140625
1779138619.053366,5009,1.4934249993530102,2.80045000181417,16.7,1049.20703125,15,1476.4140625
1779138619.0533664,5010,1.4934249993530102,2.800512498652097,16.7,1049.20703125,15,1476.4140625
1779138619.0533671,5011,1.4934249993530102,2.8005749991280027,16.7,1049.20703125,15,1476.4140625
1779138619.0533679,5012,1.4934249993530102,2.8006499996990897,16.7,1049.20703125,15,1476.4140625
1779138619.0533683,5013,1.4934249993530102,2.8007250002701767,16.7,1049.20703125,15,1476.4140625
1779138619.0533688,5014,1.4934249993530102,2.8007875007460825,16.7,1049.20703125,15,1476.4140625
1779138619.0533693,5015,1.4934249993530102,2.8008500012219884,16.7,1049.20703125,15,1476.4140625
1779138619.093344,5016,1.4158999983919784,2.784837499348214,15.4,1049.4140625,15,1476.4140625
1779138619.0933468,5017,1.4158999983919784,2.785062497423496,15.4,1049.4140625,15,1476.4140625
1779138619.0933518,5018,1.4158999983919784,2.785712498734938,15.4,1049.4140625,15,1476.4140625
1779138619.0933526,5019,1.4158999983919784,2.785799999401206,15.4,1049.4140625,15,1476.4140625
1779138619.0933533,5020,1.4158999983919784,2.785862499877112,15.4,1049.4140625,15,1476.4140625
1779138619.0933535,5021,1.4158999983919784,2.785924996715039,15.4,1049.4140625,15,1476.4140625
1779138619.0933542,5022,1.4158999983919784,2.785999997286126,15.4,1049.4140625,15,1476.4140625
1779138619.0933545,5023,1.4158999983919784,2.7860499976668507,15.4,1049.4140625,15,1476.4140625
1779138619.1318853,5024,1.3547124981414527,2.691562498512212,14.3,1049.5,15,1476.4140625
1779138619.1318877,5025,1.3547124981414527,2.6917374998447485,14.3,1049.5,15,1476.4140625
1779138619.1318884,5026,1.3547124981414527,2.6918125004158355,14.3,1049.5,15,1476.4140625
1779138619.1318889,5027,1.3547124981414527,2.6918874973489437,14.3,1049.5,15,1476.4140625
1779138619.1318893,5028,1.3547124981414527,2.6919374977296684,14.3,1049.5,15,1476.4140625
1779138619.1318898,5029,1.3547124981414527,2.6920124983007554,14.3,1049.5,15,1476.4140625
1779138619.1318905,5030,1.3547124981414527,2.6920749987766612,14.3,1049.5,15,1476.4140625
1779138619.1318908,5031,1.3547124981414527,2.692124999157386,14.3,1049.5,15,1476.4140625
1779138619.1710863,5032,1.4603124982386362,2.8020874997309875,37.5,1049.5078125,15,1476.4140625
1779138619.1710892,5033,1.4603124982386362,2.802337497996632,37.5,1049.5078125,15,1476.4140625
1779138619.17109,5034,1.4603124982386362,2.802399998472538,37.5,1049.5078125,15,1476.4140625
1779138619.1710904,5035,1.4603124982386362,2.8024624989484437,37.5,1049.5078125,15,1476.4140625
1779138619.1710906,5036,1.4603124982386362,2.8025249994243495,37.5,1049.5078125,15,1476.4140625
1779138619.1710958,5037,1.4603124982386362,2.803137500450248,37.5,1049.5078125,15,1476.4140625
1779138619.1710963,5038,1.4603124982386362,2.803212501021335,37.5,1049.5078125,15,1476.4140625
1779138619.1710968,5039,1.4603124982386362,2.803274997859262,37.5,1049.5078125,15,1476.4140625
1779138619.2114916,5040,1.7217250024259556,3.0581625032937154,15.4,1049.51953125,15,1476.4140625
1779138619.2114944,5041,1.7217250024259556,3.0583750012738165,15.4,1049.51953125,15,1476.4140625
1779138619.211495,5042,1.7217250024259556,3.0584500018449035,15.4,1049.51953125,15,1476.4140625
1779138619.2114954,5043,1.7217250024259556,3.0585250024159905,15.4,1049.51953125,15,1476.4140625
1779138619.2114959,5044,1.7217250024259556,3.058575002796715,15.4,1049.51953125,15,1476.4140625
1779138619.2114964,5045,1.7217250024259556,3.058650003367802,15.4,1049.51953125,15,1476.4140625
1779138619.211497,5046,1.7217250024259556,3.058700000110548,15.4,1049.51953125,15,1476.4140625
1779138619.2114975,5047,1.7217250024259556,3.058775000681635,15.4,1049.51953125,15,1476.4140625
1779138619.2529876,5048,1.6763374987931456,3.052374999242602,42.9,1049.51953125,15,1476.4140625
1779138619.25299,5049,1.6763374987931456,3.0525625006703194,42.9,1049.51953125,15,1476.4140625
1779138619.2529907,5050,1.6763374987931456,3.0526249975082465,42.9,1049.51953125,15,1476.4140625
1779138619.252991,5051,1.6763374987931456,3.0526999980793335,42.9,1049.51953125,15,1476.4140625
1779138619.2529917,5052,1.6763374987931456,3.0527749986504205,42.9,1049.51953125,15,1476.4140625
1779138619.2529922,5053,1.6763374987931456,3.0528374991263263,42.9,1049.51953125,15,1476.4140625
1779138619.2529929,5054,1.6763374987931456,3.052899999602232,42.9,1049.51953125,15,1476.4140625
1779138619.252993,5055,1.6763374987931456,3.052949999982957,42.9,1049.51953125,15,1476.4140625
1779138619.2968407,5056,1.8282874989381526,3.2514749982510693,12.5,1049.5234375,14,1476.4140625
1779138619.2968483,5057,1.8282874989381526,3.2523125009902287,12.5,1049.5234375,14,1476.4140625
1779138619.2968495,5058,1.8282874989381526,3.2523875015613157,12.5,1049.5234375,14,1476.4140625
1779138619.29685,5059,1.8282874989381526,3.252474998589605,12.5,1049.5234375,14,1476.4140625
1779138619.2968504,5060,1.8282874989381526,3.252549999160692,12.5,1049.5234375,14,1476.4140625
1779138619.296851,5061,1.8282874989381526,3.252612499636598,12.5,1049.5234375,14,1476.4140625
1779138619.2968516,5062,1.8282874989381526,3.2527125003980473,12.5,1049.5234375,14,1476.4140625
1779138619.2968526,5063,1.8282874989381526,3.2527875009691343,12.5,1049.5234375,14,1476.4140625
1779138619.3360448,5064,1.4730999973835424,2.852849996997975,53.3,1049.53125,14,1476.4140625
1779138619.3360472,5065,1.4730999973835424,2.8530374984256923,53.3,1049.53125,14,1476.4140625
1779138619.336048,5066,1.4730999973835424,2.853099998901598,53.3,1049.53125,14,1476.4140625
1779138619.3360484,5067,1.4730999973835424,2.853162499377504,53.3,1049.53125,14,1476.4140625
1779138619.3360488,5068,1.4730999973835424,2.853237499948591,53.3,1049.53125,14,1476.4140625
1779138619.3360493,5069,1.4730999973835424,2.853300000424497,53.3,1049.53125,14,1476.4140625
1779138619.3360496,5070,1.4730999973835424,2.8533499971672427,53.3,1049.53125,14,1476.4140625
1779138619.3360503,5071,1.4730999973835424,2.8534124976431485,53.3,1049.53125,14,1476.4140625
1779138619.37817,5072,1.4790124987484887,2.8420124981494155,23.1,1049.60546875,14,1476.4140625
1779138619.3781726,5073,1.4790124987484887,2.842199999577133,23.1,1049.60546875,14,1476.4140625
1779138619.378173,5074,1.4790124987484887,2.842262500053039,23.1,1049.60546875,14,1476.4140625
1779138619.3781736,5075,1.4790124987484887,2.842324996890966,23.1,1049.60546875,14,1476.4140625
1779138619.3781786,5076,1.4790124987484887,2.842924997821683,23.1,1049.60546875,14,1476.4140625
1779138619.378179,5077,1.4790124987484887,2.842987498297589,23.1,1049.60546875,14,1476.4140625
1779138619.3781796,5078,1.4790124987484887,2.8430374986783136,23.1,1049.60546875,14,1476.4140625
1779138619.3781798,5079,1.4790124987484887,2.8431124992494006,23.1,1049.60546875,14,1476.4140625
1779138619.4170933,5080,1.4020500020706095,2.7369125018594787,0.0,1049.828125,14,1476.4140625
1779138619.417096,5081,1.4020500020706095,2.737137499934761,0.0,1049.828125,14,1476.4140625
1779138619.4170964,5082,1.4020500020706095,2.737212500505848,0.0,1049.828125,14,1476.4140625
1779138619.4170973,5083,1.4020500020706095,2.7372750009817537,0.0,1049.828125,14,1476.4140625
1779138619.4170978,5084,1.4020500020706095,2.7373375014576595,0.0,1049.828125,14,1476.4140625
1779138619.417098,5085,1.4020500020706095,2.7374000019335654,0.0,1049.828125,14,1476.4140625
1779138619.4170985,5086,1.4020500020706095,2.7374749988666736,0.0,1049.828125,14,1476.4140625
1779138619.417099,5087,1.4020500020706095,2.7375249992473982,0.0,1049.828125,14,1476.4140625
1779138619.4552891,5088,1.3633874987135641,2.6909999978670385,13.3,1049.83203125,14,1476.4140625
1779138619.4552917,5089,1.3633874987135641,2.6912124994851183,13.3,1049.83203125,14,1476.4140625
1779138619.4552922,5090,1.3633874987135641,2.691274999961024,13.3,1049.83203125,14,1476.4140625
1779138619.4552927,5091,1.3633874987135641,2.691350000532111,13.3,1049.83203125,14,1476.4140625
1779138619.4552932,5092,1.3633874987135641,2.691412501008017,13.3,1049.83203125,14,1476.4140625
1779138619.4552937,5093,1.3633874987135641,2.691474997845944,13.3,1049.83203125,14,1476.4140625
1779138619.4552941,5094,1.3633874987135641,2.69153749832185,13.3,1049.83203125,14,1476.4140625
1779138619.4552946,5095,1.3633874987135641,2.6915999987977557,13.3,1049.83203125,14,1476.4140625
1779138619.495614,5096,1.5640124984201975,2.9352374986046925,0.0,1049.83984375,14,1476.4140625
1779138619.4956167,5097,1.5640124984201975,2.9354500002227724,0.0,1049.83984375,14,1476.4140625
1779138619.4956174,5098,1.5640124984201975,2.9355124970606994,0.0,1049.83984375,14,1476.4140625
1779138619.4956179,5099,1.5640124984201975,2.935562497441424,0.0,1049.83984375,14,1476.4140625
1779138619.4956183,5100,1.5640124984201975,2.935637498012511,0.0,1049.83984375,14,1476.4140625
1779138619.4956188,5101,1.5640124984201975,2.935699998488417,0.0,1049.83984375,14,1476.4140625
1779138619.4956193,5102,1.5640124984201975,2.935774999059504,0.0,1049.83984375,14,1476.4140625
1779138619.4956198,5103,1.5640124984201975,2.9358374995354097,0.0,1049.83984375,14,1476.4140625
1779138619.5345118,5104,1.4559249975718558,2.813462499034358,23.1,1049.8515625,14,1476.4140625
1779138619.5345159,5105,1.4559249975718558,2.8137749977759086,23.1,1049.8515625,14,1476.4140625
1779138619.5345168,5106,1.4559249975718558,2.813887498632539,23.1,1049.8515625,14,1476.4140625
1779138619.5345175,5107,1.4559249975718558,2.8139749992988072,23.1,1049.8515625,14,1476.4140625
1779138619.5345182,5108,1.4559249975718558,2.8140624999650754,23.1,1049.8515625,14,1476.4140625
1779138619.534519,5109,1.4559249975718558,2.8141625007265247,23.1,1049.8515625,14,1476.4140625
1779138619.5345194,5110,1.4559249975718558,2.814249997754814,23.1,1049.8515625,14,1476.4140625
1779138619.5345204,5111,1.4559249975718558,2.8143374984210823,23.1,1049.8515625,14,1476.4140625
1779138619.5764635,5112,1.5169250000326429,2.8563749983732123,0.0,1049.8515625,14,1476.4140625
1779138619.5764668,5113,1.5169250000326429,2.856650000467198,0.0,1049.8515625,14,1476.4140625
1779138619.5764678,5114,1.5169250000326429,2.8567374974954873,0.0,1049.8515625,14,1476.4140625
1779138619.57647,5115,1.5169250000326429,2.8570624999701977,0.0,1049.8515625,14,1476.4140625
1779138619.576471,5116,1.5169250000326429,2.857162500731647,0.0,1049.8515625,14,1476.4140625
1779138619.5764718,5117,1.5169250000326429,2.8572749979502987,0.0,1049.8515625,14,1476.4140625
1779138619.5764725,5118,1.5169250000326429,2.857362498616567,0.0,1049.8515625,14,1476.4140625
1779138619.576473,5119,1.5169250000326429,2.857437499187654,0.0,1049.8515625,14,1476.4140625
1779138619.6212425,5120,1.5701124975748826,2.891562500735745,0.0,1049.859375,14,1476.4140625
1779138619.6212451,5121,1.5701124975748826,2.891774998715846,0.0,1049.859375,14,1476.4140625
1779138619.6212459,5122,1.5701124975748826,2.891849999286933,0.0,1049.859375,14,1476.4140625
1779138619.6212466,5123,1.5701124975748826,2.89192499985802,0.0,1049.859375,14,1476.4140625
1779138619.621247,5124,1.5701124975748826,2.892000000429107,0.0,1049.859375,14,1476.4140625
1779138619.6212478,5125,1.5701124975748826,2.892075001000194,0.0,1049.859375,14,1476.4140625
1779138619.6212482,5126,1.5701124975748826,2.892149997933302,0.0,1049.859375,14,1476.4140625
1779138619.6212487,5127,1.5701124975748826,2.892212498409208,0.0,1049.859375,14,1476.4140625
1779138619.6627898,5128,1.4511374974972568,2.810387497447664,40.0,1049.859375,14,1476.4140625
1779138619.6627927,5129,1.4511374974972568,2.810612499160925,40.0,1049.859375,14,1476.4140625
1779138619.6627932,5130,1.4511374974972568,2.8106749996368308,40.0,1049.859375,14,1476.4140625
1779138619.6627936,5131,1.4511374974972568,2.8107500002079178,40.0,1049.859375,14,1476.4140625
1779138619.6627944,5132,1.4511374974972568,2.8108125006838236,40.0,1049.859375,14,1476.4140625
1779138619.6627948,5133,1.4511374974972568,2.8108749975217506,40.0,1049.859375,14,1476.4140625
1779138619.6627955,5134,1.4511374974972568,2.8109499980928376,40.0,1049.859375,14,1476.4140625
1779138619.6627998,5135,1.4511374974972568,2.8115124987380113,40.0,1049.859375,14,1476.4140625
1779138619.7019854,5136,1.510024998424342,2.871975000743987,25.0,1049.86328125,14,1476.4140625
1779138619.7019877,5137,1.510024998424342,2.872187498724088,25.0,1049.86328125,14,1476.4140625
1779138619.7019885,5138,1.510024998424342,2.872262499295175,25.0,1049.86328125,14,1476.4140625
1779138619.701989,5139,1.510024998424342,2.872337499866262,25.0,1049.86328125,14,1476.4140625
1779138619.7019894,5140,1.510024998424342,2.872400000342168,25.0,1049.86328125,14,1476.4140625
1779138619.7019901,5141,1.510024998424342,2.872475000913255,25.0,1049.86328125,14,1476.4140625
1779138619.7019906,5142,1.510024998424342,2.8725375013891608,25.0,1049.86328125,14,1476.4140625
1779138619.701991,5143,1.510024998424342,2.8725874981319066,25.0,1049.86328125,14,1476.4140625
1779138619.7413394,5144,1.4870999984850641,2.830424997227965,66.7,1049.8671875,14,1476.4140625
1779138619.7413423,5145,1.4870999984850641,2.8306374988460448,66.7,1049.8671875,14,1476.4140625
1779138619.7413428,5146,1.4870999984850641,2.8307124994171318,66.7,1049.8671875,14,1476.4140625
1779138619.7413435,5147,1.4870999984850641,2.8307874999882188,66.7,1049.8671875,14,1476.4140625
1779138619.741344,5148,1.4870999984850641,2.830849996826146,66.7,1049.8671875,14,1476.4140625
1779138619.7413445,5149,1.4870999984850641,2.830937497492414,66.7,1049.8671875,14,1476.4140625
1779138619.7413452,5150,1.4870999984850641,2.831012498063501,66.7,1049.8671875,14,1476.4140625
1779138619.741346,5151,1.4870999984850641,2.831074998539407,66.7,1049.8671875,14,1476.4140625
1779138619.7812598,5152,1.509887497377349,2.849237498594448,13.3,1049.8671875,13,1476.4140625
1779138619.7812624,5153,1.509887497377349,2.849462500307709,13.3,1049.8671875,13,1476.4140625
1779138619.7812672,5154,1.509887497377349,2.850049997505266,13.3,1049.8671875,13,1476.4140625
1779138619.7812676,5155,1.509887497377349,2.8501249980763532,13.3,1049.8671875,13,1476.4140625
1779138619.7812681,5156,1.509887497377349,2.850174998457078,13.3,1049.8671875,13,1476.4140625
1779138619.7812686,5157,1.509887497377349,2.8502249988378026,13.3,1049.8671875,13,1476.4140625
1779138619.781269,5158,1.509887497377349,2.8502874993137084,13.3,1049.8671875,13,1476.4140625
1779138619.7812696,5159,1.509887497377349,2.850337499694433,13.3,1049.8671875,13,1476.4140625
1779138619.8220165,5160,1.5092749999894295,2.8917625022586435,22.2,1049.875,13,1476.4140625
1779138619.822019,5161,1.5092749999894295,2.8919750002387445,22.2,1049.875,13,1476.4140625
1779138619.8220196,5162,1.5092749999894295,2.8920500008098315,22.2,1049.875,13,1476.4140625
1779138619.82202,5163,1.5092749999894295,2.8921125012857374,22.2,1049.875,13,1476.4140625
1779138619.8220205,5164,1.5092749999894295,2.892162501666462,22.2,1049.875,13,1476.4140625
1779138619.822021,5165,1.5092749999894295,2.892225002142368,22.2,1049.875,13,1476.4140625
1779138619.8220215,5166,1.5092749999894295,2.8922750025230926,22.2,1049.875,13,1476.4140625
1779138619.822022,5167,1.5092749999894295,2.8923375029989984,22.2,1049.875,13,1476.4140625
1779138619.8624918,5168,1.5338874982262496,2.838774998963345,20.0,1049.875,13,1476.4140625
1779138619.862495,5169,1.5338874982262496,2.839012497133808,20.0,1049.875,13,1476.4140625
1779138619.8624954,5170,1.5338874982262496,2.839087497704895,20.0,1049.875,13,1476.4140625
1779138619.862496,5171,1.5338874982262496,2.83913749808562,20.0,1049.875,13,1476.4140625
1779138619.8625057,5172,1.5338874982262496,2.8406249984982423,20.0,1049.875,13,1476.4140625
1779138619.8625112,5173,1.5338874982262496,2.841037498001242,20.0,1049.875,13,1476.4140625
1779138619.8625166,5174,1.5338874982262496,2.8417374996934086,20.0,1049.875,13,1476.4140625
1779138619.8625174,5175,1.5338874982262496,2.8418125002644956,20.0,1049.875,13,1476.4140625
1779138619.9013612,5176,1.4609999998356216,2.802512502967147,0.0,1049.8828125,13,1476.4140625
1779138619.9013638,5177,1.4609999998356216,2.802712500852067,0.0,1049.8828125,13,1476.4140625
1779138619.9013646,5178,1.4609999998356216,2.802787501423154,0.0,1049.8828125,13,1476.4140625
1779138619.901365,5179,1.4609999998356216,2.802862501994241,0.0,1049.8828125,13,1476.4140625
1779138619.9013658,5180,1.4609999998356216,2.802925002470147,0.0,1049.8828125,13,1476.4140625
1779138619.901366,5181,1.4609999998356216,2.8029875029460527,0.0,1049.8828125,13,1476.4140625
1779138619.9013665,5182,1.4609999998356216,2.8030374996887986,0.0,1049.8828125,13,1476.4140625
1779138619.901367,5183,1.4609999998356216,2.8031000001647044,0.0,1049.8828125,13,1476.4140625
1779138619.9437773,5184,1.5569624993077014,2.9257249989314005,11.1,1049.8828125,13,1476.4140625
1779138619.9437802,5185,1.5569624993077014,2.9259375005494803,11.1,1049.8828125,13,1476.4140625
1779138619.9437807,5186,1.5569624993077014,2.926000001025386,11.1,1049.8828125,13,1476.4140625
1779138619.9437811,5187,1.5569624993077014,2.9260749979584944,11.1,1049.8828125,13,1476.4140625
1779138619.9437816,5188,1.5569624993077014,2.9261374984344,11.1,1049.8828125,13,1476.4140625
1779138619.943782,5189,1.5569624993077014,2.926212499005487,11.1,1049.8828125,13,1476.4140625
1779138619.9437826,5190,1.5569624993077014,2.926262499386212,11.1,1049.8828125,13,1476.4140625
1779138619.9437833,5191,1.5569624993077014,2.9263124997669365,11.1,1049.8828125,13,1476.4140625
1779138619.984502,5192,1.4489999994111713,2.770537499600323,25.0,1049.88671875,13,1476.4140625
1779138619.9845045,5193,1.4489999994111713,2.7707375011232216,25.0,1049.88671875,13,1476.4140625
1779138619.9845054,5194,1.4489999994111713,2.7708125016943086,25.0,1049.88671875,13,1476.4140625
1779138619.984506,5195,1.4489999994111713,2.7708750021702144,25.0,1049.88671875,13,1476.4140625
1779138619.9845064,5196,1.4489999994111713,2.7709499991033226,25.0,1049.88671875,13,1476.4140625
1779138619.9845068,5197,1.4489999994111713,2.7709999994840473,25.0,1049.88671875,13,1476.4140625
1779138619.9845073,5198,1.4489999994111713,2.7710750000551343,25.0,1049.88671875,13,1476.4140625
1779138619.9845078,5199,1.4489999994111713,2.771125000435859,25.0,1049.88671875,13,1476.4140625
1779138620.0247343,5200,1.4749875008419622,2.8045500002917834,0.0,1049.88671875,13,1476.4140625
1779138620.0247364,5201,1.4749875008419622,2.804750001814682,0.0,1049.88671875,13,1476.4140625
1779138620.0247371,5202,1.4749875008419622,2.804825002385769,0.0,1049.88671875,13,1476.4140625
1779138620.0247376,5203,1.4749875008419622,2.804887502861675,0.0,1049.88671875,13,1476.4140625
1779138620.0247383,5204,1.4749875008419622,2.804962499794783,0.0,1049.88671875,13,1476.4140625
1779138620.0247386,5205,1.4749875008419622,2.8050125001755077,0.0,1049.88671875,13,1476.4140625
1779138620.024739,5206,1.4749875008419622,2.8050625005562324,0.0,1049.88671875,13,1476.4140625
1779138620.0247393,5207,1.4749875008419622,2.805112500936957,0.0,1049.88671875,13,1476.4140625
1779138620.0640478,5208,1.4998125006968621,2.8506000016932376,36.4,1049.890625,13,1476.4140625
1779138620.0640502,5209,1.4998125006968621,2.8507999995781574,36.4,1049.890625,13,1476.4140625
1779138620.064051,5210,1.4998125006968621,2.8508750001492444,36.4,1049.890625,13,1476.4140625
1779138620.0640514,5211,1.4998125006968621,2.8509500007203314,36.4,1049.890625,13,1476.4140625
1779138620.064052,5212,1.4998125006968621,2.8510250012914184,36.4,1049.890625,13,1476.4140625
1779138620.064057,5213,1.4998125006968621,2.851637498679338,36.4,1049.890625,13,1476.4140625
1779138620.0640576,5214,1.4998125006968621,2.851699999155244,36.4,1049.890625,13,1476.4140625
1779138620.064058,5215,1.4998125006968621,2.8517499995359685,36.4,1049.890625,13,1476.4140625
1779138620.1037967,5216,1.484624997829087,2.795299998979317,0.0,1049.8984375,13,1476.4140625
1779138620.1037993,5217,1.484624997829087,2.795512500597397,0.0,1049.8984375,13,1476.4140625
1779138620.1037998,5218,1.484624997829087,2.7955999976256862,0.0,1049.8984375,13,1476.4140625
1779138620.1038005,5219,1.484624997829087,2.7956749981967732,0.0,1049.8984375,13,1476.4140625
1779138620.103801,5220,1.484624997829087,2.7957499987678602,0.0,1049.8984375,13,1476.4140625
1779138620.1038015,5221,1.484624997829087,2.795812499243766,0.0,1049.8984375,13,1476.4140625
1779138620.1038022,5222,1.484624997829087,2.795887499814853,0.0,1049.8984375,13,1476.4140625
1779138620.1038027,5223,1.484624997829087,2.7959375001955777,0.0,1049.8984375,13,1476.4140625
1779138620.1445022,5224,1.5124499986995943,2.8528375005407725,40.0,1049.8984375,13,1476.4140625
1779138620.1445076,5225,1.5124499986995943,2.853250000043772,40.0,1049.8984375,13,1476.4140625
1779138620.1445084,5226,1.5124499986995943,2.853325000614859,40.0,1049.8984375,13,1476.4140625
1779138620.144509,5227,1.5124499986995943,2.8534250013763085,40.0,1049.8984375,13,1476.4140625
1779138620.1445098,5228,1.5124499986995943,2.853512498404598,40.0,1049.8984375,13,1476.4140625
1779138620.1445124,5229,1.5124499986995943,2.853825000784127,40.0,1049.8984375,13,1476.4140625
1779138620.1445127,5230,1.5124499986995943,2.853887501260033,40.0,1049.8984375,13,1476.4140625
1779138620.1445134,5231,1.5124499986995943,2.853962498193141,40.0,1049.8984375,13,1476.4140625
1779138620.1851745,5232,1.4917750013410114,2.8475250001065433,0.0,1049.90625,13,1476.4140625
1779138620.185177,5233,1.4917750013410114,2.847737501724623,0.0,1049.90625,13,1476.4140625
1779138620.1851776,5234,1.4917750013410114,2.84779999856255,0.0,1049.90625,13,1476.4140625
1779138620.1851783,5235,1.4917750013410114,2.8478874992288183,0.0,1049.90625,13,1476.4140625
1779138620.185179,5236,1.4917750013410114,2.8479624997999053,0.0,1049.90625,13,1476.4140625
1779138620.1851795,5237,1.4917750013410114,2.848025000275811,0.0,1049.90625,13,1476.4140625
1779138620.18518,5238,1.4917750013410114,2.848075000656536,0.0,1049.90625,13,1476.4140625
1779138620.1851804,5239,1.4917750013410114,2.8481375011324417,0.0,1049.90625,13,1476.4140625
1779138620.2264197,5240,1.4775624986214098,2.8146500008006115,30.8,1049.91015625,13,1476.4140625
1779138620.2264225,5241,1.4775624986214098,2.8148749988758937,30.8,1049.91015625,13,1476.4140625
1779138620.226423,5242,1.4775624986214098,2.8149499994469807,30.8,1049.91015625,13,1476.4140625
1779138620.2264235,5243,1.4775624986214098,2.8149999998277053,30.8,1049.91015625,13,1476.4140625
1779138620.2264242,5244,1.4775624986214098,2.8150875004939735,30.8,1049.91015625,13,1476.4140625
1779138620.226425,5245,1.4775624986214098,2.8151625010650605,30.8,1049.91015625,13,1476.4140625
1779138620.2264254,5246,1.4775624986214098,2.8152250015409663,30.8,1049.91015625,13,1476.4140625
1779138620.226426,5247,1.4775624986214098,2.8153000021120533,30.8,1049.91015625,13,1476.4140625
1779138620.2666922,5248,1.551712499349378,2.917837497079745,38.5,1049.91015625,13,1476.4140625
1779138620.2666953,5249,1.551712499349378,2.9180874989833683,38.5,1049.91015625,13,1476.4140625
1779138620.2666957,5250,1.551712499349378,2.918149999459274,38.5,1049.91015625,13,1476.4140625
1779138620.2666962,5251,1.551712499349378,2.91821249993518,38.5,1049.91015625,13,1476.4140625
1779138620.2667024,5252,1.551712499349378,2.9189749984652735,38.5,1049.91015625,13,1476.4140625
1779138620.2667031,5253,1.551712499349378,2.919074999226723,38.5,1049.91015625,13,1476.4140625
1779138620.2667036,5254,1.551712499349378,2.9191374997026287,38.5,1049.91015625,13,1476.4140625
1779138620.2667038,5255,1.551712499349378,2.9191874964453746,38.5,1049.91015625,13,1476.4140625
1779138620.3073525,5256,1.6242624988080934,2.9342374982661568,0.0,1049.9140625,19,1476.4140625
1779138620.3073552,5257,1.6242624988080934,2.9344249996938743,0.0,1049.9140625,19,1476.4140625
1779138620.3073556,5258,1.6242624988080934,2.93448750016978,0.0,1049.9140625,19,1476.4140625
1779138620.307356,5259,1.6242624988080934,2.934550000645686,0.0,1049.9140625,19,1476.4140625
1779138620.3073566,5260,1.6242624988080934,2.934624997578794,0.0,1049.9140625,19,1476.4140625
1779138620.3073575,5261,1.6242624988080934,2.934699998149881,0.0,1049.9140625,19,1476.4140625
1779138620.3073578,5262,1.6242624988080934,2.934762498625787,0.0,1049.9140625,19,1476.4140625
1779138620.3073583,5263,1.6242624988080934,2.9348124990065116,0.0,1049.9140625,19,1476.4140625
1779138620.346308,5264,1.4482375008810777,2.762987500318559,23.1,1049.91796875,19,1476.4140625
1779138620.3463109,5265,1.4482375008810777,2.7632000019366387,23.1,1049.91796875,19,1476.4140625
1779138620.3463113,5266,1.4482375008810777,2.7632750025077257,23.1,1049.91796875,19,1476.4140625
1779138620.346312,5267,1.4482375008810777,2.7633375029836316,23.1,1049.91796875,19,1476.4140625
1779138620.3463125,5268,1.4482375008810777,2.7633999998215586,23.1,1049.91796875,19,1476.4140625
1779138620.346313,5269,1.4482375008810777,2.7634750003926456,23.1,1049.91796875,19,1476.4140625
1779138620.3463135,5270,1.4482375008810777,2.7635250007733703,23.1,1049.91796875,19,1476.4140625
1779138620.3463173,5271,1.4482375008810777,2.764012500847457,23.1,1049.91796875,19,1476.4140625
1779138620.3870964,5272,1.5179125002759974,2.925400000094669,0.0,1049.921875,19,1476.4140625
1779138620.3870995,5273,1.5179125002759974,2.9256374982651323,0.0,1049.921875,19,1476.4140625
1779138620.3871,5274,1.5179125002759974,2.925699998741038,0.0,1049.921875,19,1476.4140625
1779138620.3871005,5275,1.5179125002759974,2.925762499216944,0.0,1049.921875,19,1476.4140625
1779138620.387101,5276,1.5179125002759974,2.925837499788031,0.0,1049.921875,19,1476.4140625
1779138620.3871014,5277,1.5179125002759974,2.925900000263937,0.0,1049.921875,19,1476.4140625
1779138620.3871021,5278,1.5179125002759974,2.9259625007398427,0.0,1049.921875,19,1476.4140625
1779138620.3871026,5279,1.5179125002759974,2.926049997768132,0.0,1049.921875,19,1476.4140625
1779138620.4258916,5280,1.4628124990849756,2.8291750022617634,36.4,1049.9296875,19,1476.4140625
1779138620.4258945,5281,1.4628124990849756,2.8293750001466833,36.4,1049.9296875,19,1476.4140625
1779138620.425895,5282,1.4628124990849756,2.829437500622589,36.4,1049.9296875,19,1476.4140625
1779138620.4258955,5283,1.4628124990849756,2.829512501193676,36.4,1049.9296875,19,1476.4140625
1779138620.425896,5284,1.4628124990849756,2.829587501764763,36.4,1049.9296875,19,1476.4140625
1779138620.4258966,5285,1.4628124990849756,2.82966250233585,36.4,1049.9296875,19,1476.4140625
1779138620.4258971,5286,1.4628124990849756,2.829724999173777,36.4,1049.9296875,19,1476.4140625
1779138620.4258974,5287,1.4628124990849756,2.829774999554502,36.4,1049.9296875,19,1476.4140625
1779138620.4654171,5288,1.4822250013821758,2.8502374989329837,0.0,1049.93359375,19,1476.4140625
1779138620.46542,5289,1.4822250013821758,2.8504500005510636,0.0,1049.93359375,19,1476.4140625
1779138620.4654205,5290,1.4822250013821758,2.8505250011221506,0.0,1049.93359375,19,1476.4140625
1779138620.4654229,5291,1.4822250013821758,2.8508124996733386,0.0,1049.93359375,19,1476.4140625
1779138620.4654236,5292,1.4822250013821758,2.8508875002444256,0.0,1049.93359375,19,1476.4140625
1779138620.465424,5293,1.4822250013821758,2.8509625008155126,0.0,1049.93359375,19,1476.4140625
1779138620.4654245,5294,1.4822250013821758,2.8510250012914184,0.0,1049.93359375,19,1476.4140625
1779138620.4654253,5295,1.4822250013821758,2.8510875017673243,0.0,1049.93359375,19,1476.4140625
1779138620.50492,5296,1.4957624989619944,2.872612498322269,16.7,1049.9453125,19,1476.4140625
1779138620.5049229,5297,1.4957624989619944,2.87283750003553,16.7,1049.9453125,19,1476.4140625
1779138620.5049233,5298,1.4957624989619944,2.872900000511436,16.7,1049.9453125,19,1476.4140625
1779138620.5049238,5299,1.4957624989619944,2.8729625009873416,16.7,1049.9453125,19,1476.4140625
1779138620.5049243,5300,1.4957624989619944,2.8730124977300875,16.7,1049.9453125,19,1476.4140625
1779138620.504925,5301,1.4957624989619944,2.873112498491537,16.7,1049.9453125,19,1476.4140625
1779138620.5049257,5302,1.4957624989619944,2.8731749989674427,16.7,1049.9453125,19,1476.4140625
1779138620.5049262,5303,1.4957624989619944,2.8732374994433485,16.7,1049.9453125,19,1476.4140625
1779138620.5509987,5304,1.8408500000077765,3.2192499966186006,29.4,1049.9453125,19,1476.4140625
1779138620.551002,5305,1.8408500000077765,3.2194874984270427,29.4,1049.9453125,19,1476.4140625
1779138620.551003,5306,1.8408500000077765,3.219574999093311,29.4,1049.9453125,19,1476.4140625
1779138620.5510035,5307,1.8408500000077765,3.219649999664398,29.4,1049.9453125,19,1476.4140625
1779138620.5510044,5308,1.8408500000077765,3.2197374966926873,29.4,1049.9453125,19,1476.4140625
1779138620.551005,5309,1.8408500000077765,3.2198374974541366,29.4,1049.9453125,19,1476.4140625
1779138620.5510132,5310,1.8408500000077765,3.2208499978878535,29.4,1049.9453125,19,1476.4140625
1779138620.5510137,5311,1.8408500000077765,3.2209124983637594,29.4,1049.9453125,19,1476.4140625
1779138620.591669,5312,1.6406875001848675,2.9894625004089903,0.0,1049.94921875,19,1476.4140625
1779138620.5916717,5313,1.6406875001848675,2.9896875021222513,0.0,1049.94921875,19,1476.4140625
1779138620.5916724,5314,1.6406875001848675,2.9897499989601783,0.0,1049.94921875,19,1476.4140625
1779138620.5916731,5315,1.6406875001848675,2.9898249995312653,0.0,1049.94921875,19,1476.4140625
1779138620.5916736,5316,1.6406875001848675,2.9899000001023524,0.0,1049.94921875,19,1476.4140625
1779138620.591674,5317,1.6406875001848675,2.989962500578258,0.0,1049.94921875,19,1476.4140625
1779138620.5916743,5318,1.6406875001848675,2.990025001054164,0.0,1049.94921875,19,1476.4140625
1779138620.5916748,5319,1.6406875001848675,2.9900750014348887,0.0,1049.94921875,19,1476.4140625
1779138620.6310174,5320,1.3877000019419938,2.73003750044154,41.7,1049.953125,19,1476.4140625
1779138620.6310203,5321,1.3877000019419938,2.73025000205962,41.7,1049.953125,19,1476.4140625
1779138620.631021,5322,1.3877000019419938,2.7303374990879092,41.7,1049.953125,19,1476.4140625
1779138620.6310215,5323,1.3877000019419938,2.730399999563815,41.7,1049.953125,19,1476.4140625
1779138620.631022,5324,1.3877000019419938,2.7304875002300832,41.7,1049.953125,19,1476.4140625
1779138620.6310227,5325,1.3877000019419938,2.730537500610808,41.7,1049.953125,19,1476.4140625
1779138620.6310232,5326,1.3877000019419938,2.7306000010867137,41.7,1049.953125,19,1476.4140625
1779138620.6310236,5327,1.3877000019419938,2.7306500014674384,41.7,1049.953125,19,1476.4140625
1779138620.6696653,5328,1.4457999968726654,2.7490249995025806,0.0,1049.953125,19,1476.4140625
1779138620.6696677,5329,1.4457999968726654,2.7492374974826816,0.0,1049.953125,19,1476.4140625
1779138620.6696732,5330,1.4457999968726654,2.7498999988893047,0.0,1049.953125,19,1476.4140625
1779138620.6696737,5331,1.4457999968726654,2.749987499555573,0.0,1049.953125,19,1476.4140625
1779138620.6696744,5332,1.4457999968726654,2.750075000221841,0.0,1049.953125,19,1476.4140625
1779138620.669675,5333,1.4457999968726654,2.7501499971549492,0.0,1049.953125,19,1476.4140625
1779138620.6696756,5334,1.4457999968726654,2.7502249977260362,0.0,1049.953125,19,1476.4140625
1779138620.669676,5335,1.4457999968726654,2.750274998106761,0.0,1049.953125,19,1476.4140625
1779138620.7114096,5336,1.5659125019737985,2.916975001426181,37.5,1049.95703125,19,1476.4140625
1779138620.7114122,5337,1.5659125019737985,2.9171750029490795,37.5,1049.95703125,19,1476.4140625
1779138620.7114127,5338,1.5659125019737985,2.917262499977369,37.5,1049.95703125,19,1476.4140625
1779138620.7114131,5339,1.5659125019737985,2.917337500548456,37.5,1049.95703125,19,1476.4140625
1779138620.711414,5340,1.5659125019737985,2.9174000010243617,37.5,1049.95703125,19,1476.4140625
1779138620.7114146,5341,1.5659125019737985,2.91748750169063,37.5,1049.95703125,19,1476.4140625
1779138620.711415,5342,1.5659125019737985,2.9175375020713545,37.5,1049.95703125,19,1476.4140625
1779138620.7114155,5343,1.5659125019737985,2.917587502452079,37.5,1049.95703125,19,1476.4140625
1779138620.7513285,5344,1.526662497781217,2.855474998796126,18.8,1049.9609375,19,1476.4140625
1779138620.751331,5345,1.526662497781217,2.855687496776227,18.8,1049.9609375,19,1476.4140625
1779138620.7513318,5346,1.526662497781217,2.855762497347314,18.8,1049.9609375,19,1476.4140625
1779138620.7513323,5347,1.526662497781217,2.855837497918401,18.8,1049.9609375,19,1476.4140625
1779138620.7513328,5348,1.526662497781217,2.855912498489488,18.8,1049.9609375,19,1476.4140625
1779138620.7513373,5349,1.526662497781217,2.856437498849118,18.8,1049.9609375,19,1476.4140625
1779138620.7513378,5350,1.526662497781217,2.856499999325024,18.8,1049.9609375,19,1476.4140625
1779138620.7513382,5351,1.526662497781217,2.85656249980093,18.8,1049.9609375,19,1476.4140625
1779138620.7927318,5352,1.896650002890965,3.212412502762163,0.0,1049.96875,14,1476.4140625
1779138620.7927341,5353,1.896650002890965,3.212612500647083,0.0,1049.96875,14,1476.4140625
1779138620.7927346,5354,1.896650002890965,3.21268750121817,0.0,1049.96875,14,1476.4140625
1779138620.7927356,5355,1.896650002890965,3.212762501789257,0.0,1049.96875,14,1476.4140625
1779138620.7927358,5356,1.896650002890965,3.2128250022651628,0.0,1049.96875,14,1476.4140625
1779138620.7927363,5357,1.896650002890965,3.2128750026458874,0.0,1049.96875,14,1476.4140625
1779138620.7927368,5358,1.896650002890965,3.2129374994838145,0.0,1049.96875,14,1476.4140625
1779138620.7927372,5359,1.896650002890965,3.2129999999597203,0.0,1049.96875,14,1476.4140625
1779138620.8337386,5360,1.572612498421222,2.9262249991006684,100.0,1049.96875,14,1476.4140625
1779138620.8337414,5361,1.572612498421222,2.9264499971759506,100.0,1049.96875,14,1476.4140625
1779138620.8337421,5362,1.572612498421222,2.9265374978422187,100.0,1049.96875,14,1476.4140625
1779138620.8337426,5363,1.572612498421222,2.9265874982229434,100.0,1049.96875,14,1476.4140625
1779138620.833743,5364,1.572612498421222,2.9266749988892116,100.0,1049.96875,14,1476.4140625
1779138620.8337438,5365,1.572612498421222,2.9267374993651174,100.0,1049.96875,14,1476.4140625
1779138620.8337443,5366,1.572612498421222,2.9267999998410232,100.0,1049.96875,14,1476.4140625
1779138620.833745,5367,1.572612498421222,2.926849996583769,100.0,1049.96875,14,1476.4140625
1779138620.8733664,5368,1.5330874994106125,2.891075000661658,0.0,1049.96875,14,1476.4140625
1779138620.8733733,5369,1.5330874994106125,2.891849999286933,0.0,1049.96875,14,1476.4140625
1779138620.8733737,5370,1.5330874994106125,2.8919124997628387,0.0,1049.96875,14,1476.4140625
1779138620.8733745,5371,1.5330874994106125,2.8919875003339257,0.0,1049.96875,14,1476.4140625
1779138620.873375,5372,1.5330874994106125,2.8920500008098315,0.0,1049.96875,14,1476.4140625
1779138620.8733754,5373,1.5330874994106125,2.8921250013809185,0.0,1049.96875,14,1476.4140625
1779138620.873376,5374,1.5330874994106125,2.8921875018568244,0.0,1049.96875,14,1476.4140625
1779138620.8733766,5375,1.5330874994106125,2.89225000233273,0.0,1049.96875,14,1476.4140625
1779138620.9122498,5376,1.4821125005255453,2.8156750013295095,16.7,1049.9765625,14,1476.4140625
1779138620.9122524,5377,1.4821125005255453,2.8158749992144294,16.7,1049.9765625,14,1476.4140625
1779138620.912253,5378,1.4821125005255453,2.8159499997855164,16.7,1049.9765625,14,1476.4140625
1779138620.9122536,5379,1.4821125005255453,2.8160250003566034,16.7,1049.9765625,14,1476.4140625
1779138620.912254,5380,1.4821125005255453,2.8160875008325092,16.7,1049.9765625,14,1476.4140625
1779138620.9122548,5381,1.4821125005255453,2.8161625014035963,16.7,1049.9765625,14,1476.4140625
1779138620.9122553,5382,1.4821125005255453,2.816212501784321,16.7,1049.9765625,14,1476.4140625
1779138620.9122555,5383,1.4821125005255453,2.8162750022602268,16.7,1049.9765625,14,1476.4140625
1779138620.9517715,5384,1.411162502336083,2.78856250224635,0.0,1049.9765625,14,1476.4140625
1779138620.9517741,5385,1.411162502336083,2.7887875003216323,0.0,1049.9765625,14,1476.4140625
1779138620.951775,5386,1.411162502336083,2.7888750009879004,0.0,1049.9765625,14,1476.4140625
1779138620.9517756,5387,1.411162502336083,2.788925001368625,0.0,1049.9765625,14,1476.4140625
1779138620.9517803,5388,1.411162502336083,2.7895375023945235,0.0,1049.9765625,14,1476.4140625
1779138620.9517808,5389,1.411162502336083,2.7895999992324505,0.0,1049.9765625,14,1476.4140625
1779138620.9517813,5390,1.411162502336083,2.7896624997083563,0.0,1049.9765625,14,1476.4140625
1779138620.951782,5391,1.411162502336083,2.789725000184262,0.0,1049.9765625,14,1476.4140625
1779138620.9910855,5392,1.4059374989301432,2.738524999585934,7.7,1049.98046875,14,1476.4140625
1779138620.9910884,5393,1.4059374989301432,2.7387749978515785,7.7,1049.98046875,14,1476.4140625
1779138620.991089,5394,1.4059374989301432,2.7388499984226655,7.7,1049.98046875,14,1476.4140625
1779138620.9910898,5395,1.4059374989301432,2.7389249989937525,7.7,1049.98046875,14,1476.4140625
1779138620.9910905,5396,1.4059374989301432,2.739024999755202,7.7,1049.98046875,14,1476.4140625
1779138620.9910913,5397,1.4059374989301432,2.7390875002311077,7.7,1049.98046875,14,1476.4140625
1779138620.9910917,5398,1.4059374989301432,2.7391500007070135,7.7,1049.98046875,14,1476.4140625
1779138620.9910922,5399,1.4059374989301432,2.7392249976401217,7.7,1049.98046875,14,1476.4140625
1779138621.0324519,5400,1.6960749999270774,3.0245249981817324,20.0,1049.98046875,14,1476.4140625
1779138621.0324545,5401,1.6960749999270774,3.024737499799812,20.0,1049.98046875,14,1476.4140625
1779138621.0324552,5402,1.6960749999270774,3.0248124967329204,20.0,1049.98046875,14,1476.4140625
1779138621.0324557,5403,1.6960749999270774,3.0248749972088262,20.0,1049.98046875,14,1476.4140625
1779138621.0324562,5404,1.6960749999270774,3.024937497684732,20.0,1049.98046875,14,1476.4140625
1779138621.0324566,5405,1.6960749999270774,3.024999998160638,20.0,1049.98046875,14,1476.4140625
1779138621.032457,5406,1.6960749999270774,3.0250624986365438,20.0,1049.98046875,14,1476.4140625
1779138621.0324578,5407,1.6960749999270774,3.0251249991124496,20.0,1049.98046875,14,1476.4140625
1779138621.072793,5408,1.4591499966627453,2.8202999965287745,0.0,1049.9921875,14,1476.4140625
1779138621.072796,5409,1.4591499966627453,2.8205249982420355,0.0,1049.9921875,14,1476.4140625
1779138621.0727966,5410,1.4591499966627453,2.8205999988131225,0.0,1049.9921875,14,1476.4140625
1779138621.0727973,5411,1.4591499966627453,2.8206624992890283,0.0,1049.9921875,14,1476.4140625
1779138621.0727978,5412,1.4591499966627453,2.820724999764934,0.0,1049.9921875,14,1476.4140625
1779138621.0727983,5413,1.4591499966627453,2.820787496602861,0.0,1049.9921875,14,1476.4140625
1779138621.0727987,5414,1.4591499966627453,2.820837496983586,0.0,1049.9921875,14,1476.4140625
1779138621.072799,5415,1.4591499966627453,2.8208874973643105,0.0,1049.9921875,14,1476.4140625
1779138621.1115305,5416,1.4071749974391423,2.736637499765493,18.8,1049.9921875,14,1476.4140625
1779138621.1115334,5417,1.4071749974391423,2.736862497840775,18.8,1049.9921875,14,1476.4140625
1779138621.1115339,5418,1.4071749974391423,2.736937498411862,18.8,1049.9921875,14,1476.4140625
1779138621.1115344,5419,1.4071749974391423,2.737012498982949,18.8,1049.9921875,14,1476.4140625
1779138621.111535,5420,1.4071749974391423,2.737074999458855,18.8,1049.9921875,14,1476.4140625
1779138621.1115396,5421,1.4071749974391423,2.7376999969419558,18.8,1049.9921875,14,1476.4140625
1779138621.1115406,5422,1.4071749974391423,2.7377499973226804,18.8,1049.9921875,14,1476.4140625
1779138621.111541,5423,1.4071749974391423,2.7378124977985863,18.8,1049.9921875,14,1476.4140625
1779138621.1512017,5424,1.5082749996508937,2.8265000000828877,0.0,1049.9921875,14,1476.4140625
1779138621.1512046,5425,1.5082749996508937,2.8267250017961487,0.0,1049.9921875,14,1476.4140625
1779138621.1512053,5426,1.5082749996508937,2.8268000023672357,0.0,1049.9921875,14,1476.4140625
1779138621.15121,5427,1.5082749996508937,2.8274124997551553,0.0,1049.9921875,14,1476.4140625
1779138621.1512108,5428,1.5082749996508937,2.827475000231061,0.0,1049.9921875,14,1476.4140625
1779138621.1512113,5429,1.5082749996508937,2.827550000802148,0.0,1049.9921875,14,1476.4140625
1779138621.151212,5430,1.5082749996508937,2.8276375014684163,0.0,1049.9921875,14,1476.4140625
1779138621.1512125,5431,1.5082749996508937,2.827687501849141,0.0,1049.9921875,14,1476.4140625
1779138621.1911507,5432,1.5047874985611998,2.831949997926131,41.7,1049.99609375,14,1476.4140625
1779138621.1911535,5433,1.5047874985611998,2.8321624995442107,41.7,1049.99609375,14,1476.4140625
1779138621.191154,5434,1.5047874985611998,2.832250000210479,41.7,1049.99609375,14,1476.4140625
1779138621.1911545,5435,1.5047874985611998,2.8323000005912036,41.7,1049.99609375,14,1476.4140625
1779138621.191155,5436,1.5047874985611998,2.8323750011622906,41.7,1049.99609375,14,1476.4140625
1779138621.1911557,5437,1.5047874985611998,2.8324499980953988,41.7,1049.99609375,14,1476.4140625
1779138621.1911561,5438,1.5047874985611998,2.8325124985713046,41.7,1049.99609375,14,1476.4140625
1779138621.1911564,5439,1.5047874985611998,2.8325749990472104,41.7,1049.99609375,14,1476.4140625
1779138621.2327108,5440,1.6931624995777383,3.0289874994195998,0.0,1050.0,14,1476.4140625
1779138621.2327135,5441,1.6931624995777383,3.029199997399701,0.0,1050.0,14,1476.4140625
1779138621.232714,5442,1.6931624995777383,3.0292624978756066,0.0,1050.0,14,1476.4140625
1779138621.2327144,5443,1.6931624995777383,3.0293249983515125,0.0,1050.0,14,1476.4140625
1779138621.232715,5444,1.6931624995777383,3.0293874988274183,0.0,1050.0,14,1476.4140625
1779138621.2327156,5445,1.6931624995777383,3.029449999303324,0.0,1050.0,14,1476.4140625
1779138621.232716,5446,1.6931624995777383,3.02951249977923,0.0,1050.0,14,1476.4140625
1779138621.2327213,5447,1.6931624995777383,3.0301874976430554,0.0,1050.0,14,1476.4140625
1779138621.2730849,5448,1.5657374970032834,2.9253624998091254,53.3,1050.00390625,14,1476.4140625
1779138621.2730877,5449,1.5657374970032834,2.9255624976940453,53.3,1050.00390625,14,1476.4140625
1779138621.2730885,5450,1.5657374970032834,2.9256374982651323,53.3,1050.00390625,14,1476.4140625
1779138621.273089,5451,1.5657374970032834,2.9257124988362193,53.3,1050.00390625,14,1476.4140625
1779138621.2730896,5452,1.5657374970032834,2.9257874994073063,53.3,1050.00390625,14,1476.4140625
1779138621.2730901,5453,1.5657374970032834,2.925849999883212,53.3,1050.00390625,14,1476.4140625
1779138621.2730906,5454,1.5657374970032834,2.925912500359118,53.3,1050.00390625,14,1476.4140625
1779138621.2730908,5455,1.5657374970032834,2.925962497101864,53.3,1050.00390625,14,1476.4140625
1779138621.3153021,5456,1.55236250066082,2.9566624980361667,41.2,1050.00390625,16,1476.4140625
1779138621.3153055,5457,1.55236250066082,2.956899999844609,41.2,1050.00390625,16,1476.4140625
1779138621.3153062,5458,1.55236250066082,2.957000000606058,41.2,1050.00390625,16,1476.4140625
1779138621.3153067,5459,1.55236250066082,2.9570749975391664,41.2,1050.00390625,16,1476.4140625
1779138621.3153076,5460,1.55236250066082,2.9571499981102534,41.2,1050.00390625,16,1476.4140625
1779138621.315308,5461,1.55236250066082,2.9572249986813404,41.2,1050.00390625,16,1476.4140625
1779138621.3153088,5462,1.55236250066082,2.9573124993476085,41.2,1050.00390625,16,1476.4140625
1779138621.3153093,5463,1.55236250066082,2.9573749998235144,41.2,1050.00390625,16,1476.4140625
1779138621.3581157,5464,1.527837503090268,2.8911875015182886,62.5,1050.0078125,16,1476.4140625
1779138621.358118,5465,1.527837503090268,2.8914000031363685,62.5,1050.0078125,16,1476.4140625
1779138621.358121,5466,1.527837503090268,2.891737502068281,62.5,1050.0078125,16,1476.4140625
1779138621.3581214,5467,1.527837503090268,2.891812502639368,62.5,1050.0078125,16,1476.4140625
1779138621.3581219,5468,1.527837503090268,2.891887503210455,62.5,1050.0078125,16,1476.4140625
1779138621.3581228,5469,1.527837503090268,2.8919625001435634,62.5,1050.0078125,16,1476.4140625
1779138621.3581233,5470,1.527837503090268,2.8920500008098315,62.5,1050.0078125,16,1476.4140625
1779138621.358125,5471,1.527837503090268,2.8922625024279114,62.5,1050.0078125,16,1476.4140625
1779138621.403951,5472,1.902224998048041,3.283549998741364,0.0,1050.015625,16,1476.4140625
1779138621.4039543,5473,1.902224998048041,3.2837749968166463,0.0,1050.015625,16,1476.4140625
1779138621.403955,5474,1.902224998048041,3.283837497292552,0.0,1050.015625,16,1476.4140625
1779138621.4039555,5475,1.902224998048041,3.283899997768458,0.0,1050.015625,16,1476.4140625
1779138621.4039562,5476,1.902224998048041,3.2839999985299073,0.0,1050.015625,16,1476.4140625
1779138621.4039567,5477,1.902224998048041,3.2840749991009943,0.0,1050.015625,16,1476.4140625
1779138621.4039576,5478,1.902224998048041,3.2841374995769,0.0,1050.015625,16,1476.4140625
1779138621.403958,5479,1.902224998048041,3.2842124965100084,0.0,1050.015625,16,1476.4140625
1779138621.448602,5480,1.6905875017982908,3.056387500691926,0.0,1050.015625,16,1476.4140625
1779138621.4486046,5481,1.6905875017982908,3.056599998672027,0.0,1050.015625,16,1476.4140625
1779138621.4486053,5482,1.6905875017982908,3.056674999243114,0.0,1050.015625,16,1476.4140625
1779138621.4486058,5483,1.6905875017982908,3.056749999814201,0.0,1050.015625,16,1476.4140625
1779138621.4486065,5484,1.6905875017982908,3.0568500005756505,0.0,1050.015625,16,1476.4140625
1779138621.448607,5485,1.6905875017982908,3.056900000956375,0.0,1050.015625,16,1476.4140625
1779138621.4486115,5486,1.6905875017982908,3.05747500169673,0.0,1050.015625,16,1476.4140625
1779138621.4486122,5487,1.6905875017982908,3.0575499986298382,0.0,1050.015625,16,1476.4140625
1779138621.4880292,5488,1.53661250078585,2.8684499993687496,15.4,1050.01953125,16,1476.4140625
1779138621.488032,5489,1.53661250078585,2.868700001272373,15.4,1050.01953125,16,1476.4140625
1779138621.4880328,5490,1.53661250078585,2.8687625017482787,15.4,1050.01953125,16,1476.4140625
1779138621.4880333,5491,1.53661250078585,2.8688375023193657,15.4,1050.01953125,16,1476.4140625
1779138621.4880338,5492,1.53661250078585,2.8689000027952716,15.4,1050.01953125,16,1476.4140625
1779138621.4880342,5493,1.53661250078585,2.868987499823561,15.4,1050.01953125,16,1476.4140625
1779138621.4880347,5494,1.53661250078585,2.8690375002042856,15.4,1050.01953125,16,1476.4140625
1779138621.4880354,5495,1.53661250078585,2.8691000006801914,15.4,1050.01953125,16,1476.4140625
1779138621.532591,5496,1.9679625002027024,3.3411750009690877,26.7,1050.0234375,16,1476.4140625
1779138621.5325942,5497,1.9679625002027024,3.3414249992347322,26.7,1050.0234375,16,1476.4140625
1779138621.532595,5498,1.9679625002027024,3.3414999998058192,26.7,1050.0234375,16,1476.4140625
1779138621.5325956,5499,1.9679625002027024,3.3415750003769062,26.7,1050.0234375,16,1476.4140625
1779138621.532596,5500,1.9679625002027024,3.3416500009479932,26.7,1050.0234375,16,1476.4140625
1779138621.5325968,5501,1.9679625002027024,3.3417124977859203,26.7,1050.0234375,16,1476.4140625
1779138621.5325973,5502,1.9679625002027024,3.3417874983570073,26.7,1050.0234375,16,1476.4140625
1779138621.532598,5503,1.9679625002027024,3.3418624989280943,26.7,1050.0234375,16,1476.4140625
1779138621.57835,5504,1.5445374992850702,2.9527375008910894,46.2,1050.02734375,16,1476.4140625
1779138621.578353,5505,1.5445374992850702,2.952987499156734,46.2,1050.02734375,16,1476.4140625
1779138621.578354,5506,1.5445374992850702,2.9530874999181833,46.2,1050.02734375,16,1476.4140625
1779138621.5783544,5507,1.5445374992850702,2.9531625004892703,46.2,1050.02734375,16,1476.4140625
1779138621.5783548,5508,1.5445374992850702,2.953225000965176,46.2,1050.02734375,16,1476.4140625
1779138621.5783558,5509,1.5445374992850702,2.9532999978982843,46.2,1050.02734375,16,1476.4140625
1779138621.5783563,5510,1.5445374992850702,2.9533749984693713,46.2,1050.02734375,16,1476.4140625
1779138621.5783567,5511,1.5445374992850702,2.953424998850096,46.2,1050.02734375,16,1476.4140625
1779138621.6228144,5512,1.561600001878105,2.9439624995575286,0.0,1050.02734375,16,1476.4140625
1779138621.622817,5513,1.561600001878105,2.944137500890065,0.0,1050.02734375,16,1476.4140625
1779138621.6228175,5514,1.561600001878105,2.944212501461152,0.0,1050.02734375,16,1476.4140625
1779138621.622818,5515,1.561600001878105,2.944275001937058,0.0,1050.02734375,16,1476.4140625
1779138621.6228185,5516,1.561600001878105,2.9443250023177825,0.0,1050.02734375,16,1476.4140625
1779138621.6228187,5517,1.561600001878105,2.9443874991557095,0.0,1050.02734375,16,1476.4140625
1779138621.6228194,5518,1.561600001878105,2.944437499536434,0.0,1050.02734375,16,1476.4140625
1779138621.62282,5519,1.561600001878105,2.94450000001234,0.0,1050.02734375,16,1476.4140625
1779138621.6665068,5520,1.6000249997887295,2.9570125007012393,0.0,1050.02734375,16,1476.4140625
1779138621.6665096,5521,1.6000249997887295,2.957212502224138,0.0,1050.02734375,16,1476.4140625
1779138621.66651,5522,1.6000249997887295,2.9572999992524274,0.0,1050.02734375,16,1476.4140625
1779138621.6665106,5523,1.6000249997887295,2.957362499728333,0.0,1050.02734375,16,1476.4140625
1779138621.666511,5524,1.6000249997887295,2.957425000204239,0.0,1050.02734375,16,1476.4140625
1779138621.6665137,5525,1.6000249997887295,2.957712502393406,0.0,1050.02734375,16,1476.4140625
1779138621.6665142,5526,1.6000249997887295,2.957787499326514,0.0,1050.02734375,16,1476.4140625
1779138621.6665146,5527,1.6000249997887295,2.95784999980242,0.0,1050.02734375,16,1476.4140625
1779138621.7081342,5528,1.4640750014223158,2.834712500771275,60.0,1050.0390625,16,1476.4140625
1779138621.7081368,5529,1.4640750014223158,2.834937502484536,60.0,1050.0390625,16,1476.4140625
1779138621.7081375,5530,1.4640750014223158,2.835012499417644,60.0,1050.0390625,16,1476.4140625
1779138621.7081378,5531,1.4640750014223158,2.8350624997983687,60.0,1050.0390625,16,1476.4140625
1779138621.7081385,5532,1.4640750014223158,2.8351375003694557,60.0,1050.0390625,16,1476.4140625
1779138621.708139,5533,1.4640750014223158,2.8352000008453615,60.0,1050.0390625,16,1476.4140625
1779138621.7081392,5534,1.4640750014223158,2.835250001226086,60.0,1050.0390625,16,1476.4140625
1779138621.7081397,5535,1.4640750014223158,2.835312501701992,60.0,1050.0390625,16,1476.4140625
1779138621.7527673,5536,1.9898999998986255,3.341287501825718,14.3,1050.0390625,16,1476.4140625
1779138621.7527697,5537,1.9898999998986255,3.341474999615457,14.3,1050.0390625,16,1476.4140625
1779138621.7527702,5538,1.9898999998986255,3.341550000186544,14.3,1050.0390625,16,1476.4140625
1779138621.752771,5539,1.9898999998986255,3.3416125006624497,14.3,1050.0390625,16,1476.4140625
1779138621.7527714,5540,1.9898999998986255,3.3416875012335368,14.3,1050.0390625,16,1476.4140625
1779138621.7527719,5541,1.9898999998986255,3.3417375016142614,14.3,1050.0390625,16,1476.4140625
1779138621.7527723,5542,1.9898999998986255,3.3417999984521884,14.3,1050.0390625,16,1476.4140625
1779138621.7527728,5543,1.9898999998986255,3.341849998832913,14.3,1050.0390625,16,1476.4140625
1779138621.790577,5544,1.4339875015139114,2.7829874998133164,0.0,1050.04296875,13,1476.4140625
1779138621.7905796,5545,1.4339875015139114,2.7832000014313962,0.0,1050.04296875,13,1476.4140625
1779138621.79058,5546,1.4339875015139114,2.7832750020024832,0.0,1050.04296875,13,1476.4140625
1779138621.7905805,5547,1.4339875015139114,2.783337502478389,0.0,1050.04296875,13,1476.4140625
1779138621.790581,5548,1.4339875015139114,2.783399999316316,0.0,1050.04296875,13,1476.4140625
1779138621.7905815,5549,1.4339875015139114,2.7834499996970408,0.0,1050.04296875,13,1476.4140625
1779138621.790582,5550,1.4339875015139114,2.7835125001729466,0.0,1050.04296875,13,1476.4140625
1779138621.7905822,5551,1.4339875015139114,2.7835625005536713,0.0,1050.04296875,13,1476.4140625
1779138621.8299334,5552,1.3963000019430183,2.7381125000829343,25.0,1050.046875,13,1476.4140625
1779138621.829936,5553,1.3963000019430183,2.7383375017961953,25.0,1050.046875,13,1476.4140625
1779138621.829937,5554,1.3963000019430183,2.7384250024624635,25.0,1050.046875,13,1476.4140625
1779138621.8299375,5555,1.3963000019430183,2.7384875029383693,25.0,1050.046875,13,1476.4140625
1779138621.829938,5556,1.3963000019430183,2.7385624998714775,25.0,1050.046875,13,1476.4140625
1779138621.8299387,5557,1.3963000019430183,2.7386375004425645,25.0,1050.046875,13,1476.4140625
1779138621.829939,5558,1.3963000019430183,2.738687500823289,25.0,1050.046875,13,1476.4140625
1779138621.8299394,5559,1.3963000019430183,2.738750001299195,25.0,1050.046875,13,1476.4140625
1779138621.8695,5560,1.5445624994754326,2.915362496423768,0.0,1050.046875,13,1476.4140625
1779138621.8695025,5561,1.5445624994754326,2.9155499978514854,0.0,1050.046875,13,1476.4140625
1779138621.869503,5562,1.5445624994754326,2.9156124983273912,0.0,1050.046875,13,1476.4140625
1779138621.8695035,5563,1.5445624994754326,2.915674998803297,0.0,1050.046875,13,1476.4140625
1779138621.869509,5564,1.5445624994754326,2.9163499966671225,0.0,1050.046875,13,1476.4140625
1779138621.8695095,5565,1.5445624994754326,2.9164124971430283,0.0,1050.046875,13,1476.4140625
1779138621.86951,5566,1.5445624994754326,2.916474997618934,0.0,1050.046875,13,1476.4140625
1779138621.8695104,5567,1.5445624994754326,2.916524997999659,0.0,1050.046875,13,1476.4140625
1779138621.9081283,5568,1.5334374984377064,2.857962499547284,20.0,1050.05078125,13,1476.4140625
1779138621.908131,5569,1.5334374984377064,2.8581625010701828,20.0,1050.05078125,13,1476.4140625
1779138621.9081314,5570,1.5334374984377064,2.8582375016412698,20.0,1050.05078125,13,1476.4140625
1779138621.9081318,5571,1.5334374984377064,2.858312498574378,20.0,1050.05078125,13,1476.4140625
1779138621.9081323,5572,1.5334374984377064,2.858374999050284,20.0,1050.05078125,13,1476.4140625
1779138621.9081328,5573,1.5334374984377064,2.8584374995261896,20.0,1050.05078125,13,1476.4140625
1779138621.9081333,5574,1.5334374984377064,2.8585000000020955,20.0,1050.05078125,13,1476.4140625
1779138621.908134,5575,1.5334374984377064,2.8585625004780013,20.0,1050.05078125,13,1476.4140625
1779138621.9512863,5576,1.8401250017632265,3.2320500031346455,0.0,1050.05078125,13,1476.4140625
1779138621.9512892,5577,1.8401250017632265,3.2322500010195654,0.0,1050.05078125,13,1476.4140625
1779138621.9512897,5578,1.8401250017632265,3.2323125014954712,0.0,1050.05078125,13,1476.4140625
1779138621.9512901,5579,1.8401250017632265,3.2323875020665582,0.0,1050.05078125,13,1476.4140625
1779138621.9512906,5580,1.8401250017632265,3.2324625026376452,0.0,1050.05078125,13,1476.4140625
1779138621.951291,5581,1.8401250017632265,3.232525003113551,0.0,1050.05078125,13,1476.4140625
1779138621.9512916,5582,1.8401250017632265,3.232587499951478,0.0,1050.05078125,13,1476.4140625
1779138621.9512968,5583,1.8401250017632265,3.233225001167739,0.0,1050.05078125,13,1476.4140625
1779138621.9893498,5584,1.4659375010523945,2.8145625001343433,6.7,1050.05859375,13,1476.4140625
1779138621.9893527,5585,1.4659375010523945,2.8147749981144443,6.7,1050.05859375,13,1476.4140625
1779138621.9893532,5586,1.4659375010523945,2.81483749859035,6.7,1050.05859375,13,1476.4140625
1779138621.9893537,5587,1.4659375010523945,2.814912499161437,6.7,1050.05859375,13,1476.4140625
1779138621.9893541,5588,1.4659375010523945,2.814974999637343,6.7,1050.05859375,13,1476.4140625
1779138621.9893548,5589,1.4659375010523945,2.81505000020843,6.7,1050.05859375,13,1476.4140625
1779138621.9893553,5590,1.4659375010523945,2.815112500684336,6.7,1050.05859375,13,1476.4140625
1779138621.9893558,5591,1.4659375010523945,2.8151625010650605,6.7,1050.05859375,13,1476.4140625
1779138622.0316575,5592,1.8077374988934025,3.1431499992322642,30.8,1050.0625,13,1476.4140625
1779138622.0316603,5593,1.8077374988934025,3.1433624972123653,30.8,1050.0625,13,1476.4140625
1779138622.0316608,5594,1.8077374988934025,3.143424997688271,30.8,1050.0625,13,1476.4140625
1779138622.0316613,5595,1.8077374988934025,3.143487498164177,30.8,1050.0625,13,1476.4140625
1779138622.0316617,5596,1.8077374988934025,3.1435499986400828,30.8,1050.0625,13,1476.4140625
1779138622.031662,5597,1.8077374988934025,3.1436124991159886,30.8,1050.0625,13,1476.4140625
1779138622.031663,5598,1.8077374988934025,3.1436749995918944,30.8,1050.0625,13,1476.4140625
1779138622.0316632,5599,1.8077374988934025,3.143724999972619,30.8,1050.0625,13,1476.4140625
1779138622.0736225,5600,1.724937501421664,3.095937499892898,0.0,1050.0625,13,1476.4140625
1779138622.0736258,5601,1.724937501421664,3.0961875017965212,0.0,1050.0625,13,1476.4140625
1779138622.0736263,5602,1.724937501421664,3.0962625023676082,0.0,1050.0625,13,1476.4140625
1779138622.0736313,5603,1.724937501421664,3.096874999755528,0.0,1050.0625,13,1476.4140625
1779138622.0736318,5604,1.724937501421664,3.0969375002314337,0.0,1050.0625,13,1476.4140625
1779138622.0736325,5605,1.724937501421664,3.097025000897702,0.0,1050.0625,13,1476.4140625
1779138622.073633,5606,1.724937501421664,3.09711250156397,0.0,1050.0625,13,1476.4140625
1779138622.073634,5607,1.724937501421664,3.097175002039876,0.0,1050.0625,13,1476.4140625
1779138622.1155117,5608,1.7053250012395438,3.089199999521952,50.0,1050.06640625,13,1476.4140625
1779138622.115514,5609,1.7053250012395438,3.089425001235213,50.0,1050.06640625,13,1476.4140625
1779138622.115515,5610,1.7053250012395438,3.0894999981683213,50.0,1050.06640625,13,1476.4140625
1779138622.1155155,5611,1.7053250012395438,3.089562498644227,50.0,1050.06640625,13,1476.4140625
1779138622.115516,5612,1.7053250012395438,3.089612499024952,50.0,1050.06640625,13,1476.4140625
1779138622.1155164,5613,1.7053250012395438,3.0896749995008577,50.0,1050.06640625,13,1476.4140625
1779138622.115517,5614,1.7053250012395438,3.0897500000719447,50.0,1050.06640625,13,1476.4140625
1779138622.1155174,5615,1.7053250012395438,3.0898250006430317,50.0,1050.06640625,13,1476.4140625
1779138622.1620567,5616,2.2135875005915295,3.6144500008958858,88.2,1050.0703125,13,1476.4140625
1779138622.1620607,5617,2.2135875005915295,3.6147749997326173,88.2,1050.0703125,13,1476.4140625
1779138622.162062,5618,2.2135875005915295,3.614900000684429,88.2,1050.0703125,13,1476.4140625
1779138622.1620631,5619,2.2135875005915295,3.615050001826603,88.2,1050.0703125,13,1476.4140625
1779138622.1620638,5620,2.2135875005915295,3.6151625026832335,88.2,1050.0703125,13,1476.4140625
1779138622.1620648,5621,2.2135875005915295,3.615262499806704,88.2,1050.0703125,13,1476.4140625
1779138622.1620693,5622,2.2135875005915295,3.615837500547059,88.2,1050.0703125,13,1476.4140625
1779138622.16207,5623,2.2135875005915295,3.615925001213327,88.2,1050.0703125,13,1476.4140625
1779138622.2138486,5624,1.4598249981645495,2.7861874987138435,0.0,1050.07421875,13,1476.4140625
1779138622.213851,5625,1.4598249981645495,2.78636250004638,0.0,1050.07421875,13,1476.4140625
1779138622.2138517,5626,1.4598249981645495,2.786437496979488,0.0,1050.07421875,13,1476.4140625
1779138622.2138522,5627,1.4598249981645495,2.7864874973602127,0.0,1050.07421875,13,1476.4140625
1779138622.2138526,5628,1.4598249981645495,2.7865624979312997,0.0,1050.07421875,13,1476.4140625
1779138622.2138531,5629,1.4598249981645495,2.7866249984072056,0.0,1050.07421875,13,1476.4140625
1779138622.2138536,5630,1.4598249981645495,2.7866749987879302,0.0,1050.07421875,13,1476.4140625
1779138622.2138543,5631,1.4598249981645495,2.7867499993590172,0.0,1050.07421875,13,1476.4140625
1779138622.2560494,5632,1.5369124994322192,2.9736625001532957,56.2,1050.07421875,13,1476.4140625
1779138622.2560525,5633,1.5369124994322192,2.9738624980382156,56.2,1050.07421875,13,1476.4140625
1779138622.256053,5634,1.5369124994322192,2.9739499987044837,56.2,1050.07421875,13,1476.4140625
1779138622.2560537,5635,1.5369124994322192,2.974037499370752,56.2,1050.07421875,13,1476.4140625
1779138622.2560542,5636,1.5369124994322192,2.9740874997514766,56.2,1050.07421875,13,1476.4140625
1779138622.2560549,5637,1.5369124994322192,2.9741500002273824,56.2,1050.07421875,13,1476.4140625
1779138622.2560554,5638,1.5369124994322192,2.9742125007032882,56.2,1050.07421875,13,1476.4140625
1779138622.2560558,5639,1.5369124994322192,2.9742749975412153,56.2,1050.07421875,13,1476.4140625
1779138622.2960129,5640,1.5115375026653055,2.884037501644343,75.0,1050.078125,12,1476.4140625
1779138622.296016,5641,1.5115375026653055,2.8842750034527853,75.0,1050.078125,12,1476.4140625
1779138622.2960196,5642,1.5115375026653055,2.884700003050966,75.0,1050.078125,12,1476.4140625
1779138622.29602,5643,1.5115375026653055,2.8847875000792556,75.0,1050.078125,12,1476.4140625
1779138622.2960205,5644,1.5115375026653055,2.8848750007455237,75.0,1050.078125,12,1476.4140625
1779138622.2960212,5645,1.5115375026653055,2.8849500013166107,75.0,1050.078125,12,1476.4140625
1779138622.2960217,5646,1.5115375026653055,2.8850125017925166,75.0,1050.078125,12,1476.4140625
1779138622.2960222,5647,1.5115375026653055,2.8850750022684224,75.0,1050.078125,12,1476.4140625
1779138622.3353631,5648,1.5210874989861622,2.909300001192605,46.7,1050.08203125,12,1476.4140625
1779138622.3353662,5649,1.5210874989861622,2.9095499994582497,46.7,1050.08203125,12,1476.4140625
1779138622.335367,5650,1.5210874989861622,2.909637500124518,46.7,1050.08203125,12,1476.4140625
1779138622.3353674,5651,1.5210874989861622,2.9097000006004237,46.7,1050.08203125,12,1476.4140625
1779138622.335368,5652,1.5210874989861622,2.909787501266692,46.7,1050.08203125,12,1476.4140625
1779138622.3353686,5653,1.5210874989861622,2.90987500193296,46.7,1050.08203125,12,1476.4140625
1779138622.3353696,5654,1.5210874989861622,2.909949998866068,46.7,1050.08203125,12,1476.4140625
1779138622.33537,5655,1.5210874989861622,2.910012499341974,46.7,1050.08203125,12,1476.4140625
1779138622.3731627,5656,1.5630125017196406,2.9680000006919727,0.0,1050.0859375,12,1476.4140625
1779138622.3731656,5657,1.5630125017196406,2.9682125023100525,0.0,1050.0859375,12,1476.4140625
1779138622.373166,5658,1.5630125017196406,2.9682750027859583,0.0,1050.0859375,12,1476.4140625
1779138622.3731678,5659,1.5630125017196406,2.9685000008612406,0.0,1050.0859375,12,1476.4140625
1779138622.3731685,5660,1.5630125017196406,2.9685750014323276,0.0,1050.0859375,12,1476.4140625
1779138622.3731725,5661,1.5630125017196406,2.9690875016967766,0.0,1050.0859375,12,1476.4140625
1779138622.3731732,5662,1.5630125017196406,2.9691500021726824,0.0,1050.0859375,12,1476.4140625
1779138622.3731735,5663,1.5630125017196406,2.9692125026485883,0.0,1050.0859375,12,1476.4140625
1779138622.4180465,5664,1.6791374982858542,3.072837498621084,0.0,1050.08984375,12,1476.4140625
1779138622.4180496,5665,1.6791374982858542,3.073075000429526,0.0,1050.08984375,12,1476.4140625
1779138622.4180503,5666,1.6791374982858542,3.073149997362634,0.0,1050.08984375,12,1476.4140625
1779138622.4180508,5667,1.6791374982858542,3.073224997933721,0.0,1050.08984375,12,1476.4140625
1779138622.4180512,5668,1.6791374982858542,3.073287498409627,0.0,1050.08984375,12,1476.4140625
1779138622.4180522,5669,1.6791374982858542,3.073374999075895,0.0,1050.08984375,12,1476.4140625
1779138622.4180527,5670,1.6791374982858542,3.073437499551801,0.0,1050.08984375,12,1476.4140625
1779138622.4180532,5671,1.6791374982858542,3.073500000027707,0.0,1050.08984375,12,1476.4140625
1779138622.473897,5672,2.2004999991622753,3.5750749993894715,33.3,1050.09375,12,1476.4140625
1779138622.4739,5673,2.2004999991622753,3.5752874973695725,33.3,1050.09375,12,1476.4140625
1779138622.4739008,5674,2.2004999991622753,3.5753499978454784,33.3,1050.09375,12,1476.4140625
1779138622.4739013,5675,2.2004999991622753,3.5754249984165654,33.3,1050.09375,12,1476.4140625
1779138622.4739017,5676,2.2004999991622753,3.575487498892471,33.3,1050.09375,12,1476.4140625
1779138622.473902,5677,2.2004999991622753,3.575549999368377,33.3,1050.09375,12,1476.4140625
1779138622.4739027,5678,2.2004999991622753,3.5755999997491017,33.3,1050.09375,12,1476.4140625
1779138622.4739032,5679,2.2004999991622753,3.5756625002250075,33.3,1050.09375,12,1476.4140625
1779138622.5136995,5680,1.8833750000339933,3.2686249978723936,0.0,1050.09375,12,1476.4140625
1779138622.5137072,5681,1.8833750000339933,3.2694749970687553,0.0,1050.09375,12,1476.4140625
1779138622.513708,5682,1.8833750000339933,3.2695499976398423,0.0,1050.09375,12,1476.4140625
1779138622.5137086,5683,1.8833750000339933,3.2696249982109293,0.0,1050.09375,12,1476.4140625
1779138622.513709,5684,1.8833750000339933,3.269687498686835,0.0,1050.09375,12,1476.4140625
1779138622.5137095,5685,1.8833750000339933,3.26973749906756,0.0,1050.09375,12,1476.4140625
1779138622.51371,5686,1.8833750000339933,3.2697999995434657,0.0,1050.09375,12,1476.4140625
1779138622.5137105,5687,1.8833750000339933,3.2698499999241903,0.0,1050.09375,12,1476.4140625
1779138622.556751,5688,1.941725000506267,3.3679375010251533,33.3,1050.09765625,12,1476.4140625
1779138622.5567539,5689,1.941725000506267,3.368137498910073,33.3,1050.09765625,12,1476.4140625
1779138622.5567546,5690,1.941725000506267,3.36821249948116,33.3,1050.09765625,12,1476.4140625
1779138622.5567553,5691,1.941725000506267,3.368274999957066,33.3,1050.09765625,12,1476.4140625
1779138622.5567555,5692,1.941725000506267,3.368337500432972,33.3,1050.09765625,12,1476.4140625
1779138622.5567563,5693,1.941725000506267,3.368412501004059,33.3,1050.09765625,12,1476.4140625
1779138622.5567567,5694,1.941725000506267,3.368474997841986,33.3,1050.09765625,12,1476.4140625
1779138622.5567572,5695,1.941725000506267,3.3685374983178917,33.3,1050.09765625,12,1476.4140625
1779138622.6065922,5696,1.9069999980274588,3.319762497994816,0.0,1050.09765625,12,1476.4140625
1779138622.6065989,5697,1.9069999980274588,3.320287498354446,0.0,1050.09765625,12,1476.4140625
1779138622.6066005,5698,1.9069999980274588,3.3204749997821636,0.0,1050.09765625,12,1476.4140625
1779138622.606602,5699,1.9069999980274588,3.3206624975719023,0.0,1050.09765625,12,1476.4140625
1779138622.6066077,5700,1.9069999980274588,3.321362499264069,0.0,1050.09765625,12,1476.4140625
1779138622.6066089,5701,1.9069999980274588,3.321512496768264,0.0,1050.09765625,12,1476.4140625
1779138622.6066105,5702,1.9069999980274588,3.3216999981959816,0.0,1050.09765625,12,1476.4140625
1779138622.6066115,5703,1.9069999980274588,3.3218374992429744,0.0,1050.09765625,12,1476.4140625
1779138622.6530507,5704,1.6734499986341689,3.0559875012841076,0.0,1050.10546875,12,1476.4140625
1779138622.6530535,5705,1.6734499986341689,3.0562124993593898,0.0,1050.10546875,12,1476.4140625
1779138622.6530542,5706,1.6734499986341689,3.056300000025658,0.0,1050.10546875,12,1476.4140625
1779138622.6530547,5707,1.6734499986341689,3.056375000596745,0.0,1050.10546875,12,1476.4140625
1779138622.6530554,5708,1.6734499986341689,3.056462501263013,0.0,1050.10546875,12,1476.4140625
1779138622.6530561,5709,1.6734499986341689,3.0565499982913025,0.0,1050.10546875,12,1476.4140625
1779138622.6530569,5710,1.6734499986341689,3.0566249988623895,0.0,1050.10546875,12,1476.4140625
1779138622.6530573,5711,1.6734499986341689,3.0566874993382953,0.0,1050.10546875,12,1476.4140625
1779138622.7035637,5712,1.7872125026769936,3.1798250020074192,23.5,1050.109375,12,1476.4140625
1779138622.7035666,5713,1.7872125026769936,3.1800374999875203,23.5,1050.109375,12,1476.4140625
1779138622.703567,5714,1.7872125026769936,3.1801125005586073,23.5,1050.109375,12,1476.4140625
1779138622.7035675,5715,1.7872125026769936,3.180175001034513,23.5,1050.109375,12,1476.4140625
1779138622.7035682,5716,1.7872125026769936,3.1802625017007813,23.5,1050.109375,12,1476.4140625
1779138622.703569,5717,1.7872125026769936,3.1803375022718683,23.5,1050.109375,12,1476.4140625
1779138622.7035694,5718,1.7872125026769936,3.1804124992049765,23.5,1050.109375,12,1476.4140625
1779138622.70357,5719,1.7872125026769936,3.180462499585701,23.5,1050.109375,12,1476.4140625
1779138622.7548754,5720,2.1250999998301268,3.6004875000799075,26.7,1050.12109375,12,1476.4140625
1779138622.754879,5721,2.1250999998301268,3.6006874979648273,26.7,1050.12109375,12,1476.4140625
1779138622.7548795,5722,2.1250999998301268,3.6007624985359143,26.7,1050.12109375,12,1476.4140625
1779138622.75488,5723,2.1250999998301268,3.6008499992021825,26.7,1050.12109375,12,1476.4140625
1779138622.754881,5724,2.1250999998301268,3.6009249997732695,26.7,1050.12109375,12,1476.4140625
1779138622.7548814,5725,2.1250999998301268,3.6009875002491754,26.7,1050.12109375,12,1476.4140625
1779138622.7548819,5726,2.1250999998301268,3.601050000725081,26.7,1050.12109375,12,1476.4140625
1779138622.7548823,5727,2.1250999998301268,3.601099997467827,26.7,1050.12109375,12,1476.4140625
1779138622.7930782,5728,1.6581999989284668,3.08876249982859,0.0,1050.125,13,1476.4140625
1779138622.793081,5729,1.6581999989284668,3.08896249771351,0.0,1050.125,13,1476.4140625
1779138622.7930815,5730,1.6581999989284668,3.089024998189416,0.0,1050.125,13,1476.4140625
1779138622.793082,5731,1.6581999989284668,3.0890874986653216,0.0,1050.125,13,1476.4140625
1779138622.7930827,5732,1.6581999989284668,3.0891624992364086,0.0,1050.125,13,1476.4140625
1779138622.7930832,5733,1.6581999989284668,3.0892249997123145,0.0,1050.125,13,1476.4140625
1779138622.7930837,5734,1.6581999989284668,3.0892875001882203,0.0,1050.125,13,1476.4140625
1779138622.7930841,5735,1.6581999989284668,3.089337500568945,0.0,1050.125,13,1476.4140625
1779138622.834907,5736,1.5027499975985847,2.8525374982564244,16.7,1050.1328125,13,1476.4140625
1779138622.83491,5737,1.5027499975985847,2.852737499779323,16.7,1050.1328125,13,1476.4140625
1779138622.8349104,5738,1.5027499975985847,2.8528124967124313,16.7,1050.1328125,13,1476.4140625
1779138622.8349178,5739,1.5027499975985847,2.8537749967654236,16.7,1050.1328125,13,1476.4140625
1779138622.834919,5740,1.5027499975985847,2.853874997526873,16.7,1050.1328125,13,1476.4140625
1779138622.8349197,5741,1.5027499975985847,2.8539749982883222,16.7,1050.1328125,13,1476.4140625
1779138622.8349206,5742,1.5027499975985847,2.8540874991449527,16.7,1050.1328125,13,1476.4140625
1779138622.8349211,5743,1.5027499975985847,2.8541624997160397,16.7,1050.1328125,13,1476.4140625
1779138622.8866148,5744,1.7331625022052322,3.0990375016699545,0.0,1050.13671875,13,1476.4140625
1779138622.8866174,5745,1.7331625022052322,3.0992374995548744,0.0,1050.13671875,13,1476.4140625
1779138622.8866181,5746,1.7331625022052322,3.09930000003078,0.0,1050.13671875,13,1476.4140625
1779138622.8866186,5747,1.7331625022052322,3.099362500506686,0.0,1050.13671875,13,1476.4140625
1779138622.8866193,5748,1.7331625022052322,3.0994750013633166,0.0,1050.13671875,13,1476.4140625
1779138622.8866198,5749,1.7331625022052322,3.0995375018392224,0.0,1050.13671875,13,1476.4140625
1779138622.8866205,5750,1.7331625022052322,3.099587502219947,0.0,1050.13671875,13,1476.4140625
1779138622.886621,5751,1.7331625022052322,3.0996624991530553,0.0,1050.13671875,13,1476.4140625
1779138622.9243822,5752,1.4678125007776543,2.8563875021063723,70.0,1050.13671875,13,1476.4140625
1779138622.924385,5753,1.4678125007776543,2.8566000000864733,70.0,1050.13671875,13,1476.4140625
1779138622.9243855,5754,1.4678125007776543,2.8566750006575603,70.0,1050.13671875,13,1476.4140625
1779138622.924386,5755,1.4678125007776543,2.856737501133466,70.0,1050.13671875,13,1476.4140625
1779138622.9243865,5756,1.4678125007776543,2.856800001609372,70.0,1050.13671875,13,1476.4140625
1779138622.924387,5757,1.4678125007776543,2.8568500019900966,70.0,1050.13671875,13,1476.4140625
1779138622.9243872,5758,1.4678125007776543,2.8568999987328425,70.0,1050.13671875,13,1476.4140625
1779138622.9243927,5759,1.4678125007776543,2.8575625001394656,70.0,1050.13671875,13,1476.4140625
1779138622.9666967,5760,1.7580375024408568,3.129775002889801,0.0,1050.14453125,13,1476.4140625
1779138622.9666996,5761,1.7580375024408568,3.129987500869902,0.0,1050.14453125,13,1476.4140625
1779138622.9667,5762,1.7580375024408568,3.130062501440989,0.0,1050.14453125,13,1476.4140625
1779138622.9667008,5763,1.7580375024408568,3.1301250019168947,0.0,1050.14453125,13,1476.4140625
1779138622.9667013,5764,1.7580375024408568,3.1302000024879817,0.0,1050.14453125,13,1476.4140625
1779138622.9667017,5765,1.7580375024408568,3.1302625029638875,0.0,1050.14453125,13,1476.4140625
1779138622.966702,5766,1.7580375024408568,3.1303250034397934,0.0,1050.14453125,13,1476.4140625
1779138622.9667027,5767,1.7580375024408568,3.1303750001825392,0.0,1050.14453125,13,1476.4140625
1779138623.0194263,5768,1.5877000005275477,2.941599999758182,30.8,1050.14453125,13,1476.4140625
1779138623.0194292,5769,1.5877000005275477,2.941812501376262,30.8,1050.14453125,13,1476.4140625
1779138623.01943,5770,1.5877000005275477,2.94188749830937,30.8,1050.14453125,13,1476.4140625
1779138623.0194304,5771,1.5877000005275477,2.941962498880457,30.8,1050.14453125,13,1476.4140625
1779138623.0194309,5772,1.5877000005275477,2.942024999356363,30.8,1050.14453125,13,1476.4140625
1779138623.0194314,5773,1.5877000005275477,2.94209999992745,30.8,1050.14453125,13,1476.4140625
1779138623.0194316,5774,1.5877000005275477,2.942162500403356,30.8,1050.14453125,13,1476.4140625
1779138623.0194325,5775,1.5877000005275477,2.9422125007840805,30.8,1050.14453125,13,1476.4140625
1779138623.0555768,5776,1.4506125007756054,2.8407749996404164,7.7,1050.1484375,13,1476.4140625
1779138623.0555794,5777,1.4506125007756054,2.840974997525336,7.7,1050.1484375,13,1476.4140625
1779138623.0555842,5778,1.4506125007756054,2.8415749984560534,7.7,1050.1484375,13,1476.4140625
1779138623.055585,5779,1.4506125007756054,2.8416499990271404,7.7,1050.1484375,13,1476.4140625
1779138623.0555854,5780,1.4506125007756054,2.8417124995030463,7.7,1050.1484375,13,1476.4140625
1779138623.0555859,5781,1.4506125007756054,2.841762499883771,7.7,1050.1484375,13,1476.4140625
1779138623.0555863,5782,1.4506125007756054,2.841825000359677,7.7,1050.1484375,13,1476.4140625
1779138623.0555868,5783,1.4506125007756054,2.841887497197604,7.7,1050.1484375,13,1476.4140625
1779138623.0915027,5784,1.405712500854861,2.7609250028035603,0.0,1050.15625,13,1476.4140625
1779138623.0915048,5785,1.405712500854861,2.761112500593299,0.0,1050.15625,13,1476.4140625
1779138623.0915058,5786,1.405712500854861,2.761187501164386,0.0,1050.15625,13,1476.4140625
1779138623.0915062,5787,1.405712500854861,2.761250001640292,0.0,1050.15625,13,1476.4140625
1779138623.0915067,5788,1.405712500854861,2.7613125021161977,0.0,1050.15625,13,1476.4140625
1779138623.0915072,5789,1.405712500854861,2.7613875026872847,0.0,1050.15625,13,1476.4140625
1779138623.0915077,5790,1.405712500854861,2.7614374994300306,0.0,1050.15625,13,1476.4140625
1779138623.0915082,5791,1.405712500854861,2.7614999999059364,0.0,1050.15625,13,1476.4140625
1779138623.1265419,5792,1.4092625024204608,2.7472250003484078,14.3,1050.15625,13,1476.4140625
1779138623.1265454,5793,1.4092625024204608,2.747512498899596,14.3,1050.15625,13,1476.4140625
1779138623.126546,5794,1.4092625024204608,2.747587499470683,14.3,1050.15625,13,1476.4140625
1779138623.1265464,5795,1.4092625024204608,2.7476499999465887,14.3,1050.15625,13,1476.4140625
1779138623.1265469,5796,1.4092625024204608,2.7477250005176757,14.3,1050.15625,13,1476.4140625
1779138623.1265476,5797,1.4092625024204608,2.7477875009935815,14.3,1050.15625,13,1476.4140625
1779138623.1265523,5798,1.4092625024204608,2.74840000201948,14.3,1050.15625,13,1476.4140625
1779138623.126553,5799,1.4092625024204608,2.748474998952588,14.3,1050.15625,13,1476.4140625
1779138623.1628351,5800,1.6199999990931246,2.953650000563357,7.7,1050.16015625,13,1476.4140625
1779138623.1628377,5801,1.6199999990931246,2.953849998448277,7.7,1050.16015625,13,1476.4140625
1779138623.1628385,5802,1.6199999990931246,2.953924999019364,7.7,1050.16015625,13,1476.4140625
1779138623.1628387,5803,1.6199999990931246,2.953999999590451,7.7,1050.16015625,13,1476.4140625
1779138623.1628394,5804,1.6199999990931246,2.9540625000663567,7.7,1050.16015625,13,1476.4140625
1779138623.16284,5805,1.6199999990931246,2.9541125004470814,7.7,1050.16015625,13,1476.4140625
1779138623.1628404,5806,1.6199999990931246,2.9541750009229872,7.7,1050.16015625,13,1476.4140625
1779138623.1628408,5807,1.6199999990931246,2.954224997665733,7.7,1050.16015625,13,1476.4140625
1779138623.201595,5808,1.6298125010507647,2.9833000007783994,0.0,1050.16015625,13,1476.4140625
1779138623.201598,5809,1.6298125010507647,2.9835249988536816,0.0,1050.16015625,13,1476.4140625
1779138623.2015984,5810,1.6298125010507647,2.9835999994247686,0.0,1050.16015625,13,1476.4140625
1779138623.201599,5811,1.6298125010507647,2.9836749999958556,0.0,1050.16015625,13,1476.4140625
1779138623.2015996,5812,1.6298125010507647,2.9837375004717615,0.0,1050.16015625,13,1476.4140625
1779138623.2016003,5813,1.6298125010507647,2.9838125010428485,0.0,1050.16015625,13,1476.4140625
1779138623.2016008,5814,1.6298125010507647,2.9838750015187543,0.0,1050.16015625,13,1476.4140625
1779138623.2016013,5815,1.6298125010507647,2.9839249982615,0.0,1050.16015625,13,1476.4140625
1779138623.2392437,5816,1.4000875016790815,2.7552000028663315,62.5,1050.16796875,13,1476.4140625
1779138623.239247,5817,1.4000875016790815,2.755462501227157,62.5,1050.16796875,13,1476.4140625
1779138623.2392478,5818,1.4000875016790815,2.7555500018934254,62.5,1050.16796875,13,1476.4140625
1779138623.2392483,5819,1.4000875016790815,2.7556250024645124,62.5,1050.16796875,13,1476.4140625
1779138623.2392492,5820,1.4000875016790815,2.7557125031307805,62.5,1050.16796875,13,1476.4140625
1779138623.23925,5821,1.4000875016790815,2.7557875000638887,62.5,1050.16796875,13,1476.4140625
1779138623.2392504,5822,1.4000875016790815,2.7558625006349757,62.5,1050.16796875,13,1476.4140625
1779138623.239251,5823,1.4000875016790815,2.7559250011108816,62.5,1050.16796875,13,1476.4140625
1779138623.2942562,5824,2.9346874980547,4.3748499992943835,0.0,1050.16796875,12,1476.4140625
1779138623.2942584,5825,2.9346874980547,4.3750624972744845,0.0,1050.16796875,12,1476.4140625
1779138623.2942588,5826,2.9346874980547,4.3751374978455715,0.0,1050.16796875,12,1476.4140625
1779138623.2942598,5827,2.9346874980547,4.375199998321477,0.0,1050.16796875,12,1476.4140625
1779138623.2942603,5828,2.9346874980547,4.375274998892564,0.0,1050.16796875,12,1476.4140625
1779138623.2942605,5829,2.9346874980547,4.37533749936847,0.0,1050.16796875,12,1476.4140625
1779138623.2942612,5830,2.9346874980547,4.375412499939557,0.0,1050.16796875,12,1476.4140625
1779138623.2942617,5831,2.9346874980547,4.375475000415463,0.0,1050.16796875,12,1476.4140625
1779138623.3376071,5832,1.317937501880806,2.6877375021285843,0.0,1047.71484375,12,1476.4140625
1779138623.3376105,5833,1.317937501880806,2.6879625002038665,0.0,1047.71484375,12,1476.4140625
1779138623.3376112,5834,1.317937501880806,2.688062500965316,0.0,1047.71484375,12,1476.4140625
1779138623.3376117,5835,1.317937501880806,2.688137501536403,0.0,1047.71484375,12,1476.4140625
1779138623.3376126,5836,1.317937501880806,2.68821250210749,0.0,1047.71484375,12,1476.4140625
1779138623.3376174,5837,1.317937501880806,2.6888374995905906,0.0,1047.71484375,12,1476.4140625
1779138623.337618,5838,1.317937501880806,2.6889125001616776,0.0,1047.71484375,12,1476.4140625
1779138623.3376186,5839,1.317937501880806,2.6889750006375834,0.0,1047.71484375,12,1476.4140625
1779138623.3761787,5840,1.384375002089655,2.6984750002156943,50.0,1047.17578125,12,1476.4140625
1779138623.3761816,5841,1.384375002089655,2.698687501833774,50.0,1047.17578125,12,1476.4140625
1779138623.3761823,5842,1.384375002089655,2.69875000230968,50.0,1047.17578125,12,1476.4140625
1779138623.3761826,5843,1.384375002089655,2.698812499147607,50.0,1047.17578125,12,1476.4140625
1779138623.3761833,5844,1.384375002089655,2.698874999623513,50.0,1047.17578125,12,1476.4140625
1779138623.3761837,5845,1.384375002089655,2.6989500001946,50.0,1047.17578125,12,1476.4140625
1779138623.376184,5846,1.384375002089655,2.6990125006705057,50.0,1047.17578125,12,1476.4140625
1779138623.3761845,5847,1.384375002089655,2.6990625010512304,50.0,1047.17578125,12,1476.4140625
1779138623.4235117,5848,1.7359250014123973,3.1153624986473005,7.7,1048.7265625,12,1476.4140625
1779138623.4235146,5849,1.7359250014123973,3.1155875003605615,7.7,1048.7265625,12,1476.4140625
1779138623.423515,5850,1.7359250014123973,3.1156625009316485,7.7,1048.7265625,12,1476.4140625
1779138623.4235156,5851,1.7359250014123973,3.1157250014075544,7.7,1048.7265625,12,1476.4140625
1779138623.4235163,5852,1.7359250014123973,3.1157749981503002,7.7,1048.7265625,12,1476.4140625
1779138623.4235168,5853,1.7359250014123973,3.115837498626206,7.7,1048.7265625,12,1476.4140625
1779138623.4235172,5854,1.7359250014123973,3.115912499197293,7.7,1048.7265625,12,1476.4140625
1779138623.4235177,5855,1.7359250014123973,3.115974999673199,7.7,1048.7265625,12,1476.4140625
1779138623.462922,5856,1.3859249993402045,2.762274998531211,0.0,1048.73046875,12,1476.4140625
1779138623.4629247,5857,1.3859249993402045,2.7625125003396533,0.0,1048.73046875,12,1476.4140625
1779138623.4629252,5858,1.3859249993402045,2.7625875009107403,0.0,1048.73046875,12,1476.4140625
1779138623.4629261,5859,1.3859249993402045,2.762650001386646,0.0,1048.73046875,12,1476.4140625
1779138623.4629264,5860,1.3859249993402045,2.762712498224573,0.0,1048.73046875,12,1476.4140625
1779138623.4629269,5861,1.3859249993402045,2.762774998700479,0.0,1048.73046875,12,1476.4140625
1779138623.4629273,5862,1.3859249993402045,2.7628249990812037,0.0,1048.73046875,12,1476.4140625
1779138623.4629278,5863,1.3859249993402045,2.7628874995571095,0.0,1048.73046875,12,1476.4140625
1779138623.5044994,5864,1.5640999990864657,2.9673124990949873,20.0,1049.328125,12,1476.4140625
1779138623.504502,5865,1.5640999990864657,2.967512500617886,20.0,1049.328125,12,1476.4140625
1779138623.5045025,5866,1.5640999990864657,2.967587501188973,20.0,1049.328125,12,1476.4140625
1779138623.504503,5867,1.5640999990864657,2.967650001664879,20.0,1049.328125,12,1476.4140625
1779138623.5045037,5868,1.5640999990864657,2.967737498693168,20.0,1049.328125,12,1476.4140625
1779138623.5045042,5869,1.5640999990864657,2.967812499264255,20.0,1049.328125,12,1476.4140625
1779138623.504505,5870,1.5640999990864657,2.96786249964498,20.0,1049.328125,12,1476.4140625
1779138623.5045054,5871,1.5640999990864657,2.967937500216067,20.0,1049.328125,12,1476.4140625
1779138623.5428603,5872,1.842262499849312,3.222262501367368,0.0,1049.33203125,12,1476.4140625
1779138623.5428631,5873,1.842262499849312,3.222474999347469,0.0,1049.33203125,12,1476.4140625
1779138623.5428636,5874,1.842262499849312,3.222549999918556,0.0,1049.33203125,12,1476.4140625
1779138623.542864,5875,1.842262499849312,3.2226125003944617,0.0,1049.33203125,12,1476.4140625
1779138623.5428662,5876,1.842262499849312,3.2228875024884474,0.0,1049.33203125,12,1476.4140625
1779138623.5428667,5877,1.842262499849312,3.2229499993263744,0.0,1049.33203125,12,1476.4140625
1779138623.5428672,5878,1.842262499849312,3.222999999707099,0.0,1049.33203125,12,1476.4140625
1779138623.5428677,5879,1.842262499849312,3.223062500183005,0.0,1049.33203125,12,1476.4140625
1779138623.5829365,5880,1.5050500005600043,2.8750500023306813,15.4,1049.3359375,12,1476.4140625
1779138623.5829394,5881,1.5050500005600043,2.875250000215601,15.4,1049.3359375,12,1476.4140625
1779138623.5829399,5882,1.5050500005600043,2.875312500691507,15.4,1049.3359375,12,1476.4140625
1779138623.5829403,5883,1.5050500005600043,2.875375001167413,15.4,1049.3359375,12,1476.4140625
1779138623.5829408,5884,1.5050500005600043,2.8754375016433187,15.4,1049.3359375,12,1476.4140625
1779138623.5829415,5885,1.5050500005600043,2.8755000021192245,15.4,1049.3359375,12,1476.4140625
1779138623.582942,5886,1.5050500005600043,2.8755625025951304,15.4,1049.3359375,12,1476.4140625
1779138623.5829422,5887,1.5050500005600043,2.875612499337876,15.4,1049.3359375,12,1476.4140625
1779138623.6355865,5888,1.8250374996569008,3.3901499991770834,20.0,1049.3359375,12,1476.4140625
1779138623.6355956,5889,1.8250374996569008,3.391000002011424,20.0,1049.3359375,12,1476.4140625
1779138623.635597,5890,1.8250374996569008,3.391199999896344,20.0,1049.3359375,12,1476.4140625
1779138623.6355984,5891,1.8250374996569008,3.391362501133699,20.0,1049.3359375,12,1476.4140625
1779138623.6355996,5892,1.8250374996569008,3.391500002180692,20.0,1049.3359375,12,1476.4140625
1779138623.6356006,5893,1.8250374996569008,3.391637499589706,20.0,1049.3359375,12,1476.4140625
1779138623.6356018,5894,1.8250374996569008,3.3917750006366987,20.0,1049.3359375,12,1476.4140625
1779138623.6356122,5895,1.8250374996569008,3.393087499716785,20.0,1049.3359375,12,1476.4140625
1779138623.6814938,5896,1.958425000339048,3.340825001941994,0.0,1049.33984375,12,1476.4140625
1779138623.6814966,5897,1.958425000339048,3.341037499922095,0.0,1049.33984375,12,1476.4140625
1779138623.681497,5898,1.958425000339048,3.341112500493182,0.0,1049.33984375,12,1476.4140625
1779138623.6814976,5899,1.958425000339048,3.3411750009690877,0.0,1049.33984375,12,1476.4140625
1779138623.681498,5900,1.958425000339048,3.3412500015401747,0.0,1049.33984375,12,1476.4140625
1779138623.6814988,5901,1.958425000339048,3.3413250021112617,0.0,1049.33984375,12,1476.4140625
1779138623.6814995,5902,1.958425000339048,3.3414000026823487,0.0,1049.33984375,12,1476.4140625
1779138623.6815,5903,1.958425000339048,3.3414625031582545,0.0,1049.33984375,12,1476.4140625
1779138623.721973,5904,1.806174997909693,3.204637498129159,21.4,1048.5390625,12,1476.4140625
1779138623.7219753,5905,1.806174997909693,3.204837499652058,21.4,1048.5390625,12,1476.4140625
1779138623.7219758,5906,1.806174997909693,3.2049000001279637,21.4,1048.5390625,12,1476.4140625
1779138623.7219763,5907,1.806174997909693,3.2049750006990507,21.4,1048.5390625,12,1476.4140625
1779138623.7219768,5908,1.806174997909693,3.2050375011749566,21.4,1048.5390625,12,1476.4140625
1779138623.7219772,5909,1.806174997909693,3.2050874979177024,21.4,1048.5390625,12,1476.4140625
1779138623.721978,5910,1.806174997909693,3.2051499983936083,21.4,1048.5390625,12,1476.4140625
1779138623.7219784,5911,1.806174997909693,3.205212498869514,21.4,1048.5390625,12,1476.4140625
1779138623.7645314,5912,1.7377874974044971,3.1514499969489407,20.0,1048.6796875,12,1476.4140625
1779138623.7645366,5913,1.7377874974044971,3.151849999994738,20.0,1048.6796875,12,1476.4140625
1779138623.7645378,5914,1.7377874974044971,3.1520124975941144,20.0,1048.6796875,12,1476.4140625
1779138623.764547,5915,1.7377874974044971,3.153162499074824,20.0,1048.6796875,12,1476.4140625
1779138623.764548,5916,1.7377874974044971,3.153287500026636,20.0,1048.6796875,12,1476.4140625
1779138623.764549,5917,1.7377874974044971,3.15342499743565,20.0,1048.6796875,12,1476.4140625
1779138623.7645502,5918,1.7377874974044971,3.1535499983874615,20.0,1048.6796875,12,1476.4140625
1779138623.7645512,5919,1.7377874974044971,3.1536874994344544,20.0,1048.6796875,12,1476.4140625
1779138623.8043747,5920,1.488400001107948,2.8902874983032234,14.3,1048.96484375,20,1476.4140625
1779138623.8043776,5921,1.488400001107948,2.8905125000164844,14.3,1048.96484375,20,1476.4140625
1779138623.804378,5922,1.488400001107948,2.8905875005875714,14.3,1048.96484375,20,1476.4140625
1779138623.8043785,5923,1.488400001107948,2.8906750012538396,14.3,1048.96484375,20,1476.4140625
1779138623.8043795,5924,1.488400001107948,2.8907499981869478,14.3,1048.96484375,20,1476.4140625
1779138623.80438,5925,1.488400001107948,2.890824998758035,14.3,1048.96484375,20,1476.4140625
1779138623.8043804,5926,1.488400001107948,2.8908874992339406,14.3,1048.96484375,20,1476.4140625
1779138623.804381,5927,1.488400001107948,2.8909374996146653,14.3,1048.96484375,20,1476.4140625
1779138623.8453426,5928,1.5035500000522006,2.8548625014082063,12.5,1048.96875,20,1476.4140625
1779138623.8453453,5929,1.5035500000522006,2.855062499293126,12.5,1048.96875,20,1476.4140625
1779138623.8453457,5930,1.5035500000522006,2.855137499864213,12.5,1048.96875,20,1476.4140625
1779138623.8453462,5931,1.5035500000522006,2.8552125004353,12.5,1048.96875,20,1476.4140625
1779138623.8453472,5932,1.5035500000522006,2.855287501006387,12.5,1048.96875,20,1476.4140625
1779138623.8453476,5933,1.5035500000522006,2.8553875017678365,12.5,1048.96875,20,1476.4140625
1779138623.8453496,5934,1.5035500000522006,2.855650000128662,12.5,1048.96875,20,1476.4140625
1779138623.8453505,5935,1.5035500000522006,2.855712500604568,12.5,1048.96875,20,1476.4140625
1779138623.890289,5936,1.8434374978824053,3.211224997357931,7.7,1048.984375,20,1476.4140625
1779138623.8902917,5937,1.8434374978824053,3.2114124987856485,7.7,1048.984375,20,1476.4140625
1779138623.8902924,5938,1.8434374978824053,3.2114874993567355,7.7,1048.984375,20,1476.4140625
1779138623.890293,5939,1.8434374978824053,3.2115499998326413,7.7,1048.984375,20,1476.4140625
1779138623.8902936,5940,1.8434374978824053,3.2116250004037283,7.7,1048.984375,20,1476.4140625
1779138623.890294,5941,1.8434374978824053,3.2116999973368365,7.7,1048.984375,20,1476.4140625
1779138623.8902946,5942,1.8434374978824053,3.211749997717561,7.7,1048.984375,20,1476.4140625
1779138623.890295,5943,1.8434374978824053,3.211812498193467,7.7,1048.984375,20,1476.4140625
1779138623.927025,5944,1.5982249969965778,3.053262498724507,35.7,1048.98828125,20,1476.4140625
1779138623.9270296,5945,1.5982249969965778,3.0536499980371445,35.7,1048.98828125,20,1476.4140625
1779138623.9270308,5946,1.5982249969965778,3.053774998988956,35.7,1048.98828125,20,1476.4140625
1779138623.9270315,5947,1.5982249969965778,3.053899999940768,35.7,1048.98828125,20,1476.4140625
1779138623.9270325,5948,1.5982249969965778,3.0540124971594196,35.7,1048.98828125,20,1476.4140625
1779138623.9270334,5949,1.5982249969965778,3.05412499801605,35.7,1048.98828125,20,1476.4140625
1779138623.9270344,5950,1.5982249969965778,3.0542374988726806,35.7,1048.98828125,20,1476.4140625
1779138623.927035,5951,1.5982249969965778,3.05433749963413,35.7,1048.98828125,20,1476.4140625
1779138623.9692917,5952,1.9584625006245915,3.396962500119116,33.3,1048.98828125,20,1476.4140625
1779138623.969295,5953,1.9584625006245915,3.397237498575123,33.3,1048.98828125,20,1476.4140625
1779138623.9693098,5954,1.9584625006245915,3.3990749980148394,33.3,1048.98828125,20,1476.4140625
1779138623.9693105,5955,1.9584625006245915,3.3991749987762887,33.3,1048.98828125,20,1476.4140625
1779138623.969311,5956,1.9584625006245915,3.3992249991570134,33.3,1048.98828125,20,1476.4140625
1779138623.9693115,5957,1.9584625006245915,3.3992999997281004,33.3,1048.98828125,20,1476.4140625
1779138623.969312,5958,1.9584625006245915,3.3993750002991874,33.3,1048.98828125,20,1476.4140625
1779138623.9693124,5959,1.9584625006245915,3.399425000679912,33.3,1048.98828125,20,1476.4140625
