timestamp,frame_idx,infer_ms,total_ms,cpu_percent,mem_rss_mb,gpu_util,gpu_mem_mb
1779138544.1651084,0,1.7885499983094633,9.386274999997113,16.7,1018.91015625,25,1415.9765625
1779138544.165114,1,1.7885499983094633,9.387250000145286,16.7,1018.91015625,25,1415.9765625
1779138544.1651154,2,1.7885499983094633,9.387499994772952,16.7,1018.91015625,25,1415.9765625
1779138544.165116,3,1.7885499983094633,9.387674996105488,16.7,1018.91015625,25,1415.9765625
1779138544.1910002,4,2.234024999779649,4.9265499983448535,0.0,1022.62890625,25,1415.9765625
1779138544.191007,5,2.234024999779649,4.928024995024316,0.0,1022.62890625,25,1415.9765625
1779138544.1910079,6,2.234024999779649,4.928224996547215,0.0,1022.62890625,25,1415.9765625
1779138544.1910083,7,2.234024999779649,4.928349997499026,0.0,1022.62890625,25,1415.9765625
1779138544.21692,8,2.0469000010052696,4.801099996257108,0.0,1022.8828125,25,1415.9765625
1779138544.2169225,9,2.0469000010052696,4.801625000254717,0.0,1022.8828125,25,1415.9765625
1779138544.2169235,10,2.0469000010052696,4.801800001587253,0.0,1022.8828125,25,1415.9765625
1779138544.216924,11,2.0469000010052696,4.801975002919789,0.0,1022.8828125,25,1415.9765625
1779138544.241457,12,1.734224999381695,4.471550004382152,13.0,1022.890625,25,1415.9765625
1779138544.2414594,13,1.734224999381695,4.4719249999616295,13.0,1022.890625,25,1415.9765625
1779138544.2414603,14,1.734224999381695,4.4720750011038035,13.0,1022.890625,25,1415.9765625
1779138544.2414606,15,1.734224999381695,4.472200002055615,13.0,1022.890625,25,1415.9765625
1779138544.2716386,16,2.568950003478676,5.402800001320429,50.0,1022.90625,20,1415.9765625
1779138544.2716408,17,2.568950003478676,5.4032000043662265,50.0,1022.90625,20,1415.9765625
1779138544.2716415,18,2.568950003478676,5.403375005698763,50.0,1022.90625,20,1415.9765625
1779138544.2716422,19,2.568950003478676,5.4035000066505745,50.0,1022.90625,20,1415.9765625
1779138544.2974086,20,2.0516750009846874,4.762525000842288,40.0,1022.90625,20,1415.9765625
1779138544.2974114,21,2.0516750009846874,4.7629749969928525,40.0,1022.90625,20,1415.9765625
1779138544.297412,22,2.0516750009846874,4.7631249981350265,40.0,1022.90625,20,1415.9765625
1779138544.2974124,23,2.0516750009846874,4.7632749992772005,40.0,1022.90625,20,1415.9765625
1779138544.323913,24,2.3783249998814426,4.979124998499174,0.0,1022.90625,20,1415.9765625
1779138544.3239205,25,2.3783249998814426,4.980625002644956,0.0,1022.90625,20,1415.9765625
1779138544.3239212,26,2.3783249998814426,4.980850004358217,0.0,1022.90625,20,1415.9765625
1779138544.3239222,27,2.3783249998814426,4.981049998605158,0.0,1022.90625,20,1415.9765625
1779138544.3487842,28,2.0060749957337976,4.59739999496378,2.9,1022.91015625,20,1415.9765625
1779138544.3487866,29,2.0060749957337976,4.59782499819994,2.9,1022.91015625,20,1415.9765625
1779138544.3487873,30,2.0060749957337976,4.597974999342114,2.9,1022.91015625,20,1415.9765625
1779138544.348788,31,2.0060749957337976,4.598100000293925,2.9,1022.91015625,20,1415.9765625
1779138544.3745959,32,2.038849997916259,4.723599995486438,10.0,1022.921875,20,1415.9765625
1779138544.3745985,33,2.038849997916259,4.724024998722598,10.0,1022.921875,20,1415.9765625
1779138544.3745992,34,2.038849997916259,4.724200000055134,10.0,1022.921875,20,1415.9765625
1779138544.3745997,35,2.038849997916259,4.724325001006946,10.0,1022.921875,20,1415.9765625
1779138544.3990974,36,1.8138250015908852,4.53597500018077,16.7,1022.921875,20,1415.9765625
1779138544.3991,37,1.8138250015908852,4.5364499965216964,16.7,1022.921875,20,1415.9765625
1779138544.399101,38,1.8138250015908852,4.536624997854233,16.7,1022.921875,20,1415.9765625
1779138544.3991015,39,1.8138250015908852,4.5367499988060445,16.7,1022.921875,20,1415.9765625
1779138544.424912,40,2.2171500022523105,4.884649999439716,0.0,1022.92578125,20,1415.9765625
1779138544.4249144,41,2.2171500022523105,4.885125003056601,0.0,1022.92578125,20,1415.9765625
1779138544.4249153,42,2.2171500022523105,4.885274996922817,0.0,1022.92578125,20,1415.9765625
1779138544.4249158,43,2.2171500022523105,4.885399997874629,0.0,1022.92578125,20,1415.9765625
1779138544.4511948,44,2.162575001420919,4.878500003542285,0.0,1022.93359375,20,1415.9765625
1779138544.4511971,45,2.162575001420919,4.8789249995024875,0.0,1022.93359375,20,1415.9765625
1779138544.451198,46,2.162575001420919,4.8791500012157485,0.0,1022.93359375,20,1415.9765625
1779138544.4511988,47,2.162575001420919,4.87927500216756,0.0,1022.93359375,20,1415.9765625
1779138544.4759138,48,2.0556000017677434,4.658774996642023,37.5,1022.93359375,20,1415.9765625
1779138544.4759161,49,2.0556000017677434,4.659199999878183,37.5,1022.93359375,20,1415.9765625
1779138544.4759169,50,2.0556000017677434,4.659350001020357,37.5,1022.93359375,20,1415.9765625
1779138544.4759173,51,2.0556000017677434,4.659450001781806,37.5,1022.93359375,20,1415.9765625
1779138544.5011275,52,1.9562250017770566,4.619375002221204,25.0,1022.93359375,20,1415.9765625
1779138544.5011315,53,1.9562250017770566,4.620100000465754,25.0,1022.93359375,20,1415.9765625
1779138544.5011325,54,1.9562250017770566,4.62034999509342,25.0,1022.93359375,20,1415.9765625
1779138544.5011332,55,1.9562250017770566,4.6205249964259565,25.0,1022.93359375,20,1415.9765625
1779138544.5271637,56,2.1390249967225827,4.792200001247693,0.0,1022.9375,20,1415.9765625
1779138544.5271657,57,2.1390249967225827,4.792599997017533,0.0,1022.9375,20,1415.9765625
1779138544.5271666,58,2.1390249967225827,4.792799998540431,0.0,1022.9375,20,1415.9765625
1779138544.5271673,59,2.1390249967225827,4.792924999492243,0.0,1022.9375,20,1415.9765625
1779138544.5539958,60,2.0935249995091,4.857674997765571,7.7,1022.94140625,20,1415.9765625
1779138544.5539987,61,2.0935249995091,4.858100001001731,7.7,1022.94140625,20,1415.9765625
1779138544.5539992,62,2.0935249995091,4.858275002334267,7.7,1022.94140625,20,1415.9765625
1779138544.5539997,63,2.0935249995091,4.858400003286079,7.7,1022.94140625,20,1415.9765625
1779138544.5793397,64,1.9338999991305172,4.692499998782296,100.0,1022.9453125,20,1415.9765625
1779138544.5793433,65,1.9338999991305172,4.693174996646121,100.0,1022.9453125,20,1415.9765625
1779138544.579344,66,1.9338999991305172,4.69337499816902,100.0,1022.9453125,20,1415.9765625
1779138544.5793447,67,1.9338999991305172,4.693474998930469,100.0,1022.9453125,20,1415.9765625
1779138544.6044247,68,1.9582749955588952,4.640999999537598,0.0,1022.9453125,20,1415.9765625
1779138544.6044273,69,1.9582749955588952,4.641399995307438,0.0,1022.9453125,20,1415.9765625
1779138544.604428,70,1.9582749955588952,4.641574996639974,0.0,1022.9453125,20,1415.9765625
1779138544.6044285,71,1.9582749955588952,4.641699997591786,0.0,1022.9453125,20,1415.9765625
1779138544.6295803,72,1.8793249982991256,4.535599997325335,0.0,1022.9453125,20,1415.9765625
1779138544.6295826,73,1.8793249982991256,4.536000000371132,0.0,1022.9453125,20,1415.9765625
1779138544.6295834,74,1.8793249982991256,4.536150001513306,0.0,1022.9453125,20,1415.9765625
1779138544.6295838,75,1.8793249982991256,4.536250002274755,0.0,1022.9453125,20,1415.9765625
1779138544.656171,76,1.9203500050934963,4.6575750020565465,5.8,1022.94921875,20,1415.9765625
1779138544.6561756,77,1.9203500050934963,4.658475001633633,5.8,1022.94921875,20,1415.9765625
1779138544.6561763,78,1.9203500050934963,4.658650002966169,5.8,1022.94921875,20,1415.9765625
1779138544.656177,79,1.9203500050934963,4.658825004298706,5.8,1022.94921875,20,1415.9765625
1779138544.681265,80,2.027074995567091,4.723224999906961,0.0,1022.94921875,20,1415.9765625
1779138544.6812677,81,2.027074995567091,4.723624995676801,0.0,1022.94921875,20,1415.9765625
1779138544.6812682,82,2.027074995567091,4.723774996818975,0.0,1022.94921875,20,1415.9765625
1779138544.6812737,83,2.027074995567091,4.725099999632221,0.0,1022.94921875,20,1415.9765625
1779138544.706881,84,2.0612249936675653,4.752549997647293,10.0,1022.953125,20,1415.9765625
1779138544.706883,85,2.0612249936675653,4.752925000502728,10.0,1022.953125,20,1415.9765625
1779138544.706884,86,2.0612249936675653,4.753099994559307,10.0,1022.953125,20,1415.9765625
1779138544.7068844,87,2.0612249936675653,4.753224995511118,10.0,1022.953125,20,1415.9765625
1779138544.7320008,88,1.9005249996553175,4.543650000414345,0.0,1022.953125,20,1415.9765625
1779138544.7320032,89,1.9005249996553175,4.5440749963745475,0.0,1022.953125,20,1415.9765625
1779138544.7320042,90,1.9005249996553175,4.544274997897446,0.0,1022.953125,20,1415.9765625
1779138544.7320046,91,1.9005249996553175,4.54442499903962,0.0,1022.953125,20,1415.9765625
1779138544.7573233,92,1.8700500004342757,4.557675005344208,5.6,1022.953125,15,1415.9765625
1779138544.7573273,93,1.8700500004342757,4.558500004350208,5.6,1022.953125,15,1415.9765625
1779138544.757328,94,1.8700500004342757,4.5586749984067865,5.6,1022.953125,15,1415.9765625
1779138544.7573287,95,1.8700500004342757,4.558799999358598,5.6,1022.953125,15,1415.9765625
1779138544.7843425,96,2.318949998880271,5.056099995272234,0.0,1022.953125,15,1415.9765625
1779138544.784345,97,2.318949998880271,5.056499998318031,0.0,1022.953125,15,1415.9765625
1779138544.7843456,98,2.318949998880271,5.056649999460205,0.0,1022.953125,15,1415.9765625
1779138544.784346,99,2.318949998880271,5.056800000602379,0.0,1022.953125,15,1415.9765625
1779138544.8097417,100,2.0446000053198077,4.697750002378598,0.0,1022.953125,15,1415.9765625
1779138544.8097444,101,2.0446000053198077,4.6981750056147575,0.0,1022.953125,15,1415.9765625
1779138544.809745,102,2.0446000053198077,4.6983250067569315,0.0,1022.953125,15,1415.9765625
1779138544.80975,103,2.0446000053198077,4.699550001532771,0.0,1022.953125,15,1415.9765625
1779138544.8340254,104,1.8702999950619414,4.591249999066349,20.0,1022.95703125,15,1415.9765625
1779138544.834028,105,1.8702999950619414,4.591674995026551,20.0,1022.95703125,15,1415.9765625
1779138544.8340287,106,1.8702999950619414,4.591824996168725,20.0,1022.95703125,15,1415.9765625
1779138544.8340292,107,1.8702999950619414,4.591949997120537,20.0,1022.95703125,15,1415.9765625
1779138544.8604043,108,2.2909749968675897,5.033174995332956,21.1,1022.9609375,15,1415.9765625
1779138544.8604085,109,2.2909749968675897,5.034074994910043,21.1,1022.9609375,15,1415.9765625
1779138544.8604093,110,2.2909749968675897,5.034249996242579,21.1,1022.9609375,15,1415.9765625
1779138544.86041,111,2.2909749968675897,5.034374997194391,21.1,1022.9609375,15,1415.9765625
1779138544.8842578,112,1.6819499942357652,4.345999994256999,0.0,1022.96484375,15,1415.9765625
1779138544.8842602,113,1.6819499942357652,4.346449997683521,0.0,1022.96484375,15,1415.9765625
1779138544.884261,114,1.6819499942357652,4.346599998825695,0.0,1022.96484375,15,1415.9765625
1779138544.8842616,115,1.6819499942357652,4.346749999967869,0.0,1022.96484375,15,1415.9765625
1779138544.9082801,116,1.7859500003396533,4.410224995808676,0.0,1022.96484375,15,1415.9765625
1779138544.908283,117,1.7859500003396533,4.410624998854473,0.0,1022.96484375,15,1415.9765625
1779138544.9082835,118,1.7859500003396533,4.410774999996647,0.0,1022.96484375,15,1415.9765625
1779138544.908284,119,1.7859500003396533,4.410900000948459,0.0,1022.96484375,15,1415.9765625
1779138544.9353108,120,2.050225004495587,4.748200000904035,0.0,1022.96484375,15,1415.9765625
1779138544.9353135,121,2.050225004495587,4.7486250041401945,0.0,1022.96484375,15,1415.9765625
1779138544.9353187,122,2.050225004495587,4.749974999867845,0.0,1022.96484375,15,1415.9765625
1779138544.9353197,123,2.050225004495587,4.750125001010019,0.0,1022.96484375,15,1415.9765625
1779138544.960991,124,2.0867999992333353,4.724550002720207,25.0,1022.96875,15,1415.9765625
1779138544.9609933,125,2.0867999992333353,4.724949998490047,25.0,1022.96875,15,1415.9765625
1779138544.9609938,126,2.0867999992333353,4.725124999822583,25.0,1022.96875,15,1415.9765625
1779138544.9609942,127,2.0867999992333353,4.725225000584032,25.0,1022.96875,15,1415.9765625
1779138544.9868712,128,2.129324995621573,4.827549993933644,42.9,1022.96875,15,1415.9765625
1779138544.9868755,129,2.129324995621573,4.828375000215601,42.9,1022.96875,15,1415.9765625
1779138544.9868765,130,2.129324995621573,4.82854999427218,42.9,1022.96875,15,1415.9765625
1779138544.986877,131,2.129324995621573,4.828724995604716,42.9,1022.96875,15,1415.9765625
1779138545.0137603,132,2.154100002371706,4.874225000094157,0.0,1022.96875,15,1415.9765625
1779138545.0137627,133,2.154100002371706,4.874675003520679,0.0,1022.96875,15,1415.9765625
1779138545.0137634,134,2.154100002371706,4.874825004662853,0.0,1022.96875,15,1415.9765625
1779138545.013764,135,2.154100002371706,4.874925005424302,0.0,1022.96875,15,1415.9765625
1779138545.038818,136,2.057300000160467,4.706350002379622,36.4,1022.96875,15,1415.9765625
1779138545.0388203,137,2.057300000160467,4.706774998339824,36.4,1022.96875,15,1415.9765625
1779138545.0388212,138,2.057300000160467,4.706924999481998,36.4,1022.96875,15,1415.9765625
1779138545.0388215,139,2.057300000160467,4.707075000624172,36.4,1022.96875,15,1415.9765625
1779138545.0637374,140,1.9337000048835762,4.574525002681185,25.0,1022.96875,15,1415.9765625
1779138545.06374,141,1.9337000048835762,4.574974998831749,25.0,1022.96875,15,1415.9765625
1779138545.063744,142,1.9337000048835762,4.575999999360647,25.0,1022.96875,15,1415.9765625
1779138545.0637445,143,1.9337000048835762,4.576150000502821,25.0,1022.96875,15,1415.9765625
1779138545.0886664,144,1.7588749979040585,4.4757750001735985,0.0,1022.9765625,15,1415.9765625
1779138545.0886688,145,1.7588749979040585,4.476199996133801,0.0,1022.9765625,15,1415.9765625
1779138545.0886695,146,1.7588749979040585,4.476349997275975,0.0,1022.9765625,15,1415.9765625
1779138545.08867,147,1.7588749979040585,4.476474998227786,0.0,1022.9765625,15,1415.9765625
1779138545.1130087,148,1.9377499993424863,4.553074999421369,8.3,1022.9765625,15,1415.9765625
1779138545.1130128,149,1.9377499993424863,4.553849998046644,8.3,1022.9765625,15,1415.9765625
1779138545.1130135,150,1.9377499993424863,4.554049999569543,8.3,1022.9765625,15,1415.9765625
1779138545.113014,151,1.9377499993424863,4.554150000330992,8.3,1022.9765625,15,1415.9765625
1779138545.1373534,152,1.9223500057705678,4.5129750069463626,0.0,1022.9765625,15,1415.9765625
1779138545.137356,153,1.9223500057705678,4.513400002906565,0.0,1022.9765625,15,1415.9765625
1779138545.1373568,154,1.9223500057705678,4.513575004239101,0.0,1022.9765625,15,1415.9765625
1779138545.1373572,155,1.9223500057705678,4.51367500500055,0.0,1022.9765625,15,1415.9765625
1779138545.1620293,156,1.8195249940617941,4.5044249927741475,10.0,1022.9765625,15,1415.9765625
1779138545.162032,157,1.8195249940617941,4.504824995819945,10.0,1022.9765625,15,1415.9765625
1779138545.1620324,158,1.8195249940617941,4.504999997152481,10.0,1022.9765625,15,1415.9765625
1779138545.1620328,159,1.8195249940617941,4.505124998104293,10.0,1022.9765625,15,1415.9765625
1779138545.1877975,160,2.1579750027740374,4.836675005208235,0.0,1022.9765625,15,1415.9765625
1779138545.187806,161,2.1579750027740374,4.838525004743133,0.0,1022.9765625,15,1415.9765625
1779138545.1878066,162,2.1579750027740374,4.838700006075669,0.0,1022.9765625,15,1415.9765625
1779138545.1878073,163,2.1579750027740374,4.838799999561161,0.0,1022.9765625,15,1415.9765625
1779138545.2196972,164,3.482775005977601,6.1887500050943345,0.0,1022.984375,15,1415.9765625
1779138545.2197003,165,3.482775005977601,6.1892500016256236,0.0,1022.984375,15,1415.9765625
1779138545.2197008,166,3.482775005977601,6.18942500295816,0.0,1022.984375,15,1415.9765625
1779138545.2197015,167,3.482775005977601,6.189600004290696,0.0,1022.984375,15,1415.9765625
1779138545.2458127,168,2.293024997925386,4.995549999875948,0.0,1022.984375,15,1415.9765625
1779138545.2458162,169,2.293024997925386,4.996124996978324,0.0,1022.984375,15,1415.9765625
1779138545.2458172,170,2.293024997925386,4.996324998501223,0.0,1022.984375,15,1415.9765625
1779138545.2458177,171,2.293024997925386,4.996499999833759,0.0,1022.984375,15,1415.9765625
1779138545.2742565,172,1.9228000019211322,4.659849997551646,7.1,1022.984375,15,1415.9765625
1779138545.274261,173,1.9228000019211322,4.6607499971287325,7.1,1022.984375,15,1415.9765625
1779138545.2742615,174,1.9228000019211322,4.660924998461269,7.1,1022.984375,15,1415.9765625
1779138545.274262,175,1.9228000019211322,4.661024999222718,7.1,1022.984375,15,1415.9765625
1779138545.3002913,176,2.094550000037998,4.798400004801806,0.0,1022.984375,15,1415.9765625
1779138545.300294,177,2.094550000037998,4.798800000571646,0.0,1022.984375,15,1415.9765625
1779138545.3002944,178,2.094550000037998,4.798975001904182,0.0,1022.984375,15,1415.9765625
1779138545.3002949,179,2.094550000037998,4.799100002855994,0.0,1022.984375,15,1415.9765625
1779138545.3245819,180,1.9221500042476691,4.578600004606415,0.0,1022.98828125,15,1415.9765625
1779138545.3245888,181,1.9221500042476691,4.580100001476239,0.0,1022.98828125,15,1415.9765625
1779138545.3245897,182,1.9221500042476691,4.580300002999138,0.0,1022.98828125,15,1415.9765625
1779138545.32459,183,1.9221500042476691,4.580400003760587,0.0,1022.98828125,15,1415.9765625
1779138545.3487842,184,1.9295250021968968,4.531999999016989,9.1,1022.9921875,15,1415.9765625
1779138545.3487868,185,1.9295250021968968,4.532475002633873,9.1,1022.9921875,15,1415.9765625
1779138545.3487878,186,1.9295250021968968,4.53265000396641,9.1,1022.9921875,15,1415.9765625
1779138545.3487883,187,1.9295250021968968,4.532775004918221,9.1,1022.9921875,15,1415.9765625
1779138545.3733082,188,1.8008999977610074,4.449574997124728,0.0,1022.9921875,15,1415.9765625
1779138545.3733108,189,1.8008999977610074,4.4500000003608875,0.0,1022.9921875,15,1415.9765625
1779138545.3733115,190,1.8008999977610074,4.450175001693424,0.0,1022.9921875,15,1415.9765625
1779138545.373312,191,1.8008999977610074,4.450274995178916,0.0,1022.9921875,15,1415.9765625
1779138545.396432,192,1.6978250059764832,4.327800001192372,15.4,1022.9921875,15,1415.9765625
1779138545.3964348,193,1.6978250059764832,4.328275004809257,15.4,1022.9921875,15,1415.9765625
1779138545.3964355,194,1.6978250059764832,4.328450006141793,15.4,1022.9921875,15,1415.9765625
1779138545.396436,195,1.6978250059764832,4.328600000008009,15.4,1022.9921875,15,1415.9765625
1779138545.4210556,196,1.9737250040634535,4.625375004252419,0.0,1022.9921875,15,1415.9765625
1779138545.421058,197,1.9737250040634535,4.625750007107854,0.0,1022.9921875,15,1415.9765625
1779138545.4210591,198,1.9737250040634535,4.625975001545157,0.0,1022.9921875,15,1415.9765625
1779138545.4210596,199,1.9737250040634535,4.626075002306607,0.0,1022.9921875,15,1415.9765625
1779138545.4463685,200,2.067050001642201,4.811649996554479,0.0,1022.99609375,15,1415.9765625
1779138545.4463727,201,2.067050001642201,4.812524995941203,0.0,1022.99609375,15,1415.9765625
1779138545.4463737,202,2.067050001642201,4.812699997273739,0.0,1022.99609375,15,1415.9765625
1779138545.4463742,203,2.067050001642201,4.812824998225551,0.0,1022.99609375,15,1415.9765625
1779138545.4706368,204,1.9006000002264045,4.552350001176819,50.0,1022.99609375,15,1415.9765625
1779138545.4706395,205,1.9006000002264045,4.552824997517746,50.0,1022.99609375,15,1415.9765625
1779138545.47064,206,1.9006000002264045,4.55297499865992,50.0,1022.99609375,15,1415.9765625
1779138545.4706404,207,1.9006000002264045,4.553124999802094,50.0,1022.99609375,15,1415.9765625
1779138545.4972374,208,2.0552499991026707,4.800174996489659,0.0,1022.99609375,15,1415.9765625
1779138545.4972403,209,2.0552499991026707,4.800624999916181,0.0,1022.99609375,15,1415.9765625
1779138545.4972408,210,2.0552499991026707,4.800775001058355,0.0,1022.99609375,15,1415.9765625
1779138545.4972413,211,2.0552499991026707,4.800900002010167,0.0,1022.99609375,15,1415.9765625
1779138545.522313,212,2.078175006317906,4.699025004811119,10.0,1023.0,15,1415.9765625
1779138545.5223157,213,2.078175006317906,4.699475000961684,10.0,1023.0,15,1415.9765625
1779138545.5223162,214,2.078175006317906,4.699625002103858,10.0,1023.0,15,1415.9765625
1779138545.5223167,215,2.078175006317906,4.699750003055669,10.0,1023.0,15,1415.9765625
1779138545.5471115,216,2.075249998597428,4.7480249995714985,0.0,1023.00390625,15,1415.9765625
1779138545.5471141,217,2.075249998597428,4.748499995912425,0.0,1023.00390625,15,1415.9765625
1779138545.547115,218,2.075249998597428,4.748649997054599,0.0,1023.00390625,15,1415.9765625
1779138545.5471156,219,2.075249998597428,4.748774998006411,0.0,1023.00390625,15,1415.9765625
1779138545.570442,220,1.7224499970325269,4.370775001007132,16.7,1023.0078125,15,1415.9765625
1779138545.570445,221,1.7224499970325269,4.371299997728784,16.7,1023.0078125,15,1415.9765625
1779138545.5704458,222,1.7224499970325269,4.37147499906132,16.7,1023.0078125,15,1415.9765625
1779138545.570446,223,1.7224499970325269,4.371600000013132,16.7,1023.0078125,15,1415.9765625
1779138545.5994632,224,3.0671499989693984,5.767850001575425,100.0,1023.0078125,15,1415.9765625
1779138545.5994654,225,3.0671499989693984,5.768274997535627,100.0,1023.0078125,15,1415.9765625
1779138545.5994663,226,3.0671499989693984,5.768449998868164,100.0,1023.0078125,15,1415.9765625
1779138545.599467,227,3.0671499989693984,5.768600000010338,100.0,1023.0078125,15,1415.9765625
1779138545.6247337,228,1.7771749990060925,4.487899997911882,9.1,1023.0078125,15,1415.9765625
1779138545.6247368,229,1.7771749990060925,4.488300000957679,9.1,1023.0078125,15,1415.9765625
1779138545.6247373,230,1.7771749990060925,4.488475002290215,9.1,1023.0078125,15,1415.9765625
1779138545.6247377,231,1.7771749990060925,4.488574995775707,9.1,1023.0078125,15,1415.9765625
1779138545.6482112,232,1.7166749967145734,4.419425000378396,23.1,1023.0078125,15,1415.9765625
1779138545.6482162,233,1.7166749967145734,4.42040000052657,23.1,1023.0078125,15,1415.9765625
1779138545.6482172,234,1.7166749967145734,4.420599994773511,23.1,1023.0078125,15,1415.9765625
1779138545.6482177,235,1.7166749967145734,4.4207249957253225,23.1,1023.0078125,15,1415.9765625
1779138545.6751883,236,2.21869999950286,4.923100001178682,0.0,1023.0078125,15,1415.9765625
1779138545.6751904,237,2.21869999950286,4.923474996758159,0.0,1023.0078125,15,1415.9765625
1779138545.6751914,238,2.21869999950286,4.923649998090696,0.0,1023.0078125,15,1415.9765625
1779138545.6751957,239,2.21869999950286,4.924749999190681,0.0,1023.0078125,15,1415.9765625
1779138545.700363,240,2.0487499932642095,4.731199995148927,0.0,1023.01171875,15,1415.9765625
1779138545.7003655,241,2.0487499932642095,4.731624998385087,0.0,1023.01171875,15,1415.9765625
1779138545.700366,242,2.0487499932642095,4.731774999527261,0.0,1023.01171875,15,1415.9765625
1779138545.7003665,243,2.0487499932642095,4.731874993012752,0.0,1023.01171875,15,1415.9765625
1779138545.7254097,244,1.7746250014170073,4.498100002820138,25.0,1023.01171875,15,1415.9765625
1779138545.7254126,245,1.7746250014170073,4.498525006056298,25.0,1023.01171875,15,1415.9765625
1779138545.725413,246,1.7746250014170073,4.498650007008109,25.0,1023.01171875,15,1415.9765625
1779138545.7254136,247,1.7746250014170073,4.498825001064688,25.0,1023.01171875,15,1415.9765625
1779138545.751841,248,2.2441999972215854,5.011499997635838,0.0,1023.015625,14,1415.9765625
1779138545.7518437,249,2.2441999972215854,5.011949993786402,0.0,1023.015625,14,1415.9765625
1779138545.7518444,250,2.2441999972215854,5.012124995118938,0.0,1023.015625,14,1415.9765625
1779138545.751845,251,2.2441999972215854,5.01224999607075,0.0,1023.015625,14,1415.9765625
1779138545.777012,252,2.1804749994771555,4.849475000810344,0.0,1023.015625,14,1415.9765625
1779138545.7770147,253,2.1804749994771555,4.849925004236866,0.0,1023.015625,14,1415.9765625
1779138545.777016,254,2.1804749994771555,4.850150005950127,0.0,1023.015625,14,1415.9765625
1779138545.7770162,255,2.1804749994771555,4.850250006711576,0.0,1023.015625,14,1415.9765625
1779138545.8028264,256,2.296250000654254,5.003099999157712,16.7,1023.015625,14,1415.9765625
1779138545.8028288,257,2.296250000654254,5.0035250023938715,16.7,1023.015625,14,1415.9765625
1779138545.8028297,258,2.296250000654254,5.00372500391677,16.7,1023.015625,14,1415.9765625
1779138545.802834,259,2.296250000654254,5.004800004826393,16.7,1023.015625,14,1415.9765625
1779138545.8282418,260,1.832299996749498,4.561299996566959,7.7,1023.01953125,14,1415.9765625
1779138545.8282442,261,1.832299996749498,4.561699999612756,7.7,1023.01953125,14,1415.9765625
1779138545.828245,262,1.832299996749498,4.5618499934789725,7.7,1023.01953125,14,1415.9765625
1779138545.8282454,263,1.832299996749498,4.561974994430784,7.7,1023.01953125,14,1415.9765625
1779138545.8524666,264,1.810874993680045,4.422774996783119,30.8,1023.01953125,14,1415.9765625
1779138545.852469,265,1.810874993680045,4.423174999828916,30.8,1023.01953125,14,1415.9765625
1779138545.8524697,266,1.810874993680045,4.423324993695132,30.8,1023.01953125,14,1415.9765625
1779138545.8524702,267,1.810874993680045,4.423424994456582,30.8,1023.01953125,14,1415.9765625
1779138545.87784,268,2.1315999983926304,4.776075002155267,18.2,1023.0234375,14,1415.9765625
1779138545.8778446,269,2.1315999983926304,4.776950001541991,18.2,1023.0234375,14,1415.9765625
1779138545.877845,270,2.1315999983926304,4.7771249955985695,18.2,1023.0234375,14,1415.9765625
1779138545.8778458,271,2.1315999983926304,4.7772749967407435,18.2,1023.0234375,14,1415.9765625
1779138545.9034698,272,2.0218999998178333,4.738125004223548,0.0,1023.0234375,14,1415.9765625
1779138545.9034746,273,2.0218999998178333,4.73897500341991,0.0,1023.0234375,14,1415.9765625
1779138545.903476,274,2.0218999998178333,4.73930000589462,0.0,1023.0234375,14,1415.9765625
1779138545.903477,275,2.0218999998178333,4.73960000090301,0.0,1023.0234375,14,1415.9765625
1779138545.931248,276,2.579025000159163,5.290149994834792,0.0,1023.02734375,14,1415.9765625
1779138545.9312503,277,2.579025000159163,5.2905749980709516,0.0,1023.02734375,14,1415.9765625
1779138545.9312549,278,2.579025000159163,5.291649998980574,0.0,1023.02734375,14,1415.9765625
1779138545.9312553,279,2.579025000159163,5.291800000122748,0.0,1023.02734375,14,1415.9765625
1779138545.9554706,280,1.8355249994783662,4.530250000243541,77.8,1023.03125,14,1415.9765625
1779138545.9554734,281,1.8355249994783662,4.530674996203743,77.8,1023.03125,14,1415.9765625
1779138545.9554741,282,1.8355249994783662,4.530824997345917,77.8,1023.03125,14,1415.9765625
1779138545.9554746,283,1.8355249994783662,4.530949998297729,77.8,1023.03125,14,1415.9765625
1779138545.9808118,284,2.117575000738725,4.792849998921156,0.0,1023.03125,14,1415.9765625
1779138545.9808142,285,2.117575000738725,4.793274994881358,0.0,1023.03125,14,1415.9765625
1779138545.980815,286,2.117575000738725,4.793424996023532,0.0,1023.03125,14,1415.9765625
1779138545.9808156,287,2.117575000738725,4.793574997165706,0.0,1023.03125,14,1415.9765625
1779138546.0072093,288,2.3062500040396117,4.962949999026023,9.1,1023.03125,14,1415.9765625
1779138546.0072117,289,2.3062500040396117,4.9633750022621825,9.1,1023.03125,14,1415.9765625
1779138546.0072124,290,2.3062500040396117,4.9635250034043565,9.1,1023.03125,14,1415.9765625
1779138546.0072129,291,2.3062500040396117,4.963650004356168,9.1,1023.03125,14,1415.9765625
1779138546.037857,292,2.453275003063027,5.124900002556387,17.9,1023.03125,14,1415.9765625
1779138546.03786,293,2.453275003063027,5.125274998135865,17.9,1023.03125,14,1415.9765625
1779138546.0378606,294,2.453275003063027,5.125449999468401,17.9,1023.03125,14,1415.9765625
1779138546.037861,295,2.453275003063027,5.125575000420213,17.9,1023.03125,14,1415.9765625
1779138546.0635285,296,2.052574993285816,4.786324992892332,44.4,1023.03125,14,1415.9765625
1779138546.063531,297,2.052574993285816,4.786774996318854,44.4,1023.03125,14,1415.9765625
1779138546.0635355,298,2.052574993285816,4.787849997228477,44.4,1023.03125,14,1415.9765625
1779138546.0635362,299,2.052574993285816,4.787999998370651,44.4,1023.03125,14,1415.9765625
1779138546.088863,300,2.1336499994504265,4.785450000781566,0.0,1023.03515625,14,1415.9765625
1779138546.0888655,301,2.1336499994504265,4.785875004017726,0.0,1023.03515625,14,1415.9765625
1779138546.0888662,302,2.1336499994504265,4.786050005350262,0.0,1023.03515625,14,1415.9765625
1779138546.0888667,303,2.1336499994504265,4.786199999216478,0.0,1023.03515625,14,1415.9765625
1779138546.1154456,304,2.1904250024817884,4.84192500152858,11.1,1023.0390625,14,1415.9765625
1779138546.1154482,305,2.1904250024817884,4.842400005145464,11.1,1023.0390625,14,1415.9765625
1779138546.1154492,306,2.1904250024817884,4.842575006478,11.1,1023.0390625,14,1415.9765625
1779138546.1154497,307,2.1904250024817884,4.8427000001538545,11.1,1023.0390625,14,1415.9765625
1779138546.1415231,308,2.059549995465204,4.7665500023867935,23.1,1023.0390625,14,1415.9765625
1779138546.1415274,309,2.059549995465204,4.767375001392793,23.1,1023.0390625,14,1415.9765625
1779138546.1415284,310,2.059549995465204,4.767574995639734,23.1,1023.0390625,14,1415.9765625
1779138546.1415286,311,2.059549995465204,4.767699996591546,23.1,1023.0390625,14,1415.9765625
1779138546.172679,312,3.295475005870685,6.089975002396386,33.3,1023.921875,14,1415.9765625
1779138546.1726818,313,3.295475005870685,6.090400005632546,33.3,1023.921875,14,1415.9765625
1779138546.1726825,314,3.295475005870685,6.0905250065843575,33.3,1023.921875,14,1415.9765625
1779138546.172683,315,3.295475005870685,6.090675000450574,33.3,1023.921875,14,1415.9765625
1779138546.1971214,316,1.9306249960209243,4.5945249948999844,0.0,1023.921875,14,1415.9765625
1779138546.197129,317,1.9306249960209243,4.596124999807216,0.0,1023.921875,14,1415.9765625
1779138546.19713,318,1.9306249960209243,4.59634999424452,0.0,1023.921875,14,1415.9765625
1779138546.1971304,319,1.9306249960209243,4.596499995386694,0.0,1023.921875,14,1415.9765625
1779138546.223572,320,2.355350006837398,4.9597500037634745,0.0,1023.92578125,14,1415.9765625
1779138546.2235749,321,2.355350006837398,4.960199999914039,0.0,1023.92578125,14,1415.9765625
1779138546.2235754,322,2.355350006837398,4.960350001056213,0.0,1023.92578125,14,1415.9765625
1779138546.2235758,323,2.355350006837398,4.960475002008025,0.0,1023.92578125,14,1415.9765625
1779138546.2523048,324,2.495824999641627,5.167350005649496,44.4,1023.9296875,13,1415.9765625
1779138546.2523072,325,2.495824999641627,5.167750001419336,44.4,1023.9296875,13,1415.9765625
1779138546.2523081,326,2.495824999641627,5.167950002942234,44.4,1023.9296875,13,1415.9765625
1779138546.2523084,327,2.495824999641627,5.168075003894046,44.4,1023.9296875,13,1415.9765625
1779138546.276683,328,1.7817249972722493,4.490524996072054,0.0,1023.93359375,13,1415.9765625
1779138546.2766857,329,1.7817249972722493,4.490924999117851,0.0,1023.93359375,13,1415.9765625
1779138546.2766864,330,1.7817249972722493,4.491050000069663,0.0,1023.93359375,13,1415.9765625
1779138546.2766867,331,1.7817249972722493,4.491200001211837,0.0,1023.93359375,13,1415.9765625
1779138546.3005424,332,1.8009500054176897,4.484600001887884,5.3,1023.93359375,13,1415.9765625
1779138546.3005447,333,1.8009500054176897,4.484975004743319,5.3,1023.93359375,13,1415.9765625
1779138546.3005452,334,1.8009500054176897,4.485124998609535,5.3,1023.93359375,13,1415.9765625
1779138546.3005457,335,1.8009500054176897,4.485249999561347,5.3,1023.93359375,13,1415.9765625
1779138546.326441,336,2.346125002077315,4.9775250008678995,0.0,1023.93359375,13,1415.9765625
1779138546.3264477,337,2.346125002077315,4.97900000482332,0.0,1023.93359375,13,1415.9765625
1779138546.3264484,338,2.346125002077315,4.979174998879898,0.0,1023.93359375,13,1415.9765625
1779138546.326449,339,2.346125002077315,4.979325000022072,0.0,1023.93359375,13,1415.9765625
1779138546.3518016,340,1.894250002806075,4.558300002827309,14.3,1023.9375,13,1415.9765625
1779138546.351804,341,1.894250002806075,4.558725006063469,14.3,1023.9375,13,1415.9765625
1779138546.3518047,342,1.894250002806075,4.558874999929685,14.3,1023.9375,13,1415.9765625
1779138546.3518052,343,1.894250002806075,4.559000000881497,14.3,1023.9375,13,1415.9765625
1779138546.3762348,344,1.9151750020682812,4.665750006097369,25.0,1023.9375,13,1415.9765625
1779138546.376237,345,1.9151750020682812,4.666125001676846,25.0,1023.9375,13,1415.9765625
1779138546.3762376,346,1.9151750020682812,4.66627500281902,25.0,1023.9375,13,1415.9765625
1779138546.376238,347,1.9151750020682812,4.666475004341919,25.0,1023.9375,13,1415.9765625
1779138546.402312,348,2.2929249971639365,5.021099997975398,0.0,1023.9375,13,1415.9765625
1779138546.4023144,349,2.2929249971639365,5.0215249939356,0.0,1023.9375,13,1415.9765625
1779138546.4023154,350,2.2929249971639365,5.021699995268136,0.0,1023.9375,13,1415.9765625
1779138546.4023159,351,2.2929249971639365,5.021824996219948,0.0,1023.9375,13,1415.9765625
1779138546.4294238,352,2.4394249994657002,5.099975001940038,0.0,1023.9375,13,1415.9765625
1779138546.4294279,353,2.4394249994657002,5.1008250011364,0.0,1023.9375,13,1415.9765625
1779138546.4294288,354,2.4394249994657002,5.1009999951929785,0.0,1023.9375,13,1415.9765625
1779138546.4294293,355,2.4394249994657002,5.10112499614479,0.0,1023.9375,13,1415.9765625
1779138546.455881,356,2.169200000935234,4.841524998482782,14.3,1023.9453125,13,1415.9765625
1779138546.4558835,357,2.169200000935234,4.84192500152858,14.3,1023.9453125,13,1415.9765625
1779138546.4558842,358,2.169200000935234,4.842075002670754,14.3,1023.9453125,13,1415.9765625
1779138546.4558847,359,2.169200000935234,4.84225000400329,14.3,1023.9453125,13,1415.9765625
1779138546.4809577,360,2.0922749972669408,4.735574999358505,0.0,1023.9453125,13,1415.9765625
1779138546.4809604,361,2.0922749972669408,4.735974995128345,0.0,1023.9453125,13,1415.9765625
1779138546.480961,362,2.0922749972669408,4.736124996270519,0.0,1023.9453125,13,1415.9765625
1779138546.4809613,363,2.0922749972669408,4.736274997412693,0.0,1023.9453125,13,1415.9765625
1779138546.5090835,364,2.827374999469612,5.520750004507136,6.2,1023.9453125,13,1415.9765625
1779138546.5090885,365,2.827374999469612,5.52152500313241,6.2,1023.9453125,13,1415.9765625
1779138546.5090892,366,2.827374999469612,5.521700004464947,6.2,1023.9453125,13,1415.9765625
1779138546.5090897,367,2.827374999469612,5.521875005797483,6.2,1023.9453125,13,1415.9765625
1779138546.534914,368,2.11459999991348,4.806500000995584,0.0,1023.9453125,13,1415.9765625
1779138546.5349166,369,2.11459999991348,4.806950004422106,0.0,1023.9453125,13,1415.9765625
1779138546.534917,370,2.11459999991348,4.807124998478685,0.0,1023.9453125,13,1415.9765625
1779138546.5349176,371,2.11459999991348,4.807249999430496,0.0,1023.9453125,13,1415.9765625
1779138546.5604804,372,2.118699994753115,4.786974997841753,0.0,1023.9453125,13,1415.9765625
1779138546.5604827,373,2.118699994753115,4.787425001268275,0.0,1023.9453125,13,1415.9765625
1779138546.5604837,374,2.118699994753115,4.787599995324854,0.0,1023.9453125,13,1415.9765625
1779138546.5604844,375,2.118699994753115,4.78777499665739,0.0,1023.9453125,13,1415.9765625
1779138546.5857747,376,2.0909499944536947,4.75439999718219,100.0,1023.94921875,13,1415.9765625
1779138546.5857775,377,2.0909499944536947,4.754800000227988,100.0,1023.94921875,13,1415.9765625
1779138546.585778,378,2.0909499944536947,4.754950001370162,100.0,1023.94921875,13,1415.9765625
1779138546.5857785,379,2.0909499944536947,4.755099995236378,100.0,1023.94921875,13,1415.9765625
1779138546.6096997,380,1.760949999152217,4.456675000255927,12.5,1023.953125,13,1415.9765625
1779138546.609702,381,1.760949999152217,4.457074996025767,12.5,1023.953125,13,1415.9765625
1779138546.6097028,382,1.760949999152217,4.4572499973583035,12.5,1023.953125,13,1415.9765625
1779138546.6097038,383,1.760949999152217,4.45742499869084,12.5,1023.953125,13,1415.9765625
1779138546.6360114,384,2.191049999964889,4.823650000616908,0.0,1023.95703125,13,1415.9765625
1779138546.6360135,385,2.191049999964889,4.8240249961963855,0.0,1023.95703125,13,1415.9765625
1779138546.6360142,386,2.191049999964889,4.824224997719284,0.0,1023.95703125,13,1415.9765625
1779138546.636015,387,2.191049999964889,4.8243249984807335,0.0,1023.95703125,13,1415.9765625
1779138546.6689408,388,2.8141249931650236,5.686849995981902,0.0,1024.7109375,13,1415.9765625
1779138546.668945,389,2.8141249931650236,5.687574994226452,0.0,1024.7109375,13,1415.9765625
1779138546.6689463,390,2.8141249931650236,5.6878749965108,0.0,1024.7109375,13,1415.9765625
1779138546.6689472,391,2.8141249931650236,5.688074998033699,0.0,1024.7109375,13,1415.9765625
1779138546.6969385,392,2.1380750040407293,5.038200004491955,21.4,1025.296875,13,1415.9765625
1779138546.6969442,393,2.1380750040407293,5.0391750046401285,21.4,1025.296875,13,1415.9765625
1779138546.696946,394,2.1380750040407293,5.0396000006003305,21.4,1025.296875,13,1415.9765625
1779138546.6969576,395,2.1380750040407293,5.042525001044851,21.4,1025.296875,13,1415.9765625
1779138546.7288926,396,2.2987249976722524,5.034875001001637,0.0,1025.30078125,13,1415.9765625
1779138546.7288954,397,2.2987249976722524,5.035274996771477,0.0,1025.30078125,13,1415.9765625
1779138546.728896,398,2.2987249976722524,5.035424997913651,0.0,1025.30078125,13,1415.9765625
1779138546.7288966,399,2.2987249976722524,5.035574999055825,0.0,1025.30078125,13,1415.9765625
1779138546.7541206,400,2.0819499986828305,4.788449994521216,11.1,1025.3046875,15,1415.9765625
1779138546.7541254,401,2.0819499986828305,4.789424994669389,11.1,1025.3046875,15,1415.9765625
1779138546.7541263,402,2.0819499986828305,4.789699996763375,11.1,1025.3046875,15,1415.9765625
1779138546.754127,403,2.0819499986828305,4.789849997905549,11.1,1025.3046875,15,1415.9765625
1779138546.781661,404,2.419975004158914,5.173650002689101,41.7,1025.30859375,15,1415.9765625
1779138546.7816632,405,2.419975004158914,5.174050005734898,41.7,1025.30859375,15,1415.9765625
1779138546.781664,406,2.419975004158914,5.174224999791477,41.7,1025.30859375,15,1415.9765625
1779138546.7816646,407,2.419975004158914,5.1743500007432885,41.7,1025.30859375,15,1415.9765625
1779138546.807186,408,1.6475000011269003,4.365350003354251,0.0,1025.3125,15,1415.9765625
1779138546.8071883,409,1.6475000011269003,4.3657749993144535,0.0,1025.3125,15,1415.9765625
1779138546.807189,410,1.6475000011269003,4.3659250004566275,0.0,1025.3125,15,1415.9765625
1779138546.8071895,411,1.6475000011269003,4.366050001408439,0.0,1025.3125,15,1415.9765625
1779138546.8330207,412,2.3426250045304187,4.988450004020706,30.0,1025.31640625,15,1415.9765625
1779138546.8330233,413,2.3426250045304187,4.988874999980908,30.0,1025.31640625,15,1415.9765625
1779138546.833024,414,2.3426250045304187,4.989025001123082,30.0,1025.31640625,15,1415.9765625
1779138546.8330286,415,2.3426250045304187,4.990250003174879,30.0,1025.31640625,15,1415.9765625
1779138546.858994,416,2.253175000078045,4.965125001035631,8.3,1025.32421875,15,1415.9765625
1779138546.8589966,417,2.253175000078045,4.965600004652515,8.3,1025.32421875,15,1415.9765625
1779138546.8589976,418,2.253175000078045,4.965750005794689,8.3,1025.32421875,15,1415.9765625
1779138546.858998,419,2.253175000078045,4.965874999470543,8.3,1025.32421875,15,1415.9765625
1779138546.8861082,420,1.9587499991757795,4.636524994566571,0.0,1025.32421875,15,1415.9765625
1779138546.8861105,421,1.9587499991757795,4.636924997612368,0.0,1025.32421875,15,1415.9765625
1779138546.8861113,422,1.9587499991757795,4.637099998944905,0.0,1025.32421875,15,1415.9765625
1779138546.8861117,423,1.9587499991757795,4.637224999896716,0.0,1025.32421875,15,1415.9765625
1779138546.911206,424,2.192324995121453,4.797649999090936,12.5,1025.32421875,15,1415.9765625
1779138546.9112082,425,2.192324995121453,4.798025001946371,12.5,1025.32421875,15,1415.9765625
1779138546.9112089,426,2.192324995121453,4.79819999600295,12.5,1025.32421875,15,1415.9765625
1779138546.9112096,427,2.192324995121453,4.7983249969547614,12.5,1025.32421875,15,1415.9765625
1779138546.9365923,428,2.129200001945719,4.818000001250766,0.0,1025.32421875,15,1415.9765625
1779138546.9365952,429,2.129200001945719,4.818425004486926,0.0,1025.32421875,15,1415.9765625
1779138546.9365957,430,2.129200001945719,4.818574998353142,0.0,1025.32421875,15,1415.9765625
1779138546.9365962,431,2.129200001945719,4.818724999495316,0.0,1025.32421875,15,1415.9765625
1779138546.9616306,432,1.9920499980798922,4.677774995798245,19.0,1025.32421875,15,1415.9765625
1779138546.9616327,433,1.9920499980798922,4.678174998844042,19.0,1025.32421875,15,1415.9765625
1779138546.9616377,434,1.9920499980798922,4.679375000705477,19.0,1025.32421875,15,1415.9765625
1779138546.9616382,435,1.9920499980798922,4.679475001466926,19.0,1025.32421875,15,1415.9765625
1779138546.9892344,436,2.4489499992341734,5.115549996844493,9.1,1025.3359375,15,1415.9765625
1779138546.989237,437,2.4489499992341734,5.1159750000806525,9.1,1025.3359375,15,1415.9765625
1779138546.9892378,438,2.4489499992341734,5.116150001413189,9.1,1025.3359375,15,1415.9765625
1779138546.9892383,439,2.4489499992341734,5.116274995089043,9.1,1025.3359375,15,1415.9765625
1779138547.0151734,440,2.1532249957090244,4.916049998428207,0.0,1025.3359375,15,1415.9765625
1779138547.0151758,441,2.1532249957090244,4.916474994388409,0.0,1025.3359375,15,1415.9765625
1779138547.0151768,442,2.1532249957090244,4.916624995530583,0.0,1025.3359375,15,1415.9765625
1779138547.0151772,443,2.1532249957090244,4.916749996482395,0.0,1025.3359375,15,1415.9765625
1779138547.0397696,444,1.8744249973678961,4.57227500010049,7.1,1025.3359375,15,1415.9765625
1779138547.0397723,445,1.8744249973678961,4.572699996060692,7.1,1025.3359375,15,1415.9765625
1779138547.039773,446,1.8744249973678961,4.572874997393228,7.1,1025.3359375,15,1415.9765625
1779138547.0397735,447,1.8744249973678961,4.57299999834504,7.1,1025.3359375,15,1415.9765625
1779138547.0660188,448,2.2884999998495914,4.956875003699679,33.3,1025.3359375,15,1415.9765625
1779138547.066022,449,2.2884999998495914,4.957299999659881,33.3,1025.3359375,15,1415.9765625
1779138547.0660224,450,2.2884999998495914,4.957450000802055,33.3,1025.3359375,15,1415.9765625
1779138547.0660229,451,2.2884999998495914,4.957575001753867,33.3,1025.3359375,15,1415.9765625
1779138547.0921137,452,2.067749999696389,4.796375003934372,0.0,1025.3359375,15,1415.9765625
1779138547.0921159,453,2.067749999696389,4.796774999704212,0.0,1025.3359375,15,1415.9765625
1779138547.0921214,454,2.067749999696389,4.79812500270782,0.0,1025.3359375,15,1415.9765625
1779138547.0921218,455,2.067749999696389,4.798250003659632,0.0,1025.3359375,15,1415.9765625
1779138547.117796,456,2.1950750015093945,4.897524995612912,0.0,1025.33984375,15,1415.9765625
1779138547.1178012,457,2.1950750015093945,4.898649996903259,0.0,1025.33984375,15,1415.9765625
1779138547.117802,458,2.1950750015093945,4.898824998235796,0.0,1025.33984375,15,1415.9765625
1779138547.1178024,459,2.1950750015093945,4.89897499937797,0.0,1025.33984375,15,1415.9765625
1779138547.1438076,460,2.1829500037711114,4.868025003816001,25.0,1025.33984375,15,1415.9765625
1779138547.1438103,461,2.1829500037711114,4.868449999776203,25.0,1025.33984375,15,1415.9765625
1779138547.143811,462,2.1829500037711114,4.868600000918377,25.0,1025.33984375,15,1415.9765625
1779138547.1438117,463,2.1829500037711114,4.868725001870189,25.0,1025.33984375,15,1415.9765625
1779138547.167595,464,1.7589000053703785,4.37930000043707,0.0,1025.34375,15,1415.9765625
1779138547.167598,465,1.7589000053703785,4.379750003863592,0.0,1025.34375,15,1415.9765625
1779138547.1675985,466,1.7589000053703785,4.379900005005766,0.0,1025.34375,15,1415.9765625
1779138547.1675992,467,1.7589000053703785,4.38002499868162,0.0,1025.34375,15,1415.9765625
1779138547.1921651,468,1.785125001333654,4.487350000999868,11.1,1025.34375,15,1415.9765625
1779138547.1921675,469,1.785125001333654,4.487700003664941,11.1,1025.34375,15,1415.9765625
1779138547.1921682,470,1.785125001333654,4.487874997721519,11.1,1025.34375,15,1415.9765625
1779138547.1921687,471,1.785125001333654,4.487999998673331,11.1,1025.34375,15,1415.9765625
1779138547.2169814,472,1.8426500027999282,4.522424998867791,0.0,1025.34375,15,1415.9765625
1779138547.2169874,473,1.8426500027999282,4.523700001300313,0.0,1025.34375,15,1415.9765625
1779138547.216988,474,1.8426500027999282,4.523875002632849,0.0,1025.34375,15,1415.9765625
1779138547.2169886,475,1.8426500027999282,4.524025003775023,0.0,1025.34375,15,1415.9765625
1779138547.245534,476,2.63210000412073,5.346525002096314,0.0,1025.34765625,15,1415.9765625
1779138547.2455363,477,2.63210000412073,5.346950005332474,0.0,1025.34765625,15,1415.9765625
1779138547.2455373,478,2.63210000412073,5.347174999769777,0.0,1025.34765625,15,1415.9765625
1779138547.2455378,479,2.63210000412073,5.347325000911951,0.0,1025.34765625,15,1415.9765625
1779138547.271549,480,2.4254500021925196,5.015500006265938,18.2,1025.3515625,14,1415.9765625
1779138547.2715514,481,2.4254500021925196,5.015900002035778,18.2,1025.3515625,14,1415.9765625
1779138547.271552,482,2.4254500021925196,5.016050003177952,18.2,1025.3515625,14,1415.9765625
1779138547.2715528,483,2.4254500021925196,5.016175004129764,18.2,1025.3515625,14,1415.9765625
1779138547.2978997,484,1.8466499968781136,4.52374999440508,36.4,1025.3515625,14,1415.9765625
1779138547.2979026,485,1.8466499968781136,4.524174997641239,36.4,1025.3515625,14,1415.9765625
1779138547.2979033,486,1.8466499968781136,4.524324998783413,36.4,1025.3515625,14,1415.9765625
1779138547.2979038,487,1.8466499968781136,4.524474999925587,36.4,1025.3515625,14,1415.9765625
1779138547.3225431,488,1.906675002828706,4.568975004076492,0.0,1025.3515625,14,1415.9765625
1779138547.322547,489,1.906675002828706,4.5695000007981434,0.0,1025.3515625,14,1415.9765625
1779138547.3225477,490,1.906675002828706,4.56967500213068,0.0,1025.3515625,14,1415.9765625
1779138547.3225482,491,1.906675002828706,4.569825003272854,0.0,1025.3515625,14,1415.9765625
1779138547.3480659,492,2.1938499994575977,4.852199999731965,11.1,1025.35546875,14,1415.9765625
1779138547.3480725,493,2.1938499994575977,4.853575002925936,11.1,1025.35546875,14,1415.9765625
1779138547.3480732,494,2.1938499994575977,4.85372500406811,11.1,1025.35546875,14,1415.9765625
1779138547.3480735,495,2.1938499994575977,4.853875005210284,11.1,1025.35546875,14,1415.9765625
1779138547.3741271,496,2.2234499992919154,4.924025000946131,0.0,1025.36328125,14,1415.9765625
1779138547.3741298,497,2.2234499992919154,4.92442499671597,0.0,1025.36328125,14,1415.9765625
1779138547.3741302,498,2.2234499992919154,4.924574997858144,0.0,1025.36328125,14,1415.9765625
1779138547.3741307,499,2.2234499992919154,4.924699998809956,0.0,1025.36328125,14,1415.9765625
1779138547.4007094,500,2.1658749974449165,4.837449996557552,0.0,1025.36328125,14,1415.9765625
1779138547.400712,501,2.1658749974449165,4.837874999793712,0.0,1025.36328125,14,1415.9765625
1779138547.4007127,502,2.1658749974449165,4.838074994040653,0.0,1025.36328125,14,1415.9765625
1779138547.4007137,503,2.1658749974449165,4.838274995563552,0.0,1025.36328125,14,1415.9765625
1779138547.426077,504,2.1151249966351315,4.727649997221306,0.0,1025.36328125,14,1415.9765625
1779138547.4260795,505,2.1151249966351315,4.728100000647828,0.0,1025.36328125,14,1415.9765625
1779138547.4260805,506,2.1151249966351315,4.728275001980364,0.0,1025.36328125,14,1415.9765625
1779138547.426081,507,2.1151249966351315,4.728399995656218,0.0,1025.36328125,14,1415.9765625
1779138547.4519923,508,2.2540500067407265,4.965425003319979,0.0,1025.36328125,14,1415.9765625
1779138547.4519944,509,2.2540500067407265,4.965825006365776,0.0,1025.36328125,14,1415.9765625
1779138547.4519951,510,2.2540500067407265,4.966000000422355,0.0,1025.36328125,14,1415.9765625
1779138547.4519956,511,2.2540500067407265,4.966150001564529,0.0,1025.36328125,14,1415.9765625
1779138547.4764357,512,1.8464000022504479,4.524700001638848,30.0,1025.3671875,14,1415.9765625
1779138547.4764383,513,1.8464000022504479,4.52512499759905,30.0,1025.3671875,14,1415.9765625
1779138547.476439,514,1.8464000022504479,4.525299998931587,30.0,1025.3671875,14,1415.9765625
1779138547.4764395,515,1.8464000022504479,4.525424999883398,30.0,1025.3671875,14,1415.9765625
1779138547.500733,516,1.8191249982919544,4.473799999686889,11.1,1025.3671875,14,1415.9765625
1779138547.5007353,517,1.8191249982919544,4.474199995456729,11.1,1025.3671875,14,1415.9765625
1779138547.500736,518,1.8191249982919544,4.474349996598903,11.1,1025.3671875,14,1415.9765625
1779138547.5007365,519,1.8191249982919544,4.474474997550715,11.1,1025.3671875,14,1415.9765625
1779138547.524849,520,1.76902500243159,4.485375000513159,35.7,1025.37109375,14,1415.9765625
1779138547.5248535,521,1.76902500243159,4.4863000002806075,35.7,1025.37109375,14,1415.9765625
1779138547.5248542,522,1.76902500243159,4.486475001613144,35.7,1025.37109375,14,1415.9765625
1779138547.524855,523,1.76902500243159,4.486625002755318,35.7,1025.37109375,14,1415.9765625
1779138547.552617,524,2.7108249996672384,5.4139999992912635,35.7,1025.37109375,14,1415.9765625
1779138547.5526195,525,2.7108249996672384,5.414425002527423,35.7,1025.37109375,14,1415.9765625
1779138547.5526202,526,2.7108249996672384,5.414550003479235,35.7,1025.37109375,14,1415.9765625
1779138547.552621,527,2.7108249996672384,5.414700004621409,35.7,1025.37109375,14,1415.9765625
1779138547.5771313,528,2.093024995701853,4.693599999882281,16.7,1025.37109375,14,1415.9765625
1779138547.577134,529,2.093024995701853,4.694024995842483,16.7,1025.37109375,14,1415.9765625
1779138547.5771346,530,2.093024995701853,4.694174996984657,16.7,1025.37109375,14,1415.9765625
1779138547.577135,531,2.093024995701853,4.694274997746106,16.7,1025.37109375,14,1415.9765625
1779138547.6012692,532,1.7505249998066574,4.365149994555395,23.1,1025.375,14,1415.9765625
1779138547.6012719,533,1.7505249998066574,4.365574997791555,23.1,1025.375,14,1415.9765625
1779138547.6012726,534,1.7505249998066574,4.365749999124091,23.1,1025.375,14,1415.9765625
1779138547.601273,535,1.7505249998066574,4.3658499998855405,23.1,1025.375,14,1415.9765625
1779138547.6268106,536,2.0109249962843023,4.70705000043381,0.0,1025.375,14,1415.9765625
1779138547.6268132,537,2.0109249962843023,4.707474996394012,0.0,1025.375,14,1415.9765625
1779138547.626814,538,2.0109249962843023,4.7076499977265485,0.0,1025.375,14,1415.9765625
1779138547.6268146,539,2.0109249962843023,4.707849999249447,0.0,1025.375,14,1415.9765625
1779138547.6527202,540,2.1716249975725077,4.928700000164099,0.0,1025.375,14,1415.9765625
1779138547.6527245,541,2.1716249975725077,4.929349997837562,0.0,1025.375,14,1415.9765625
1779138547.6527255,542,2.1716249975725077,4.92965000012191,0.0,1025.375,14,1415.9765625
1779138547.6527262,543,2.1716249975725077,4.929850001644809,0.0,1025.375,14,1415.9765625
1779138547.68126,544,2.471799998602364,5.211299998336472,15.4,1025.37890625,14,1415.9765625
1779138547.6812646,545,2.471799998602364,5.212074996961746,15.4,1025.37890625,14,1415.9765625
1779138547.6812656,546,2.471799998602364,5.212299998675007,15.4,1025.37890625,14,1415.9765625
1779138547.6812668,547,2.471799998602364,5.212550000578631,15.4,1025.37890625,14,1415.9765625
1779138547.7139056,548,2.402224999968894,5.1016750003327616,0.0,1025.3828125,14,1415.9765625
1779138547.7139082,549,2.402224999968894,5.102150003949646,0.0,1025.3828125,14,1415.9765625
1779138547.713909,550,2.402224999968894,5.102299997815862,0.0,1025.3828125,14,1415.9765625
1779138547.7139134,551,2.402224999968894,5.10342499910621,0.0,1025.3828125,14,1415.9765625
1779138547.7436497,552,2.2718749969499186,4.973499999323394,0.0,1025.38671875,14,1415.9765625
1779138547.743652,553,2.2718749969499186,4.9739000023691915,0.0,1025.38671875,14,1415.9765625
1779138547.7436528,554,2.2718749969499186,4.97407499642577,0.0,1025.38671875,14,1415.9765625
1779138547.7436533,555,2.2718749969499186,4.974199997377582,0.0,1025.38671875,14,1415.9765625
1779138547.7676895,556,1.6997749989968725,4.354749995400198,20.0,1025.38671875,15,1415.9765625
1779138547.7676919,557,1.6997749989968725,4.355149998445995,20.0,1025.38671875,15,1415.9765625
1779138547.7676923,558,1.6997749989968725,4.355299999588169,20.0,1025.38671875,15,1415.9765625
1779138547.7676928,559,1.6997749989968725,4.355425000539981,20.0,1025.38671875,15,1415.9765625
1779138547.7941418,560,2.2334000022965483,4.888100003881846,0.0,1025.38671875,15,1415.9765625
1779138547.7941449,561,2.2334000022965483,4.88855000003241,0.0,1025.38671875,15,1415.9765625
1779138547.7941456,562,2.2334000022965483,4.888750001555309,0.0,1025.38671875,15,1415.9765625
1779138547.794146,563,2.2334000022965483,4.888925002887845,0.0,1025.38671875,15,1415.9765625
1779138547.8249843,564,3.021750002517365,5.631125000945758,0.0,1025.38671875,15,1415.9765625
1779138547.8249867,565,3.021750002517365,5.631500003801193,0.0,1025.38671875,15,1415.9765625
1779138547.8249874,566,3.021750002517365,5.631650004943367,0.0,1025.38671875,15,1415.9765625
1779138547.824988,567,3.021750002517365,5.631800006085541,0.0,1025.38671875,15,1415.9765625
1779138547.8500838,568,2.194950000557583,4.827299999305978,9.5,1025.38671875,15,1415.9765625
1779138547.8500865,569,2.194950000557583,4.827700002351776,9.5,1025.38671875,15,1415.9765625
1779138547.850087,570,2.194950000557583,4.82785000349395,9.5,1025.38671875,15,1415.9765625
1779138547.850089,571,2.194950000557583,4.8283249998348765,9.5,1025.38671875,15,1415.9765625
1779138547.8755312,572,2.072300005238503,4.829050005355384,14.3,1025.39453125,15,1415.9765625
1779138547.8755338,573,2.072300005238503,4.829450001125224,14.3,1025.39453125,15,1415.9765625
1779138547.875534,574,2.072300005238503,4.829575002077036,14.3,1025.39453125,15,1415.9765625
1779138547.8755345,575,2.072300005238503,4.829700003028847,14.3,1025.39453125,15,1415.9765625
1779138547.9009674,576,2.2075750021031126,4.8352250014431775,0.0,1025.39453125,15,1415.9765625
1779138547.90097,577,2.2075750021031126,4.8356499974033795,0.0,1025.39453125,15,1415.9765625
1779138547.9009705,578,2.2075750021031126,4.8357999985455535,0.0,1025.39453125,15,1415.9765625
1779138547.900971,579,2.2075750021031126,4.83597499987809,0.0,1025.39453125,15,1415.9765625
1779138547.9253714,580,1.8219749981653877,4.5446000003721565,7.7,1025.39453125,15,1415.9765625
1779138547.925374,581,1.8219749981653877,4.544974995951634,7.7,1025.39453125,15,1415.9765625
1779138547.9253747,582,1.8219749981653877,4.54514999728417,7.7,1025.39453125,15,1415.9765625
1779138547.925375,583,1.8219749981653877,4.545274998235982,7.7,1025.39453125,15,1415.9765625
1779138547.9500241,584,1.977799998712726,4.684150000684895,0.0,1025.39453125,15,1415.9765625
1779138547.950027,585,1.977799998712726,4.684599996835459,0.0,1025.39453125,15,1415.9765625
1779138547.9500275,586,1.977799998712726,4.684749997977633,0.0,1025.39453125,15,1415.9765625
1779138547.950028,587,1.977799998712726,4.684849998739082,0.0,1025.39453125,15,1415.9765625
1779138547.977001,588,2.1861499990336597,4.978850003681146,27.3,1025.39453125,15,1415.9765625
1779138547.9770036,589,2.1861499990336597,4.979249999450985,27.3,1025.39453125,15,1415.9765625
1779138547.977008,590,2.1861499990336597,4.980400000931695,27.3,1025.39453125,15,1415.9765625
1779138547.9770083,591,2.1861499990336597,4.980525001883507,27.3,1025.39453125,15,1415.9765625
1779138548.0032635,592,2.4191500051529147,5.131050005729776,11.8,1025.3984375,15,1415.9765625
1779138548.003268,593,2.4191500051529147,5.132000005687587,11.8,1025.3984375,15,1415.9765625
1779138548.003269,594,2.4191500051529147,5.132125006639399,11.8,1025.3984375,15,1415.9765625
1779138548.0032694,595,2.4191500051529147,5.132300000695977,11.8,1025.3984375,15,1415.9765625
1779138548.030118,596,2.3203750024549663,5.040825002652127,37.5,1025.3984375,15,1415.9765625
1779138548.0301201,597,2.3203750024549663,5.041249998612329,37.5,1025.3984375,15,1415.9765625
1779138548.0301208,598,2.3203750024549663,5.041399999754503,37.5,1025.3984375,15,1415.9765625
1779138548.0301216,599,2.3203750024549663,5.041525000706315,37.5,1025.3984375,15,1415.9765625
1779138548.055683,600,2.2109750061645173,4.81710000167368,5.3,1025.40234375,15,1415.9765625
1779138548.0556853,601,2.2109750061645173,4.8176000054809265,5.3,1025.40234375,15,1415.9765625
1779138548.0556862,602,2.2109750061645173,4.817749999347143,5.3,1025.40234375,15,1415.9765625
1779138548.0556867,603,2.2109750061645173,4.8178750002989545,5.3,1025.40234375,15,1415.9765625
1779138548.0803936,604,2.0589249979821034,4.695625000749715,0.0,1025.40234375,15,1415.9765625
1779138548.080396,605,2.0589249979821034,4.696075004176237,0.0,1025.40234375,15,1415.9765625
1779138548.0803967,606,2.0589249979821034,4.696199997852091,0.0,1025.40234375,15,1415.9765625
1779138548.0803971,607,2.0589249979821034,4.69629999861354,0.0,1025.40234375,15,1415.9765625
1779138548.104978,608,2.0585499951266684,4.66374999814434,0.0,1025.40234375,15,1415.9765625
1779138548.1049805,609,2.0585499951266684,4.664174994104542,0.0,1025.40234375,15,1415.9765625
1779138548.1049845,610,2.0585499951266684,4.66519999463344,0.0,1025.40234375,15,1415.9765625
1779138548.104985,611,2.0585499951266684,4.665324995585252,0.0,1025.40234375,15,1415.9765625
1779138548.132416,612,2.5703999999677762,5.260450001514982,8.3,1025.41015625,15,1415.9765625
1779138548.1324193,613,2.5703999999677762,5.260950005322229,8.3,1025.41015625,15,1415.9765625
1779138548.13242,614,2.5703999999677762,5.261124999378808,8.3,1025.41015625,15,1415.9765625
1779138548.1324205,615,2.5703999999677762,5.261300000711344,8.3,1025.41015625,15,1415.9765625
1779138548.157283,616,1.8186500019510277,4.525625001406297,5.3,1025.41015625,15,1415.9765625
1779138548.1572857,617,1.8186500019510277,4.526050004642457,5.3,1025.41015625,15,1415.9765625
1779138548.1572864,618,1.8186500019510277,4.526250006165355,5.3,1025.41015625,15,1415.9765625
1779138548.1572871,619,1.8186500019510277,4.5263749998412095,5.3,1025.41015625,15,1415.9765625
1779138548.1855798,620,2.1959250007057562,4.9409249986638315,0.0,1025.41015625,15,1415.9765625
1779138548.1855829,621,2.1959250007057562,4.941349994624034,0.0,1025.41015625,15,1415.9765625
1779138548.1855836,622,2.1959250007057562,4.94152499595657,0.0,1025.41015625,15,1415.9765625
1779138548.185584,623,2.1959250007057562,4.941649996908382,0.0,1025.41015625,15,1415.9765625
1779138548.2155256,624,2.5473999994574115,5.280149998725392,0.0,1025.4140625,15,1415.9765625
1779138548.2155282,625,2.5473999994574115,5.280600002151914,0.0,1025.4140625,15,1415.9765625
1779138548.2155287,626,2.5473999994574115,5.280750003294088,0.0,1025.4140625,15,1415.9765625
1779138548.2155294,627,2.5473999994574115,5.280874996969942,0.0,1025.4140625,15,1415.9765625
1779138548.2404978,628,1.6663999995216727,4.3479250016389415,7.1,1025.41796875,15,1415.9765625
1779138548.2405005,629,1.6663999995216727,4.348399997979868,7.1,1025.41796875,15,1415.9765625
1779138548.2405012,630,1.6663999995216727,4.348549999122042,7.1,1025.41796875,15,1415.9765625
1779138548.2405016,631,1.6663999995216727,4.3487250004545785,7.1,1025.41796875,15,1415.9765625
1779138548.266331,632,2.248949997010641,4.948424997564871,14.3,1025.4296875,15,1415.9765625
1779138548.2663333,633,2.248949997010641,4.948874993715435,14.3,1025.4296875,15,1415.9765625
1779138548.2663343,634,2.248949997010641,4.948999994667247,14.3,1025.4296875,15,1415.9765625
1779138548.2663348,635,2.248949997010641,4.949124995619059,14.3,1025.4296875,15,1415.9765625
1779138548.2919147,636,2.2252499984460883,4.897774997516535,0.0,1023.0078125,15,1415.9765625
1779138548.2919178,637,2.2252499984460883,4.898300001514144,0.0,1023.0078125,15,1415.9765625
1779138548.2919183,638,2.2252499984460883,4.898475002846681,0.0,1023.0078125,15,1415.9765625
1779138548.291919,639,2.2252499984460883,4.898599996522535,0.0,1023.0078125,15,1415.9765625
1779138548.316272,640,1.9780500006163493,4.666475004341919,6.7,1023.0078125,15,1415.9765625
1779138548.316275,641,1.9780500006163493,4.666900000302121,6.7,1023.0078125,15,1415.9765625
1779138548.3162756,642,1.9780500006163493,4.667050001444295,6.7,1023.0078125,15,1415.9765625
1779138548.3162763,643,1.9780500006163493,4.667175002396107,6.7,1023.0078125,15,1415.9765625
1779138548.3413918,644,2.093249997415114,4.730950000521261,0.0,1022.390625,15,1415.9765625
1779138548.3413942,645,2.093249997415114,4.731374996481463,0.0,1022.390625,15,1415.9765625
1779138548.341395,646,2.093249997415114,4.731524997623637,0.0,1022.390625,15,1415.9765625
1779138548.3413954,647,2.093249997415114,4.731649998575449,0.0,1022.390625,15,1415.9765625
1779138548.3734503,648,2.1907250047661364,4.884000001766253,0.0,1025.26171875,15,1415.9765625
1779138548.373457,649,2.1907250047661364,4.885474998445716,0.0,1025.26171875,15,1415.9765625
1779138548.373458,650,2.1907250047661364,4.885700000158977,0.0,1025.26171875,15,1415.9765625
1779138548.3734584,651,2.1907250047661364,4.885850001301151,0.0,1025.26171875,15,1415.9765625
1779138548.4007187,652,2.2049249964766204,4.922150001220871,0.0,1024.20703125,15,1415.9765625
1779138548.4007208,653,2.2049249964766204,4.922524996800348,0.0,1024.20703125,15,1415.9765625
1779138548.4007213,654,2.2049249964766204,4.922674997942522,0.0,1024.20703125,15,1415.9765625
1779138548.400722,655,2.2049249964766204,4.922824999084696,0.0,1024.20703125,15,1415.9765625
1779138548.4265263,656,2.2877750016050413,4.984400002285838,0.0,1024.265625,15,1415.9765625
1779138548.4265292,657,2.2877750016050413,4.984899998817127,0.0,1024.265625,15,1415.9765625
1779138548.4265301,658,2.2877750016050413,4.9850750001496635,0.0,1024.265625,15,1415.9765625
1779138548.4265308,659,2.2877750016050413,4.9852250012918375,0.0,1024.265625,15,1415.9765625
1779138548.451662,660,1.8273000023327768,4.461949996766634,0.0,1024.27734375,15,1415.9765625
1779138548.4516647,661,1.8273000023327768,4.462375000002794,0.0,1024.27734375,15,1415.9765625
1779138548.4516654,662,1.8273000023327768,4.46255000133533,0.0,1024.27734375,15,1415.9765625
1779138548.4516656,663,1.8273000023327768,4.46265000209678,0.0,1024.27734375,15,1415.9765625
1779138548.4764552,664,2.0604750025086105,4.722150006273296,20.0,1024.27734375,15,1416.2265625
1779138548.4764578,665,2.0604750025086105,4.7225500020431355,20.0,1024.27734375,15,1416.2265625
1779138548.4764583,666,2.0604750025086105,4.7227000031853095,20.0,1024.27734375,15,1416.2265625
1779138548.476459,667,2.0604750025086105,4.722825004137121,20.0,1024.27734375,15,1416.2265625
1779138548.5064902,668,3.300450000097044,5.978025001240894,0.0,1024.28515625,15,1416.2265625
1779138548.5064926,669,3.300450000097044,5.978449997201096,0.0,1024.28515625,15,1416.2265625
1779138548.506493,670,3.300450000097044,5.978624998533633,0.0,1024.28515625,15,1416.2265625
1779138548.5064938,671,3.300450000097044,5.978724999295082,0.0,1024.28515625,15,1416.2265625
1779138548.5306115,672,1.7917500008479692,4.482800002733711,0.0,1024.28515625,15,1416.2265625
1779138548.5306196,673,1.7917500008479692,4.484675002458971,0.0,1024.28515625,15,1416.2265625
1779138548.5306203,674,1.7917500008479692,4.484825003601145,0.0,1024.28515625,15,1416.2265625
1779138548.5306208,675,1.7917500008479692,4.484949997276999,0.0,1024.28515625,15,1416.2265625
1779138548.5568364,676,1.9867000009980984,4.95779999619117,25.0,1024.28515625,15,1416.2265625
1779138548.5568392,677,1.9867000009980984,4.95822499942733,25.0,1024.28515625,15,1416.2265625
1779138548.5568397,678,1.9867000009980984,4.958400000759866,25.0,1024.28515625,15,1416.2265625
1779138548.5568402,679,1.9867000009980984,4.958525001711678,25.0,1024.28515625,15,1416.2265625
1779138548.5840635,680,2.687200001673773,5.309275002218783,20.0,1024.2890625,15,1416.2265625
1779138548.5840664,681,2.687200001673773,5.309674997988623,20.0,1024.2890625,15,1416.2265625
1779138548.5840669,682,2.687200001673773,5.309824999130797,20.0,1024.2890625,15,1416.2265625
1779138548.5840673,683,2.687200001673773,5.309975000272971,20.0,1024.2890625,15,1416.2265625
1779138548.609748,684,2.1738750001532026,4.877899998973589,28.6,1024.2890625,15,1416.2265625
1779138548.6097507,685,2.1738750001532026,4.8783249949337915,28.6,1024.2890625,15,1416.2265625
1779138548.6097512,686,2.1738750001532026,4.8784749960759655,28.6,1024.2890625,15,1416.2265625
1779138548.6097517,687,2.1738750001532026,4.878649997408502,28.6,1024.2890625,15,1416.2265625
1779138548.6340036,688,1.8105749986716546,4.4642249995376915,27.3,1024.29296875,15,1416.2265625
1779138548.6340063,689,1.8105749986716546,4.4646499954978935,27.3,1024.29296875,15,1416.2265625
1779138548.634007,690,1.8105749986716546,4.46482499683043,27.3,1024.29296875,15,1416.2265625
1779138548.6340075,691,1.8105749986716546,4.4649499977822416,27.3,1024.29296875,15,1416.2265625
1779138548.6586707,692,1.9349249996594153,4.572774996631779,20.0,1024.296875,15,1416.2265625
1779138548.658673,693,1.9349249996594153,4.573174999677576,20.0,1024.296875,15,1416.2265625
1779138548.658674,694,1.9349249996594153,4.5733500010101125,20.0,1024.296875,15,1416.2265625
1779138548.6586742,695,1.9349249996594153,4.573475001961924,20.0,1024.296875,15,1416.2265625
1779138548.683704,696,1.929949998157099,4.637700003513601,0.0,1024.296875,15,1416.2265625
1779138548.6837063,697,1.929949998157099,4.63809999928344,0.0,1024.296875,15,1416.2265625
1779138548.6837072,698,1.929949998157099,4.638250000425614,0.0,1024.296875,15,1416.2265625
1779138548.6837077,699,1.929949998157099,4.638350001187064,0.0,1024.296875,15,1416.2265625
1779138548.7104106,700,2.2177249993546866,4.846124997129664,14.3,1024.4296875,15,1416.2265625
1779138548.710413,701,2.2177249993546866,4.8465500003658235,14.3,1024.4296875,15,1416.2265625
1779138548.710414,702,2.2177249993546866,4.8467000015079975,14.3,1024.4296875,15,1416.2265625
1779138548.7104144,703,2.2177249993546866,4.8468500026501715,14.3,1024.4296875,15,1416.2265625
1779138548.738555,704,2.427849998639431,5.110224999953061,16.7,1024.5625,15,1416.2265625
1779138548.7385576,705,2.427849998639431,5.110624995722901,16.7,1024.5625,15,1416.2265625
1779138548.7385583,706,2.427849998639431,5.110774996865075,16.7,1024.5625,15,1416.2265625
1779138548.7385602,707,2.427849998639431,5.111300000862684,16.7,1024.5625,15,1416.2265625
1779138548.765403,708,2.1287249983288348,4.783925003721379,40.0,1024.640625,16,1416.2265625
1779138548.7654057,709,2.1287249983288348,4.7843249994912185,40.0,1024.640625,16,1416.2265625
1779138548.7654064,710,2.1287249983288348,4.7844750006333925,40.0,1024.640625,16,1416.2265625
1779138548.765407,711,2.1287249983288348,4.7846250017755665,40.0,1024.640625,16,1416.2265625
1779138548.7893662,712,1.8366500007687137,4.440374999830965,18.2,1024.66796875,16,1416.2265625
1779138548.7893689,713,1.8366500007687137,4.440775002876762,18.2,1024.66796875,16,1416.2265625
1779138548.7893693,714,1.8366500007687137,4.440924996742979,18.2,1024.66796875,16,1416.2265625
1779138548.78937,715,1.8366500007687137,4.441074997885153,18.2,1024.66796875,16,1416.2265625
1779138548.8140767,716,2.1016500031691976,4.707100000814535,0.0,1024.66796875,16,1416.2265625
1779138548.8140793,717,2.1016500031691976,4.707525004050694,0.0,1024.66796875,16,1416.2265625
1779138548.8140798,718,2.1016500031691976,4.707674997916911,0.0,1024.66796875,16,1416.2265625
1779138548.8140802,719,2.1016500031691976,4.7077999988687225,0.0,1024.66796875,16,1416.2265625
1779138548.8401248,720,2.290025004185736,4.9634500028332695,0.0,1024.66796875,16,1416.2265625
1779138548.8401275,721,2.290025004185736,4.9639000062597916,0.0,1024.66796875,16,1416.2265625
1779138548.8401282,722,2.290025004185736,4.964050000126008,0.0,1024.66796875,16,1416.2265625
1779138548.8401284,723,2.290025004185736,4.96417500107782,0.0,1024.66796875,16,1416.2265625
1779138548.8642514,724,1.7184749958687462,4.365824999695178,33.3,1024.8125,16,1416.2265625
1779138548.8642538,725,1.7184749958687462,4.366224995465018,33.3,1024.8125,16,1416.2265625
1779138548.8642545,726,1.7184749958687462,4.366399996797554,33.3,1024.8125,16,1416.2265625
1779138548.86426,727,1.7184749958687462,4.367749999801163,33.3,1024.8125,16,1416.2265625
1779138548.8894403,728,2.0488500013016164,4.697350006608758,30.0,1024.82421875,16,1416.2265625
1779138548.889443,729,2.0488500013016164,4.69777500256896,30.0,1024.82421875,16,1416.2265625
1779138548.8894436,730,2.0488500013016164,4.6979500039014965,30.0,1024.82421875,16,1416.2265625
1779138548.889444,731,2.0488500013016164,4.698075004853308,30.0,1024.82421875,16,1416.2265625
1779138548.9143496,732,1.7445499979658052,4.448199993930757,0.0,1024.828125,16,1416.2265625
1779138548.9143522,733,1.7445499979658052,4.448574996786192,0.0,1024.828125,16,1416.2265625
1779138548.914353,734,1.7445499979658052,4.448749998118728,0.0,1024.828125,16,1416.2265625
1779138548.9143534,735,1.7445499979658052,4.448849998880178,0.0,1024.828125,16,1416.2265625
1779138548.9385927,736,1.7359249977744184,4.398299999593291,0.0,1024.828125,16,1416.2265625
1779138548.938595,737,1.7359249977744184,4.398699995363131,0.0,1024.828125,16,1416.2265625
1779138548.9385955,738,1.7359249977744184,4.398849996505305,0.0,1024.828125,16,1416.2265625
1779138548.938596,739,1.7359249977744184,4.398974997457117,0.0,1024.828125,16,1416.2265625
1779138548.9655364,740,2.1960000012768432,4.8940999986371025,0.0,1024.828125,16,1416.2265625
1779138548.9655387,741,2.1960000012768432,4.894525001873262,0.0,1024.828125,16,1416.2265625
1779138548.9655397,742,2.1960000012768432,4.894675003015436,0.0,1024.828125,16,1416.2265625
1779138548.9655402,743,2.1960000012768432,4.894800003967248,0.0,1024.828125,16,1416.2265625
1779138548.9925394,744,2.0857999988947995,4.866949995630421,10.5,1024.91015625,16,1416.2265625
1779138548.9925423,745,2.0857999988947995,4.86737499886658,10.5,1024.91015625,16,1416.2265625
1779138548.992548,746,2.0857999988947995,4.868849995546043,10.5,1024.91015625,16,1416.2265625
1779138548.992549,747,2.0857999988947995,4.868999996688217,10.5,1024.91015625,16,1416.2265625
1779138549.0179374,748,1.964825001778081,4.692050002631731,11.1,1024.9140625,16,1416.2265625
1779138549.0179403,749,1.964825001778081,4.692524998972658,11.1,1024.9140625,16,1416.2265625
1779138549.017941,750,1.964825001778081,4.692725000495557,11.1,1024.9140625,16,1416.2265625
1779138549.0179415,751,1.964825001778081,4.692875001637731,11.1,1024.9140625,16,1416.2265625
1779138549.0437696,752,2.2335500034387223,4.8498250034754165,0.0,1024.9140625,16,1416.2265625
1779138549.0437725,753,2.2335500034387223,4.850250006711576,0.0,1024.9140625,16,1416.2265625
1779138549.0437732,754,2.2335500034387223,4.850425000768155,0.0,1024.9140625,16,1416.2265625
1779138549.0437734,755,2.2335500034387223,4.850525001529604,0.0,1024.9140625,16,1416.2265625
1779138549.0691156,756,2.1750749947386794,4.7921000004862435,15.4,1024.91796875,16,1416.2265625
1779138549.0691183,757,2.1750749947386794,4.792524996446446,15.4,1024.91796875,16,1416.2265625
1779138549.069119,758,2.1750749947386794,4.792699997778982,15.4,1024.91796875,16,1416.2265625
1779138549.0691195,759,2.1750749947386794,4.792849998921156,15.4,1024.91796875,16,1416.2265625
1779138549.094497,760,2.068174995656591,4.67594999645371,25.0,1024.921875,16,1416.2265625
1779138549.094501,761,2.068174995656591,4.676799995650072,25.0,1024.921875,16,1416.2265625
1779138549.094502,762,2.068174995656591,4.676974996982608,25.0,1024.921875,16,1416.2265625
1779138549.0945024,763,2.068174995656591,4.67709999793442,25.0,1024.921875,16,1416.2265625
1779138549.1242907,764,3.0815249992883764,5.778175000159536,0.0,1024.9296875,16,1416.2265625
1779138549.1242933,765,3.0815249992883764,5.778600003395695,0.0,1024.9296875,16,1416.2265625
1779138549.1242983,766,3.0815249992883764,5.779824998171534,0.0,1024.9296875,16,1416.2265625
1779138549.124299,767,3.0815249992883764,5.779949999123346,0.0,1024.9296875,16,1416.2265625
1779138549.149278,768,2.0355750020826235,4.725075006717816,30.0,1024.9375,16,1416.2265625
1779138549.1492813,769,2.0355750020826235,4.725575003249105,30.0,1024.9375,16,1416.2265625
1779138549.1492822,770,2.0355750020826235,4.725825005152728,30.0,1024.9375,16,1416.2265625
1779138549.1492832,771,2.0355750020826235,4.726000006485265,30.0,1024.9375,16,1416.2265625
1779138549.1763809,772,2.3527000012109056,5.0612999984878115,43.8,1024.9375,16,1416.2265625
1779138549.1763866,773,2.3527000012109056,5.062174997874536,43.8,1024.9375,16,1416.2265625
1779138549.1763873,774,2.3527000012109056,5.062349999207072,43.8,1024.9375,16,1416.2265625
1779138549.176388,775,2.3527000012109056,5.062550000729971,43.8,1024.9375,16,1416.2265625
1779138549.2053685,776,2.2342250013025478,4.872900004556868,20.0,1024.94140625,16,1416.2265625
1779138549.205371,777,2.2342250013025478,4.873275000136346,20.0,1024.94140625,16,1416.2265625
1779138549.2053716,778,2.2342250013025478,4.873450001468882,20.0,1024.94140625,16,1416.2265625
1779138549.205372,779,2.2342250013025478,4.873575002420694,20.0,1024.94140625,16,1416.2265625
1779138549.2299278,780,1.9067000030190684,4.5988999991095625,0.0,1024.94140625,16,1416.2265625
1779138549.2299304,781,1.9067000030190684,4.599325002345722,0.0,1024.94140625,16,1416.2265625
1779138549.2299314,782,1.9067000030190684,4.599499996402301,0.0,1024.94140625,16,1416.2265625
1779138549.2299318,783,1.9067000030190684,4.599624997354113,0.0,1024.94140625,16,1416.2265625
1779138549.2563834,784,2.3341749983956106,4.977599994163029,36.4,1024.94140625,14,1416.2265625
1779138549.2563863,785,2.3341749983956106,4.978074997779913,36.4,1024.94140625,14,1416.2265625
1779138549.2563884,786,2.3341749983956106,4.978599994501565,36.4,1024.94140625,14,1416.2265625
1779138549.256389,787,2.3341749983956106,4.978749995643739,36.4,1024.94140625,14,1416.2265625
1779138549.2814069,788,2.0824750026804395,4.761299998790491,7.1,1024.94921875,14,1416.2265625
1779138549.28141,789,2.0824750026804395,4.761800002597738,7.1,1024.94921875,14,1416.2265625
1779138549.281411,790,2.0824750026804395,4.762000004120637,7.1,1024.94921875,14,1416.2265625
1779138549.2814114,791,2.0824750026804395,4.762150005262811,7.1,1024.94921875,14,1416.2265625
1779138549.308907,792,2.2355749970301986,5.035075002524536,0.0,1024.9609375,14,1416.2265625
1779138549.3089097,793,2.2355749970301986,5.035499998484738,0.0,1024.9609375,14,1416.2265625
1779138549.3089104,794,2.2355749970301986,5.035649999626912,0.0,1024.9609375,14,1416.2265625
1779138549.3089108,795,2.2355749970301986,5.035775000578724,0.0,1024.9609375,14,1416.2265625
1779138549.3351274,796,2.4136749998433515,5.06784999743104,18.2,1025.03125,14,1416.2265625
1779138549.3351302,797,2.4136749998433515,5.0682750006671995,18.2,1025.03125,14,1416.2265625
1779138549.3351307,798,2.4136749998433515,5.0684250018093735,18.2,1025.03125,14,1416.2265625
1779138549.3351314,799,2.4136749998433515,5.068625003332272,18.2,1025.03125,14,1416.2265625
1779138549.3637097,800,2.9345750008360483,5.602324999927077,30.8,1025.10546875,14,1416.2265625
1779138549.363712,801,2.9345750008360483,5.602725002972875,30.8,1025.10546875,14,1416.2265625
1779138549.3637128,802,2.9345750008360483,5.602875004115049,30.8,1025.10546875,14,1416.2265625
1779138549.3637133,803,2.9345750008360483,5.603025005257223,30.8,1025.10546875,14,1416.2265625
1779138549.3874025,804,1.6908750039874576,4.380025005957577,0.0,1025.1796875,14,1416.2265625
1779138549.3874054,805,1.6908750039874576,4.380425001727417,0.0,1025.1796875,14,1416.2265625
1779138549.3874106,806,1.6908750039874576,4.3817750047310255,0.0,1025.1796875,14,1416.2265625
1779138549.387411,807,1.6908750039874576,4.3819250058731996,0.0,1025.1796875,14,1416.2265625
1779138549.4131339,808,2.177900001697708,4.797150002559647,11.1,1025.18359375,14,1416.2265625
1779138549.4131362,809,2.177900001697708,4.797524998139124,11.1,1025.18359375,14,1416.2265625
1779138549.413137,810,2.177900001697708,4.797699999471661,11.1,1025.18359375,14,1416.2265625
1779138549.4131377,811,2.177900001697708,4.797900000994559,11.1,1025.18359375,14,1416.2265625
1779138549.4425168,812,2.7487249972182326,5.611975000647362,12.5,1025.1875,14,1416.2265625
1779138549.4425192,813,2.7487249972182326,5.61237500369316,12.5,1025.1875,14,1416.2265625
1779138549.4425201,814,2.7487249972182326,5.612524997559376,12.5,1025.1875,14,1416.2265625
1779138549.4425206,815,2.7487249972182326,5.61267499870155,12.5,1025.1875,14,1416.2265625
1779138549.470053,816,2.5026000002981164,5.186850001337007,15.4,1025.1875,14,1416.2265625
1779138549.4700553,817,2.5026000002981164,5.187324997677933,15.4,1025.1875,14,1416.2265625
1779138549.4700563,818,2.5026000002981164,5.187474998820107,15.4,1025.1875,14,1416.2265625
1779138549.4700568,819,2.5026000002981164,5.187650000152644,15.4,1025.1875,14,1416.2265625
1779138549.4970522,820,2.363024999795016,4.978025004675146,0.0,1025.1875,14,1416.2265625
1779138549.4970548,821,2.363024999795016,4.978400000254624,0.0,1025.1875,14,1416.2265625
1779138549.4970553,822,2.363024999795016,4.978550001396798,0.0,1025.1875,14,1416.2265625
1779138549.497056,823,2.363024999795016,4.978700002538972,0.0,1025.1875,14,1416.2265625
1779138549.5233216,824,2.3397499971906655,5.021024997404311,16.7,1025.19140625,14,1416.2265625
1779138549.523324,825,2.3397499971906655,5.021424993174151,16.7,1025.19140625,14,1416.2265625
1779138549.5233247,826,2.3397499971906655,5.021574994316325,16.7,1025.19140625,14,1416.2265625
1779138549.5233252,827,2.3397499971906655,5.021699995268136,16.7,1025.19140625,14,1416.2265625
1779138549.5494049,828,2.209775004303083,4.90337500377791,54.5,1025.19140625,14,1416.2265625
1779138549.5494072,829,2.209775004303083,4.90377499954775,54.5,1025.19140625,14,1416.2265625
1779138549.549408,830,2.209775004303083,4.903925000689924,54.5,1025.19140625,14,1416.2265625
1779138549.5494084,831,2.209775004303083,4.904075001832098,54.5,1025.19140625,14,1416.2265625
1779138549.577293,832,2.62020000081975,5.316449998645112,0.0,1025.19140625,14,1416.2265625
1779138549.5772953,833,2.62020000081975,5.316850001690909,0.0,1025.19140625,14,1416.2265625
1779138549.5772958,834,2.62020000081975,5.317025003023446,0.0,1025.19140625,14,1416.2265625
1779138549.5772967,835,2.62020000081975,5.317199997080024,0.0,1025.19140625,14,1416.2265625
1779138549.6027026,836,2.0870500011369586,4.847675001656171,6.2,1025.19140625,14,1416.2265625
1779138549.6027052,837,2.0870500011369586,4.848100004892331,6.2,1025.19140625,14,1416.2265625
1779138549.602706,838,2.0870500011369586,4.848250006034505,6.2,1025.19140625,14,1416.2265625
1779138549.6027064,839,2.0870500011369586,4.848400007176679,6.2,1025.19140625,14,1416.2265625
1779138549.6272273,840,1.82015000609681,4.53745000413619,25.0,1025.1953125,14,1416.2265625
1779138549.62723,841,1.82015000609681,4.537875000096392,25.0,1025.1953125,14,1416.2265625
1779138549.6272306,842,1.82015000609681,4.538050001428928,25.0,1025.1953125,14,1416.2265625
1779138549.627231,843,1.82015000609681,4.53817500238074,25.0,1025.1953125,14,1416.2265625
1779138549.6526287,844,2.0384750023367815,4.668649999075569,0.0,1025.1953125,14,1416.2265625
1779138549.652635,845,2.0384750023367815,4.67002500226954,0.0,1025.1953125,14,1416.2265625
1779138549.6526358,846,2.0384750023367815,4.670199996326119,0.0,1025.1953125,14,1416.2265625
1779138549.6526365,847,2.0384750023367815,4.67032499727793,0.0,1025.1953125,14,1416.2265625
1779138549.6839476,848,3.346699995745439,5.96524999855319,0.0,1025.19921875,14,1416.2265625
1779138549.6839502,849,3.346699995745439,5.965650001598988,0.0,1025.19921875,14,1416.2265625
1779138549.6839507,850,3.346699995745439,5.965799995465204,0.0,1025.19921875,14,1416.2265625
1779138549.6839511,851,3.346699995745439,5.965924996417016,0.0,1025.19921875,14,1416.2265625
1779138549.710481,852,2.212724997662008,4.810799997358117,6.7,1025.203125,14,1421.9140625
1779138549.7104836,853,2.212724997662008,4.811200000403915,6.7,1025.203125,14,1421.9140625
1779138549.7104843,854,2.212724997662008,4.811349994270131,6.7,1025.203125,14,1421.9140625
1779138549.7104845,855,2.212724997662008,4.811474995221943,6.7,1025.203125,14,1421.9140625
1779138549.7364275,856,2.1093250034027733,4.8435250064358115,21.4,1025.203125,14,1421.9140625
1779138549.7364302,857,2.1093250034027733,4.843925002205651,21.4,1025.203125,14,1421.9140625
1779138549.7364306,858,2.1093250034027733,4.844100003538188,21.4,1025.203125,14,1421.9140625
1779138549.7364311,859,2.1093250034027733,4.844225004489999,21.4,1025.203125,14,1421.9140625
1779138549.7623324,860,1.9459250033833086,4.703650003648363,0.0,1025.203125,15,1421.9140625
1779138549.762337,861,1.9459250033833086,4.7046250037965365,0.0,1025.203125,15,1421.9140625
1779138549.7623377,862,1.9459250033833086,4.704800005129073,0.0,1025.203125,15,1421.9140625
1779138549.7623384,863,1.9459250033833086,4.7049250060808845,0.0,1025.203125,15,1421.9140625
1779138549.7927928,864,3.0415500004892237,5.738425003073644,0.0,1025.20703125,15,1421.9140625
1779138549.7927954,865,3.0415500004892237,5.738824998843484,0.0,1025.20703125,15,1421.9140625
1779138549.792796,866,3.0415500004892237,5.738974999985658,0.0,1025.20703125,15,1421.9140625
1779138549.7927964,867,3.0415500004892237,5.739100000937469,0.0,1025.20703125,15,1421.9140625
1779138549.8270564,868,3.566299994417932,6.502949996502139,50.0,1025.21484375,15,1421.9140625
1779138549.827059,869,3.566299994417932,6.503399999928661,50.0,1025.21484375,15,1421.9140625
1779138549.8270597,870,3.566299994417932,6.503550001070835,50.0,1025.21484375,15,1421.9140625
1779138549.8270602,871,3.566299994417932,6.503674994746689,50.0,1025.21484375,15,1421.9140625
1779138549.858884,872,2.5022999980137683,5.234024996752851,12.5,1025.21484375,15,1421.9140625
1779138549.8588922,873,2.5022999980137683,5.235849996097386,12.5,1025.21484375,15,1421.9140625
1779138549.8588932,874,2.5022999980137683,5.236024997429922,12.5,1025.21484375,15,1421.9140625
1779138549.8588936,875,2.5022999980137683,5.236149998381734,12.5,1025.21484375,15,1421.9140625
1779138549.8853905,876,2.196774999902118,4.98304999928223,0.0,1025.21484375,15,1421.9140625
1779138549.8853934,877,2.196774999902118,4.983425002137665,0.0,1025.21484375,15,1421.9140625
1779138549.8853939,878,2.196774999902118,4.983599996194243,0.0,1025.21484375,15,1421.9140625
1779138549.8853943,879,2.196774999902118,4.983724997146055,0.0,1025.21484375,15,1421.9140625
1779138549.9107602,880,1.8124749985872768,4.667500004870817,5.3,1025.21484375,15,1421.9140625
1779138549.9107625,881,1.8124749985872768,4.6678750004502945,5.3,1025.21484375,15,1421.9140625
1779138549.9107633,882,1.8124749985872768,4.668050001782831,5.3,1025.21484375,15,1421.9140625
1779138549.9107637,883,1.8124749985872768,4.6681750027346425,5.3,1025.21484375,15,1421.9140625
1779138549.936988,884,2.236925000033807,4.9341749981977046,0.0,1025.21875,15,1421.9140625
1779138549.9369948,885,2.236925000033807,4.934600001433864,0.0,1025.21875,15,1421.9140625
1779138549.9369955,886,2.236925000033807,4.934750002576038,0.0,1025.21875,15,1421.9140625
1779138549.936996,887,2.236925000033807,4.934900003718212,0.0,1025.21875,15,1421.9140625
1779138549.963663,888,2.478700000210665,5.142099995282479,0.0,1025.21875,15,1421.9140625
1779138549.963666,889,2.478700000210665,5.142524998518638,0.0,1025.21875,15,1421.9140625
1779138549.9636667,890,2.478700000210665,5.142674999660812,0.0,1025.21875,15,1421.9140625
1779138549.963667,891,2.478700000210665,5.142800000612624,0.0,1025.21875,15,1421.9140625
1779138549.9891446,892,2.129549997334834,4.789500002516434,7.7,1025.21875,15,1421.9140625
1779138549.9891474,893,2.129549997334834,4.789949998666998,7.7,1025.21875,15,1421.9140625
1779138549.9891481,894,2.129549997334834,4.790124999999534,7.7,1025.21875,15,1421.9140625
1779138549.9891486,895,2.129549997334834,4.790325001522433,7.7,1025.21875,15,1421.9140625
1779138550.0164218,896,2.395775001787115,5.051950000051875,12.5,1025.22265625,15,1421.9140625
1779138550.0164244,897,2.395775001787115,5.052425003668759,12.5,1025.22265625,15,1421.9140625
1779138550.0164251,898,2.395775001787115,5.052599997725338,12.5,1025.22265625,15,1421.9140625
1779138550.0164256,899,2.395775001787115,5.052724998677149,12.5,1025.22265625,15,1421.9140625
1779138550.042881,900,2.0580499985953793,4.827149998163804,0.0,1025.22265625,15,1421.9140625
1779138550.0428839,901,2.0580499985953793,4.827600001590326,0.0,1025.22265625,15,1421.9140625
1779138550.0428846,902,2.0580499985953793,4.8277500027325,0.0,1025.22265625,15,1421.9140625
1779138550.04289,903,2.0580499985953793,4.829124998650514,0.0,1025.22265625,15,1421.9140625
1779138550.069488,904,2.348424997762777,5.112924998684321,50.0,1025.3046875,15,1421.9140625
1779138550.0694904,905,2.348424997762777,5.11335000192048,50.0,1025.3046875,15,1421.9140625
1779138550.0694911,906,2.348424997762777,5.113525003253017,50.0,1025.3046875,15,1421.9140625
1779138550.0694916,907,2.348424997762777,5.113650004204828,50.0,1025.3046875,15,1421.9140625
1779138550.094449,908,1.9391249952604994,4.577175001031719,0.0,1025.3046875,15,1421.9140625
1779138550.0944517,909,1.9391249952604994,4.577599996991921,0.0,1025.3046875,15,1421.9140625
1779138550.0944521,910,1.9391249952604994,4.577774998324458,0.0,1025.3046875,15,1421.9140625
1779138550.0944574,911,1.9391249952604994,4.579050000756979,0.0,1025.3046875,15,1421.9140625
1779138550.1204095,912,2.2702749993186444,4.945950000546873,0.0,1025.3046875,15,1421.9140625
1779138550.1204123,913,2.2702749993186444,4.946399996697437,0.0,1025.3046875,15,1421.9140625
1779138550.1204128,914,2.2702749993186444,4.946549997839611,0.0,1025.3046875,15,1421.9140625
1779138550.1204135,915,2.2702749993186444,4.946699998981785,0.0,1025.3046875,15,1421.9140625
1779138550.1473787,916,2.330525006982498,5.051900006947108,45.5,1025.3046875,15,1421.9140625
1779138550.1473815,917,2.330525006982498,5.052350003097672,45.5,1025.3046875,15,1421.9140625
1779138550.147382,918,2.330525006982498,5.052500004239846,45.5,1025.3046875,15,1421.9140625
1779138550.1473827,919,2.330525006982498,5.052625005191658,45.5,1025.3046875,15,1421.9140625
1779138550.1724124,920,1.8160999970859848,4.660200000216719,4.8,1025.30859375,15,1421.9140625
1779138550.1724153,921,1.8160999970859848,4.660649996367283,4.8,1025.30859375,15,1421.9140625
1779138550.172416,922,1.8160999970859848,4.660799997509457,4.8,1025.30859375,15,1421.9140625
1779138550.1724195,923,1.8160999970859848,4.661724997276906,4.8,1025.30859375,15,1421.9140625
1779138550.1982121,924,2.1736499984399416,4.783374999533407,0.0,1025.3125,15,1421.9140625
1779138550.1982148,925,2.1736499984399416,4.7837999954936095,0.0,1025.3125,15,1421.9140625
1779138550.1982155,926,2.1736499984399416,4.783974996826146,0.0,1025.3125,15,1421.9140625
1779138550.1982157,927,2.1736499984399416,4.7840999977779575,0.0,1025.3125,15,1421.9140625
1779138550.225256,928,2.3499250019085594,5.096449996926822,0.0,1025.3125,15,1421.9140625
1779138550.2252586,929,2.3499250019085594,5.096900000353344,0.0,1025.3125,15,1421.9140625
1779138550.2252593,930,2.3499250019085594,5.097050001495518,0.0,1025.3125,15,1421.9140625
1779138550.2252598,931,2.3499250019085594,5.097200002637692,0.0,1025.3125,15,1421.9140625
1779138550.250799,932,2.27170000289334,4.892024997388944,18.8,1025.3125,15,1421.9140625
1779138550.2508016,933,2.27170000289334,4.892425000434741,18.8,1025.3125,15,1421.9140625
1779138550.2508023,934,2.27170000289334,4.892600001767278,18.8,1025.3125,15,1421.9140625
1779138550.2508028,935,2.27170000289334,4.892700002528727,18.8,1025.3125,15,1421.9140625
1779138550.2797778,936,2.973825001390651,5.613125002128072,0.0,1025.3125,15,1421.9140625
1779138550.2797806,937,2.973825001390651,5.613549998088274,0.0,1025.3125,15,1421.9140625
1779138550.279781,938,2.973825001390651,5.613699999230448,0.0,1025.3125,15,1421.9140625
1779138550.2797816,939,2.973825001390651,5.6137999999918975,0.0,1025.3125,15,1421.9140625
1779138550.3035276,940,1.727850001771003,4.435574999661185,14.3,1025.3125,15,1421.9140625
1779138550.30353,941,1.727850001771003,4.4360000028973445,14.3,1025.3125,15,1421.9140625
1779138550.3035343,942,1.727850001771003,4.437049996340647,14.3,1025.3125,15,1421.9140625
1779138550.3035352,943,1.727850001771003,4.437199997482821,14.3,1025.3125,15,1421.9140625
1779138550.3295,944,1.9982250014436431,4.620525003701914,17.6,1025.31640625,15,1421.9140625
1779138550.3295028,945,1.9982250014436431,4.6209749998524785,17.6,1025.31640625,15,1421.9140625
1779138550.3295035,946,1.9982250014436431,4.6211250009946525,17.6,1025.31640625,15,1421.9140625
1779138550.329504,947,1.9982250014436431,4.6212750021368265,17.6,1025.31640625,15,1421.9140625
1779138550.3568907,948,2.286000002641231,5.041850003181025,0.0,1025.3203125,15,1421.9140625
1779138550.3568933,949,2.286000002641231,5.0422749991412275,0.0,1025.3203125,15,1421.9140625
1779138550.356894,950,2.286000002641231,5.0424250002834015,0.0,1025.3203125,15,1421.9140625
1779138550.3568945,951,2.286000002641231,5.042550001235213,0.0,1025.3203125,15,1421.9140625
1779138550.3869538,952,2.2438500018324703,4.896074999123812,0.0,1025.3203125,15,1421.9140625
1779138550.3869562,953,2.2438500018324703,4.896500002359971,0.0,1025.3203125,15,1421.9140625
1779138550.3869574,954,2.2438500018324703,4.89667499641655,0.0,1025.3203125,15,1421.9140625
1779138550.386958,955,2.2438500018324703,4.896824997558724,0.0,1025.3203125,15,1421.9140625
1779138550.4107118,956,1.8596000008983538,4.454875001101755,5.9,1025.3203125,15,1421.9140625
1779138550.4107141,957,1.8596000008983538,4.455300004337914,5.9,1025.3203125,15,1421.9140625
1779138550.4107149,958,1.8596000008983538,4.455450005480088,5.9,1025.3203125,15,1421.9140625
1779138550.4107153,959,1.8596000008983538,4.455624999536667,5.9,1025.3203125,15,1421.9140625
1779138550.4373603,960,2.235575004306156,4.9843500019051135,35.7,1025.3203125,15,1421.9140625
1779138550.437363,961,2.235575004306156,4.9847250047605485,35.7,1025.3203125,15,1421.9140625
1779138550.4373674,962,2.235575004306156,4.985874998965301,35.7,1025.3203125,15,1421.9140625
1779138550.4373684,963,2.235575004306156,4.986025000107475,35.7,1025.3203125,15,1421.9140625
1779138550.4627597,964,2.2354749962687492,4.866499999479856,0.0,1025.32421875,15,1421.9140625
1779138550.4627624,965,2.2354749962687492,4.866924995440058,0.0,1025.32421875,15,1421.9140625
1779138550.462763,966,2.2354749962687492,4.867099996772595,0.0,1025.32421875,15,1421.9140625
1779138550.4627635,967,2.2354749962687492,4.867199997534044,0.0,1025.32421875,15,1421.9140625
1779138550.4872792,968,1.8550749955466017,4.511074999754783,45.5,1025.328125,15,1421.9140625
1779138550.487282,969,1.8550749955466017,4.511499995714985,45.5,1025.328125,15,1421.9140625
1779138550.4872828,970,1.8550749955466017,4.511674997047521,45.5,1025.328125,15,1421.9140625
1779138550.4872832,971,1.8550749955466017,4.511799997999333,45.5,1025.328125,15,1421.9140625
1779138550.5132046,972,2.290725002239924,4.989150002074894,0.0,1025.328125,15,1421.9140625
1779138550.5132093,973,2.290725002239924,4.990200002794154,0.0,1025.328125,15,1421.9140625
1779138550.51321,974,2.290725002239924,4.99037500412669,0.0,1025.328125,15,1421.9140625
1779138550.5132108,975,2.290725002239924,4.990549998183269,0.0,1025.328125,15,1421.9140625
1779138550.5399017,976,2.3056999998516403,4.974274997948669,11.8,1025.34765625,15,1421.9140625
1779138550.5399044,977,2.3056999998516403,4.974675000994466,11.8,1025.34765625,15,1421.9140625
1779138550.5399048,978,2.3056999998516403,4.974824994860683,11.8,1025.34765625,15,1421.9140625
1779138550.5399053,979,2.3056999998516403,4.974949995812494,11.8,1025.34765625,15,1421.9140625
1779138550.5665715,980,2.512499995646067,5.113224993692711,0.0,1025.35546875,15,1421.9140625
1779138550.5665781,981,2.512499995646067,5.114724997838493,0.0,1025.35546875,15,1421.9140625
1779138550.5665786,982,2.512499995646067,5.11489999917103,0.0,1025.35546875,15,1421.9140625
1779138550.5665793,983,2.512499995646067,5.1150749932276085,0.0,1025.35546875,15,1421.9140625
1779138550.594545,984,2.2370250007952563,4.916575002425816,7.7,1025.3671875,15,1421.9140625
1779138550.5945475,985,2.2370250007952563,4.916999998386018,7.7,1025.3671875,15,1421.9140625
1779138550.5945482,986,2.2370250007952563,4.917149999528192,7.7,1025.3671875,15,1421.9140625
1779138550.594549,987,2.2370250007952563,4.917350001051091,7.7,1025.3671875,15,1421.9140625
1779138550.6211476,988,2.278874999319669,4.949199996190146,0.0,1025.3671875,15,1421.9140625
1779138550.6211503,989,2.278874999319669,4.949624999426305,0.0,1025.3671875,15,1421.9140625
1779138550.621151,990,2.278874999319669,4.949800000758842,0.0,1025.3671875,15,1421.9140625
1779138550.6211514,991,2.278874999319669,4.949950001901016,0.0,1025.3671875,15,1421.9140625
1779138550.6473267,992,2.208749996498227,4.908299997623544,12.0,1025.3671875,15,1421.9140625
1779138550.6473293,993,2.208749996498227,4.908725000859704,12.0,1025.3671875,15,1421.9140625
1779138550.6473298,994,2.208749996498227,4.908875002001878,12.0,1025.3671875,15,1421.9140625
1779138550.6473305,995,2.208749996498227,4.909024995868094,12.0,1025.3671875,15,1421.9140625
1779138550.6741524,996,2.278600004501641,4.979050005204044,20.0,1025.3671875,15,1421.9140625
1779138550.674155,997,2.278600004501641,4.979500001354609,20.0,1025.3671875,15,1421.9140625
1779138550.6741557,998,2.278600004501641,4.979650002496783,20.0,1025.3671875,15,1421.9140625
1779138550.6741562,999,2.278600004501641,4.979800003638957,20.0,1025.3671875,15,1421.9140625
1779138550.6988807,1000,1.814874995034188,4.53002499853028,0.0,1025.37109375,15,1421.9140625
1779138550.6988833,1001,1.814874995034188,4.530425001576077,0.0,1025.37109375,15,1421.9140625
1779138550.698884,1002,1.814874995034188,4.530599995632656,0.0,1025.37109375,15,1421.9140625
1779138550.6988847,1003,1.814874995034188,4.530724996584468,0.0,1025.37109375,15,1421.9140625
1779138550.7244613,1004,2.151774999219924,4.811524995602667,7.7,1025.375,15,1421.9140625
1779138550.7244642,1005,2.151774999219924,4.811924998648465,7.7,1025.375,15,1421.9140625
1779138550.7244647,1006,2.151774999219924,4.812074999790639,7.7,1025.375,15,1421.9140625
1779138550.7244651,1007,2.151774999219924,4.812225000932813,7.7,1025.375,15,1421.9140625
1779138550.752075,1008,2.4479000057908706,5.1491750054992735,27.3,1025.375,15,1421.9140625
1779138550.7520776,1009,2.4479000057908706,5.149600001459476,27.3,1025.375,15,1421.9140625
1779138550.752078,1010,2.4479000057908706,5.14975000260165,27.3,1025.375,15,1421.9140625
1779138550.7520788,1011,2.4479000057908706,5.149900003743824,27.3,1025.375,15,1421.9140625
1779138550.7788196,1012,2.0217749988660216,4.631599993444979,0.0,1025.375,12,1421.9140625
1779138550.778822,1013,2.0217749988660216,4.6319999964907765,0.0,1025.375,12,1421.9140625
1779138550.7788227,1014,2.0217749988660216,4.6321499976329505,0.0,1025.375,12,1421.9140625
1779138550.7788234,1015,2.0217749988660216,4.6322999987751245,0.0,1025.375,12,1421.9140625
1779138550.8033938,1016,1.8679249988053925,4.560125002171844,23.1,1025.375,12,1421.9140625
1779138550.8033967,1017,1.8679249988053925,4.560574998322409,23.1,1025.375,12,1421.9140625
1779138550.8033974,1018,1.8679249988053925,4.560749999654945,23.1,1025.375,12,1421.9140625
1779138550.803398,1019,1.8679249988053925,4.560850000416394,23.1,1025.375,12,1421.9140625
1779138550.8327115,1020,2.9948500014143065,5.6508500056224875,14.3,1025.37890625,12,1421.9140625
1779138550.8327143,1021,2.9948500014143065,5.651300001773052,14.3,1025.37890625,12,1421.9140625
1779138550.832715,1022,2.9948500014143065,5.651425002724864,14.3,1025.37890625,12,1421.9140625
1779138550.8327155,1023,2.9948500014143065,5.651550003676675,14.3,1025.37890625,12,1421.9140625
1779138550.8597038,1024,2.402450001682155,5.06557500193594,0.0,1025.3828125,12,1421.9140625
1779138550.8597062,1025,2.402450001682155,5.065999997896142,0.0,1025.3828125,12,1421.9140625
1779138550.8597069,1026,2.402450001682155,5.066149999038316,0.0,1025.3828125,12,1421.9140625
1779138550.8597074,1027,2.402450001682155,5.066274999990128,0.0,1025.3828125,12,1421.9140625
1779138550.8902314,1028,3.122225003608037,5.831100002978928,25.0,1025.38671875,12,1421.9140625
1779138550.8902333,1029,3.122225003608037,5.831499998748768,25.0,1025.38671875,12,1421.9140625
1779138550.890234,1030,3.122225003608037,5.831649999890942,25.0,1025.38671875,12,1421.9140625
1779138550.8902347,1031,3.122225003608037,5.831775000842754,25.0,1025.38671875,12,1421.9140625
1779138550.915971,1032,1.8859999981941655,4.615024998201989,0.0,1025.38671875,12,1421.9140625
1779138550.9159734,1033,1.8859999981941655,4.615425001247786,0.0,1025.38671875,12,1421.9140625
1779138550.9159741,1034,1.8859999981941655,4.61557500238996,0.0,1025.38671875,12,1421.9140625
1779138550.9159746,1035,1.8859999981941655,4.615700003341772,0.0,1025.38671875,12,1421.9140625
1779138550.9408724,1036,1.9323499946040101,4.585124996083323,0.0,1025.38671875,12,1421.9140625
1779138550.9408748,1037,1.9323499946040101,4.585549999319483,0.0,1025.38671875,12,1421.9140625
1779138550.9408755,1038,1.9323499946040101,4.585700000461657,0.0,1025.38671875,12,1421.9140625
1779138550.940876,1039,1.9323499946040101,4.585849994327873,0.0,1025.38671875,12,1421.9140625
1779138550.9672916,1040,2.39092500123661,5.090099999506492,0.0,1025.390625,12,1421.9140625
1779138550.9672942,1041,2.39092500123661,5.0905000025522895,0.0,1025.390625,12,1421.9140625
1779138550.967295,1042,2.39092500123661,5.090649996418506,0.0,1025.390625,12,1421.9140625
1779138550.9672954,1043,2.39092500123661,5.09079999756068,0.0,1025.390625,12,1421.9140625
1779138550.9914093,1044,1.7292000047746114,4.436875002284069,0.0,1025.390625,12,1421.9140625
1779138550.9914122,1045,1.7292000047746114,4.437325005710591,0.0,1025.390625,12,1421.9140625
1779138550.9914129,1046,1.7292000047746114,4.437474999576807,0.0,1025.390625,12,1421.9140625
1779138550.9914136,1047,1.7292000047746114,4.437625000718981,0.0,1025.390625,12,1421.9140625
1779138551.0173366,1048,2.1310500014806166,4.90669999999227,13.3,1025.390625,12,1421.9140625
1779138551.0173392,1049,2.1310500014806166,4.90709999576211,13.3,1025.390625,12,1421.9140625
1779138551.01734,1050,2.1310500014806166,4.907249996904284,13.3,1025.390625,12,1421.9140625
1779138551.0173404,1051,2.1310500014806166,4.907349997665733,13.3,1025.390625,12,1421.9140625
1779138551.0426047,1052,1.9197000001440756,4.634149998310022,0.0,1025.390625,12,1421.9140625
1779138551.0426073,1053,1.9197000001440756,4.634549994079862,0.0,1025.390625,12,1421.9140625
1779138551.042608,1054,1.9197000001440756,4.634724995412398,0.0,1025.390625,12,1421.9140625
1779138551.0426085,1055,1.9197000001440756,4.63484999636421,0.0,1025.390625,12,1421.9140625
1779138551.0694027,1056,2.3210250001284294,5.027375002100598,25.0,1025.39453125,12,1421.9140625
1779138551.069405,1057,2.3210250001284294,5.0277999980608,25.0,1025.39453125,12,1421.9140625
1779138551.0694058,1058,2.3210250001284294,5.027999999583699,25.0,1025.39453125,12,1421.9140625
1779138551.0694103,1059,2.3210250001284294,5.029100000683684,25.0,1025.39453125,12,1421.9140625
1779138551.095878,1060,2.4939499999163672,5.091974999231752,0.0,1025.3984375,12,1421.9140625
1779138551.095881,1061,2.4939499999163672,5.092399995191954,0.0,1025.3984375,12,1421.9140625
1779138551.0958817,1062,2.4939499999163672,5.092599996714853,0.0,1025.3984375,12,1421.9140625
1779138551.095882,1063,2.4939499999163672,5.092699997476302,0.0,1025.3984375,12,1421.9140625
1779138551.1241133,1064,2.0726000002468936,4.771750005602371,21.4,1025.3984375,12,1421.9140625
1779138551.1241157,1065,2.0726000002468936,4.772150001372211,21.4,1025.3984375,12,1421.9140625
1779138551.1241164,1066,2.0726000002468936,4.772300002514385,21.4,1025.3984375,12,1421.9140625
1779138551.124117,1067,2.0726000002468936,4.772475003846921,21.4,1025.3984375,12,1421.9140625
1779138551.1499705,1068,2.1569499949691817,4.906949994619936,4.3,1025.3984375,12,1421.9140625
1779138551.1499746,1069,2.1569499949691817,4.907624999759719,4.3,1025.3984375,12,1421.9140625
1779138551.1499755,1070,2.1569499949691817,4.9078749943873845,4.3,1025.3984375,12,1421.9140625
1779138551.1499765,1071,2.1569499949691817,4.908124996291008,4.3,1025.3984375,12,1421.9140625
1779138551.1830142,1072,3.0149500016705133,5.9555999978329055,0.0,1025.3984375,12,1421.9140625
1779138551.1830168,1073,3.0149500016705133,5.956000000878703,0.0,1025.3984375,12,1421.9140625
1779138551.1830175,1074,3.0149500016705133,5.9562000024016015,0.0,1025.3984375,12,1421.9140625
1779138551.183018,1075,3.0149500016705133,5.956324996077456,0.0,1025.3984375,12,1421.9140625
1779138551.2110152,1076,2.3438249991158955,5.110250000143424,6.7,1025.3984375,12,1421.9140625
1779138551.2110174,1077,2.3438249991158955,5.110625002998859,6.7,1025.3984375,12,1421.9140625
1779138551.211018,1078,2.3438249991158955,5.110775004141033,6.7,1025.3984375,12,1421.9140625
1779138551.211026,1079,2.3438249991158955,5.1127250044373795,6.7,1025.3984375,12,1421.9140625
1779138551.2364442,1080,1.7603749947738834,4.582249996019527,7.7,1025.40625,12,1421.9140625
1779138551.2364469,1081,1.7603749947738834,4.582699999446049,7.7,1025.40625,12,1421.9140625
1779138551.2364478,1082,1.7603749947738834,4.58289999369299,7.7,1025.40625,12,1421.9140625
1779138551.2364483,1083,1.7603749947738834,4.583024994644802,7.7,1025.40625,12,1421.9140625
1779138551.2633302,1084,2.4405500007560477,5.176200000278186,0.0,1025.41015625,13,1421.9140625
1779138551.2633328,1085,2.4405500007560477,5.176599996048026,0.0,1025.41015625,13,1421.9140625
1779138551.2633333,1086,2.4405500007560477,5.1767499971902,0.0,1025.41015625,13,1421.9140625
1779138551.263334,1087,2.4405500007560477,5.176924998522736,0.0,1025.41015625,13,1421.9140625
1779138551.288755,1088,1.9219999958295375,4.590349999489263,14.3,1025.41015625,13,1421.9140625
1779138551.2887578,1089,1.9219999958295375,4.590775002725422,14.3,1025.41015625,13,1421.9140625
1779138551.2887583,1090,1.9219999958295375,4.590949996782001,14.3,1025.41015625,13,1421.9140625
1779138551.288759,1091,1.9219999958295375,4.591174998495262,14.3,1025.41015625,13,1421.9140625
1779138551.3159637,1092,2.332949996343814,5.021999997552484,14.3,1025.41015625,13,1421.9140625
1779138551.3159664,1093,2.332949996343814,5.022450000979006,14.3,1025.41015625,13,1421.9140625
1779138551.3159676,1094,2.332949996343814,5.02270000288263,14.3,1025.41015625,13,1421.9140625
1779138551.315968,1095,2.332949996343814,5.022849996748846,14.3,1025.41015625,13,1421.9140625
1779138551.342721,1096,2.3247249991982244,5.068325001047924,9.1,1025.41015625,13,1421.9140625
1779138551.3427238,1097,2.3247249991982244,5.068774997198489,9.1,1025.41015625,13,1421.9140625
1779138551.3427281,1098,2.3247249991982244,5.069824997917749,9.1,1025.41015625,13,1421.9140625
1779138551.3427286,1099,2.3247249991982244,5.069949998869561,9.1,1025.41015625,13,1421.9140625
1779138551.3694956,1100,2.0403000016813166,4.812425002455711,0.0,1025.4140625,13,1421.9140625
1779138551.3695016,1101,2.0403000016813166,4.813774998183362,0.0,1025.4140625,13,1421.9140625
1779138551.3695025,1102,2.0403000016813166,4.8139499995158985,0.0,1025.4140625,13,1421.9140625
1779138551.369503,1103,2.0403000016813166,4.8141000006580725,0.0,1025.4140625,13,1421.9140625
1779138551.3932076,1104,1.712450000923127,4.407824999361765,25.0,1025.4140625,13,1421.9140625
1779138551.3932104,1105,1.712450000923127,4.408249995321967,25.0,1025.4140625,13,1421.9140625
1779138551.3932111,1106,1.712450000923127,4.408449996844865,25.0,1025.4140625,13,1421.9140625
1779138551.3932116,1107,1.712450000923127,4.408599997987039,25.0,1025.4140625,13,1421.9140625
1779138551.4193249,1108,2.2427750009228475,4.852650003158487,0.0,1025.41796875,13,1421.9140625
1779138551.4193275,1109,2.2427750009228475,4.853024998737965,0.0,1025.41796875,13,1421.9140625
1779138551.4193282,1110,2.2427750009228475,4.853174999880139,0.0,1025.41796875,13,1421.9140625
1779138551.4193287,1111,2.2427750009228475,4.8533000008319505,0.0,1025.41796875,13,1421.9140625
1779138551.4451528,1112,2.1209499973338097,4.803674994036555,15.4,1025.41796875,13,1421.9140625
1779138551.4451554,1113,2.1209499973338097,4.804099997272715,15.4,1025.41796875,13,1421.9140625
1779138551.445156,1114,2.1209499973338097,4.804274998605251,15.4,1025.41796875,13,1421.9140625
1779138551.4451566,1115,2.1209499973338097,4.804399999557063,15.4,1025.41796875,13,1421.9140625
1779138551.4720585,1116,2.336974997888319,5.016499999328516,37.5,1025.41796875,13,1421.9140625
1779138551.4720612,1117,2.336974997888319,5.016899995098356,37.5,1025.41796875,13,1421.9140625
1779138551.4720657,1118,2.336974997888319,5.018049996579066,37.5,1025.41796875,13,1421.9140625
1779138551.4720666,1119,2.336974997888319,5.018224997911602,37.5,1025.41796875,13,1421.9140625
1779138551.4997473,1120,2.142400000593625,4.943650004861411,0.0,1025.421875,13,1421.9140625
1779138551.49975,1121,2.142400000593625,4.94405000063125,0.0,1025.421875,13,1421.9140625
1779138551.4997506,1122,2.142400000593625,4.944225001963787,0.0,1025.421875,13,1421.9140625
1779138551.4997509,1123,2.142400000593625,4.944325002725236,0.0,1025.421875,13,1421.9140625
1779138551.524719,1124,1.9548749987734482,4.617499995219987,16.7,1025.421875,13,1421.9140625
1779138551.5247219,1125,1.9548749987734482,4.617949998646509,16.7,1025.421875,13,1421.9140625
1779138551.5247223,1126,1.9548749987734482,4.618099999788683,16.7,1025.421875,13,1421.9140625
1779138551.5247233,1127,1.9548749987734482,4.618249993654899,16.7,1025.421875,13,1421.9140625
1779138551.5502703,1128,2.033725002547726,4.732449997391086,11.1,1025.421875,13,1421.9140625
1779138551.5502727,1129,2.033725002547726,4.732900000817608,11.1,1025.421875,13,1421.9140625
1779138551.5502734,1130,2.033725002547726,4.733075002150144,11.1,1025.421875,13,1421.9140625
1779138551.5502741,1131,2.033725002547726,4.733200003101956,11.1,1025.421875,13,1421.9140625
1779138551.5755603,1132,1.981375004106667,4.695424999226816,0.0,1025.421875,13,1421.9140625
1779138551.5755632,1133,1.981375004106667,4.695825002272613,0.0,1025.421875,13,1421.9140625
1779138551.5755637,1134,1.981375004106667,4.69600000360515,0.0,1025.421875,13,1421.9140625
1779138551.5755646,1135,1.981375004106667,4.696125004556961,0.0,1025.421875,13,1421.9140625
1779138551.603825,1136,2.3275499988812953,5.2096250001341105,0.0,1025.42578125,13,1421.9140625
1779138551.6038313,1137,2.3275499988812953,5.210899995290674,0.0,1025.42578125,13,1421.9140625
1779138551.6038318,1138,2.3275499988812953,5.211049996432848,0.0,1025.42578125,13,1421.9140625
1779138551.6038322,1139,2.3275499988812953,5.21117499738466,0.0,1025.42578125,13,1421.9140625
1779138551.6285799,1140,1.877399998193141,4.508199999690987,8.3,1025.43359375,13,1421.9140625
1779138551.6285825,1141,1.877399998193141,4.508624995651189,8.3,1025.43359375,13,1421.9140625
1779138551.6285832,1142,1.877399998193141,4.508774996793363,8.3,1025.43359375,13,1421.9140625
1779138551.6285837,1143,1.877399998193141,4.508899997745175,8.3,1025.43359375,13,1421.9140625
1779138551.657162,1144,2.371449998463504,5.081750001409091,100.0,1025.43359375,13,1421.9140625
1779138551.6571646,1145,2.371449998463504,5.082149997178931,100.0,1025.43359375,13,1421.9140625
1779138551.6571653,1146,2.371449998463504,5.082299998321105,100.0,1025.43359375,13,1421.9140625
1779138551.6571658,1147,2.371449998463504,5.082449999463279,100.0,1025.43359375,13,1421.9140625
1779138551.6819966,1148,1.8916749977506697,4.590674994688015,0.0,1025.43359375,13,1421.9140625
1779138551.6819992,1149,1.8916749977506697,4.591099997924175,0.0,1025.43359375,13,1421.9140625
1779138551.682,1150,1.8916749977506697,4.591249999066349,0.0,1025.43359375,13,1421.9140625
1779138551.6820004,1151,1.8916749977506697,4.591375000018161,0.0,1025.43359375,13,1421.9140625
1779138551.7080355,1152,2.313149998371955,5.040650001319591,18.8,1025.43359375,13,1421.9140625
1779138551.7080386,1153,2.313149998371955,5.041124997660518,18.8,1025.43359375,13,1421.9140625
1779138551.7080393,1154,2.313149998371955,5.041274998802692,18.8,1025.43359375,13,1421.9140625
1779138551.7080398,1155,2.313149998371955,5.041424999944866,18.8,1025.43359375,13,1421.9140625
1779138551.7356942,1156,2.0434000034583732,4.690674999437761,54.5,1025.43359375,13,1421.9140625
1779138551.7357004,1157,2.0434000034583732,4.692050002631731,54.5,1025.43359375,13,1421.9140625
1779138551.7357013,1158,2.0434000034583732,4.692200003773905,54.5,1025.43359375,13,1421.9140625
1779138551.7357018,1159,2.0434000034583732,4.692325004725717,54.5,1025.43359375,13,1421.9140625
1779138551.7626312,1160,2.156474998628255,4.964874999132007,0.0,1025.4375,16,1421.9140625
1779138551.7626338,1161,2.156474998628255,4.965249994711485,0.0,1025.4375,16,1421.9140625
1779138551.7626343,1162,2.156474998628255,4.965424996044021,0.0,1025.4375,16,1421.9140625
1779138551.7626348,1163,2.156474998628255,4.965549996995833,0.0,1025.4375,16,1421.9140625
1779138551.7897127,1164,2.1054750031908043,4.811175000213552,35.7,1025.44140625,16,1421.9140625
1779138551.7897153,1165,2.1054750031908043,4.811600003449712,35.7,1025.44140625,16,1421.9140625
1779138551.7897158,1166,2.1054750031908043,4.811725004401524,35.7,1025.44140625,16,1421.9140625
1779138551.7897162,1167,2.1054750031908043,4.811875005543698,35.7,1025.44140625,16,1421.9140625
1779138551.814882,1168,1.9291749995318241,4.617649996362161,0.0,1025.44140625,16,1421.9140625
1779138551.814885,1169,1.9291749995318241,4.618099999788683,0.0,1025.44140625,16,1421.9140625
1779138551.8148854,1170,1.9291749995318241,4.618250000930857,0.0,1025.44140625,16,1421.9140625
1779138551.8148859,1171,1.9291749995318241,4.618375001882669,0.0,1025.44140625,16,1421.9140625
1779138551.841797,1172,2.4435750019620173,5.184625006222632,0.0,1025.44140625,16,1421.9140625
1779138551.8417995,1173,2.4435750019620173,5.185000001802109,0.0,1025.44140625,16,1421.9140625
1779138551.8418,1174,2.4435750019620173,5.185150002944283,0.0,1025.44140625,16,1421.9140625
1779138551.8418005,1175,2.4435750019620173,5.185275003896095,0.0,1025.44140625,16,1421.9140625
1779138551.8678203,1176,2.154374997189734,4.849074997764546,16.7,1025.4453125,16,1421.9140625
1779138551.867823,1177,2.154374997189734,4.849500001000706,16.7,1025.4453125,16,1421.9140625
1779138551.8678236,1178,2.154374997189734,4.849674995057285,16.7,1025.4453125,16,1421.9140625
1779138551.867824,1179,2.154374997189734,4.8497999960090965,16.7,1025.4453125,16,1421.9140625
1779138551.8941243,1180,2.1209249971434474,4.768874998262618,14.3,1025.4453125,16,1421.9140625
1779138551.8941271,1181,2.1209249971434474,4.769300001498777,14.3,1025.4453125,16,1421.9140625
1779138551.8941276,1182,2.1209249971434474,4.769449995364994,14.3,1025.4453125,16,1421.9140625
1779138551.894128,1183,2.1209249971434474,4.7695749963168055,14.3,1025.4453125,16,1421.9140625
1779138551.9233317,1184,3.0242750071920455,5.740975000662729,0.0,1025.4453125,16,1421.9140625
1779138551.9233344,1185,3.0242750071920455,5.7413750037085265,0.0,1025.4453125,16,1421.9140625
1779138551.9233348,1186,3.0242750071920455,5.7415250048507005,0.0,1025.4453125,16,1421.9140625
1779138551.9233353,1187,3.0242750071920455,5.7416750059928745,0.0,1025.4453125,16,1421.9140625
1779138551.9499981,1188,2.4025499951676466,5.063500000687782,0.0,1025.4453125,16,1421.9140625
1779138551.9500005,1189,2.4025499951676466,5.063924996647984,0.0,1025.4453125,16,1421.9140625
1779138551.9500015,1190,2.4025499951676466,5.064074997790158,0.0,1025.4453125,16,1421.9140625
1779138551.950002,1191,2.4025499951676466,5.064224998932332,0.0,1025.4453125,16,1421.9140625
1779138551.9751441,1192,1.8927249984699301,4.532999999355525,18.8,1025.44921875,16,1421.9140625
1779138551.9751468,1193,1.8927249984699301,4.533424995315727,18.8,1025.44921875,16,1421.9140625
1779138551.9751475,1194,1.8927249984699301,4.533574996457901,18.8,1025.44921875,16,1421.9140625
1779138551.975148,1195,1.8927249984699301,4.5336999974097125,18.8,1025.44921875,16,1421.9140625
1779138552.0005877,1196,2.114524999342393,4.760600000736304,0.0,1025.453125,16,1421.9140625
1779138552.0005903,1197,2.114524999342393,4.761024996696506,0.0,1025.453125,16,1421.9140625
1779138552.0005908,1198,2.114524999342393,4.76117499783868,0.0,1025.453125,16,1421.9140625
1779138552.0005915,1199,2.114524999342393,4.761324998980854,0.0,1025.453125,16,1421.9140625
1779138552.0255551,1200,2.0604000019375235,4.774624998390209,0.0,1025.45703125,16,1421.9140625
1779138552.025558,1201,2.0604000019375235,4.775050001626369,0.0,1025.45703125,16,1421.9140625
1779138552.0255585,1202,2.0604000019375235,4.775200002768543,0.0,1025.45703125,16,1421.9140625
1779138552.0255592,1203,2.0604000019375235,4.775325003720354,0.0,1025.45703125,16,1421.9140625
1779138552.050101,1204,1.935624997713603,4.587650000758003,0.0,1025.45703125,16,1421.9140625
1779138552.0501037,1205,1.935624997713603,4.588049996527843,0.0,1025.45703125,16,1421.9140625
1779138552.0501041,1206,1.935624997713603,4.588199997670017,0.0,1025.45703125,16,1421.9140625
1779138552.0501046,1207,1.935624997713603,4.588324998621829,0.0,1025.45703125,16,1421.9140625
1779138552.0773313,1208,2.326724999875296,5.132574995514005,15.4,1025.45703125,16,1421.9140625
1779138552.0773335,1209,2.326724999875296,5.132974998559803,15.4,1025.45703125,16,1421.9140625
1779138552.0773342,1210,2.326724999875296,5.133124999701977,15.4,1025.45703125,16,1421.9140625
1779138552.077335,1211,2.326724999875296,5.133274993568193,15.4,1025.45703125,16,1421.9140625
1779138552.104565,1212,2.4140250025084242,5.189975003304426,0.0,1025.45703125,16,1421.9140625
1779138552.1045675,1213,2.4140250025084242,5.190375006350223,0.0,1025.45703125,16,1421.9140625
1779138552.1045682,1214,2.4140250025084242,5.190550000406802,0.0,1025.45703125,16,1421.9140625
1779138552.1045725,1215,2.4140250025084242,5.1915750009357,0.0,1025.45703125,16,1421.9140625
1779138552.1300602,1216,2.1670249989256263,4.844300005061086,11.8,1025.46484375,16,1421.9140625
1779138552.130063,1217,2.1670249989256263,4.844775001402013,11.8,1025.46484375,16,1421.9140625
1779138552.1300635,1218,2.1670249989256263,4.844925002544187,11.8,1025.46484375,16,1421.9140625
1779138552.1300645,1219,2.1670249989256263,4.845050003495999,11.8,1025.46484375,16,1421.9140625
1779138552.1544719,1220,1.9376749987713993,4.511949999141507,0.0,1025.46484375,16,1421.9140625
1779138552.1544745,1221,1.9376749987713993,4.512399995292071,0.0,1025.46484375,16,1421.9140625
1779138552.1544752,1222,1.9376749987713993,4.512574996624608,0.0,1025.46484375,16,1421.9140625
1779138552.1544757,1223,1.9376749987713993,4.512699997576419,0.0,1025.46484375,16,1421.9140625
1779138552.1804314,1224,2.0170499992673285,4.751774999022018,29.4,1025.46484375,16,1421.9140625
1779138552.180434,1225,2.0170499992673285,4.75219999498222,29.4,1025.46484375,16,1421.9140625
1779138552.1804345,1226,2.0170499992673285,4.752349996124394,29.4,1025.46484375,16,1421.9140625
1779138552.180435,1227,2.0170499992673285,4.752499997266568,29.4,1025.46484375,16,1421.9140625
1779138552.20705,1228,2.2484500004793517,4.961025006195996,9.1,1025.46484375,16,1421.7265625
1779138552.2070527,1229,2.2484500004793517,4.961450002156198,9.1,1025.46484375,16,1421.7265625
1779138552.2070534,1230,2.2484500004793517,4.96157500310801,9.1,1025.46484375,16,1421.7265625
1779138552.207054,1231,2.2484500004793517,4.961700004059821,9.1,1025.46484375,16,1421.7265625
1779138552.2315226,1232,2.023674998781644,4.638475002138875,0.0,1025.46484375,16,1421.7265625
1779138552.2315252,1233,2.023674998781644,4.638949998479802,0.0,1025.46484375,16,1421.7265625
1779138552.231526,1234,2.023674998781644,4.639099999621976,0.0,1025.46484375,16,1421.7265625
1779138552.23153,1235,2.023674998781644,4.640125000150874,0.0,1025.46484375,16,1421.7265625
1779138552.2558594,1236,1.8640999987837858,4.587850002280902,54.5,1025.46875,16,1417.7265625
1779138552.255862,1237,1.8640999987837858,4.588274998241104,54.5,1025.46875,16,1417.7265625
1779138552.2558625,1238,1.8640999987837858,4.588424999383278,54.5,1025.46875,16,1417.7265625
1779138552.255863,1239,1.8640999987837858,4.588575000525452,54.5,1025.46875,16,1417.7265625
1779138552.2819667,1240,1.945424999576062,4.666824999731034,10.0,1025.46875,16,1417.7265625
1779138552.2819693,1241,1.945424999576062,4.667250002967194,10.0,1025.46875,16,1417.7265625
1779138552.2819703,1242,1.945424999576062,4.66739999683341,10.0,1025.46875,16,1417.7265625
1779138552.2819705,1243,1.945424999576062,4.6674999975948595,10.0,1025.46875,16,1417.7265625
1779138552.305985,1244,1.7938750024768524,4.524449999735225,30.0,1025.47265625,16,1417.7265625
1779138552.3059914,1245,1.7938750024768524,4.525775002548471,30.0,1025.47265625,16,1417.7265625
1779138552.3059921,1246,1.7938750024768524,4.52594999660505,30.0,1025.47265625,16,1417.7265625
1779138552.3059926,1247,1.7938750024768524,4.526099997747224,30.0,1025.47265625,16,1417.7265625
1779138552.3339648,1248,2.3134000002755783,4.976625001290813,25.0,1025.47265625,16,1417.7265625
1779138552.333968,1249,2.3134000002755783,4.9770749974413775,25.0,1025.47265625,16,1417.7265625
1779138552.3339686,1250,2.3134000002755783,4.9772249985835515,25.0,1025.47265625,16,1417.7265625
1779138552.333969,1251,2.3134000002755783,4.9773749997257255,25.0,1025.47265625,16,1417.7265625
1779138552.3593495,1252,2.0059500020579435,4.649700000300072,15.4,1025.47265625,16,1417.7265625
1779138552.3593519,1253,2.0059500020579435,4.650075003155507,15.4,1025.47265625,16,1417.7265625
1779138552.3593585,1254,2.0059500020579435,4.651750001357868,15.4,1025.47265625,16,1417.7265625
1779138552.359359,1255,2.0059500020579435,4.651900002500042,15.4,1025.47265625,16,1417.7265625
1779138552.3849719,1256,2.016874997934792,4.750924999825656,0.0,1025.48046875,16,1417.7265625
1779138552.3849745,1257,2.016874997934792,4.751399996166583,0.0,1025.48046875,16,1417.7265625
1779138552.3849757,1258,2.016874997934792,4.7516499980702065,0.0,1025.48046875,16,1417.7265625
1779138552.3849761,1259,2.016874997934792,4.751749998831656,0.0,1025.48046875,16,1417.7265625
1779138552.4108942,1260,2.174774999730289,4.776600006152876,10.0,1025.48046875,16,1417.7265625
1779138552.4108965,1261,2.174774999730289,4.7770000019227155,10.0,1025.48046875,16,1417.7265625
1779138552.4108973,1262,2.174774999730289,4.7771500030648895,10.0,1025.48046875,16,1417.7265625
1779138552.410898,1263,2.174774999730289,4.777275004016701,10.0,1025.48046875,16,1417.7265625
1779138552.4374633,1264,1.8046249970211647,4.4571749967872165,62.5,1025.48046875,16,1417.7265625
1779138552.4374654,1265,1.8046249970211647,4.457574999833014,62.5,1025.48046875,16,1417.7265625
1779138552.4374661,1266,1.8046249970211647,4.457725000975188,62.5,1025.48046875,16,1417.7265625
1779138552.4374666,1267,1.8046249970211647,4.4578500019269995,62.5,1025.48046875,16,1417.7265625
1779138552.4627721,1268,1.9763499949476682,4.813999999896623,16.7,1025.48046875,16,1417.7265625
1779138552.4627748,1269,1.9763499949476682,4.814449996047188,16.7,1025.48046875,16,1417.7265625
1779138552.4627752,1270,1.9763499949476682,4.814599997189362,16.7,1025.48046875,16,1417.7265625
1779138552.4627757,1271,1.9763499949476682,4.814724998141173,16.7,1025.48046875,16,1417.7265625
1779138552.4882183,1272,2.138275005563628,4.781825002282858,5.6,1025.484375,16,1417.7265625
1779138552.4882207,1273,2.138275005563628,4.782200005138293,5.6,1025.484375,16,1417.7265625
1779138552.4882267,1274,2.138275005563628,4.783650001627393,5.6,1025.484375,16,1417.7265625
1779138552.4882271,1275,2.138275005563628,4.783775002579205,5.6,1025.484375,16,1417.7265625
1779138552.5153399,1276,2.1921750012552366,5.02227499964647,15.4,1025.48828125,16,1417.7265625
1779138552.515343,1277,2.1921750012552366,5.022725003072992,15.4,1025.48828125,16,1417.7265625
1779138552.5153434,1278,2.1921750012552366,5.022849996748846,15.4,1025.48828125,16,1417.7265625
1779138552.515344,1279,2.1921750012552366,5.02299999789102,15.4,1025.48828125,16,1417.7265625
1779138552.542307,1280,2.156324997486081,4.86737499886658,0.0,1025.48828125,16,1417.7265625
1779138552.542309,1281,2.156324997486081,4.867749994446058,0.0,1025.48828125,16,1417.7265625
1779138552.54231,1282,2.156324997486081,4.867924995778594,0.0,1025.48828125,16,1417.7265625
1779138552.5423105,1283,2.156324997486081,4.868074996920768,0.0,1025.48828125,16,1417.7265625
1779138552.5667293,1284,1.7559000043547712,4.422500001965091,14.3,1025.48828125,16,1417.7265625
1779138552.5667315,1285,1.7559000043547712,4.422875004820526,14.3,1025.48828125,16,1417.7265625
1779138552.5667324,1286,1.7559000043547712,4.4230250059627,14.3,1025.48828125,16,1417.7265625
1779138552.566733,1287,1.7559000043547712,4.423149999638554,14.3,1025.48828125,16,1417.7265625
1779138552.59298,1288,2.1816500011482276,4.79895000171382,37.5,1025.48828125,16,1417.7265625
1779138552.5929823,1289,2.1816500011482276,4.799350004759617,37.5,1025.48828125,16,1417.7265625
1779138552.592983,1290,2.1816500011482276,4.799524998816196,37.5,1025.48828125,16,1417.7265625
1779138552.5929832,1291,2.1816500011482276,4.7996499997680075,37.5,1025.48828125,16,1417.7265625
1779138552.6208484,1292,2.643474996148143,5.290674998832401,0.0,1025.48828125,16,1421.7890625
1779138552.6208553,1293,2.643474996148143,5.292199995892588,0.0,1025.48828125,16,1421.7890625
1779138552.620856,1294,2.643474996148143,5.292374997225124,0.0,1025.48828125,16,1421.7890625
1779138552.6208565,1295,2.643474996148143,5.292524998367298,0.0,1025.48828125,16,1421.7890625
1779138552.6455908,1296,1.9005249996553175,4.582724999636412,13.3,1025.49609375,16,1421.7890625
1779138552.6455936,1297,1.9005249996553175,4.583200003253296,13.3,1025.49609375,16,1421.7890625
1779138552.6455944,1298,1.9005249996553175,4.58335000439547,13.3,1025.49609375,16,1421.7890625
1779138552.6455948,1299,1.9005249996553175,4.583475005347282,13.3,1025.49609375,16,1421.7890625
1779138552.6739397,1300,2.306399997905828,5.010199995012954,16.7,1025.49609375,16,1421.7890625
1779138552.6739426,1301,2.306399997905828,5.010649998439476,16.7,1025.49609375,16,1421.7890625
1779138552.6739433,1302,2.306399997905828,5.010824999772012,16.7,1025.49609375,16,1421.7890625
1779138552.6739438,1303,2.306399997905828,5.010950000723824,16.7,1025.49609375,16,1421.7890625
1779138552.6996012,1304,2.0989000040572137,4.7918749987729825,0.0,1025.49609375,16,1421.7890625
1779138552.6996038,1305,2.0989000040572137,4.79227500181878,0.0,1025.49609375,16,1421.7890625
1779138552.6996043,1306,2.0989000040572137,4.792425002960954,0.0,1025.49609375,16,1421.7890625
1779138552.6996047,1307,2.0989000040572137,4.7925500039127655,0.0,1025.49609375,16,1421.7890625
1779138552.7257752,1308,2.1902250009588897,4.845849995035678,28.6,1025.49609375,16,1421.7890625
1779138552.7257779,1309,2.1902250009588897,4.8462499980814755,28.6,1025.49609375,16,1421.7890625
1779138552.7257783,1310,2.1902250009588897,4.8463999992236495,28.6,1025.49609375,16,1421.7890625
1779138552.7257793,1311,2.1902250009588897,4.846575000556186,28.6,1025.49609375,16,1421.7890625
1779138552.7535803,1312,2.2593500034417957,4.969000001437962,0.0,1025.49609375,14,1421.7890625
1779138552.7535865,1313,2.2593500034417957,4.970374997355975,0.0,1025.49609375,14,1421.7890625
1779138552.7535872,1314,2.2593500034417957,4.9705499986885116,0.0,1025.49609375,14,1421.7890625
1779138552.7535877,1315,2.2593500034417957,4.970674999640323,0.0,1025.49609375,14,1421.7890625
1779138552.7804718,1316,2.375750002101995,4.987000000255648,0.0,1025.50390625,14,1421.7890625
1779138552.7804744,1317,2.375750002101995,4.987375003111083,0.0,1025.50390625,14,1421.7890625
1779138552.780475,1318,2.375750002101995,4.987525004253257,0.0,1025.50390625,14,1421.7890625
1779138552.7804754,1319,2.375750002101995,4.987624997738749,0.0,1025.50390625,14,1421.7890625
1779138552.8092532,1320,2.346699999179691,5.031474996940233,0.0,1025.50390625,14,1421.7890625
1779138552.8092556,1321,2.346699999179691,5.03187499998603,0.0,1025.50390625,14,1421.7890625
1779138552.8092566,1322,2.346699999179691,5.0320249938522466,0.0,1025.50390625,14,1421.7890625
1779138552.809257,1323,2.346699999179691,5.032149994804058,0.0,1025.50390625,14,1421.7890625
1779138552.8348475,1324,1.878225004475098,4.554725004709326,12.5,1025.5078125,14,1421.7890625
1779138552.83485,1325,1.878225004475098,4.5551250004791655,12.5,1025.5078125,14,1421.7890625
1779138552.8348505,1326,1.878225004475098,4.5552750016213395,12.5,1025.5078125,14,1421.7890625
1779138552.8348513,1327,1.878225004475098,4.5554250027635135,12.5,1025.5078125,14,1421.7890625
1779138552.8595438,1328,1.80384999839589,4.488474995014258,30.8,1025.5078125,14,1421.7890625
1779138552.8595467,1329,1.80384999839589,4.48892499844078,30.8,1025.5078125,14,1421.7890625
1779138552.8595471,1330,1.80384999839589,4.489074999582954,30.8,1025.5078125,14,1421.7890625
1779138552.8595476,1331,1.80384999839589,4.489200000534765,30.8,1025.5078125,14,1421.7890625
1779138552.8890924,1332,3.0075500035309233,5.720675006159581,0.0,1025.51171875,14,1421.7890625
1779138552.889095,1333,3.0075500035309233,5.721125002310146,0.0,1025.51171875,14,1421.7890625
1779138552.8890958,1334,3.0075500035309233,5.721300003642682,0.0,1025.51171875,14,1421.7890625
1779138552.8890963,1335,3.0075500035309233,5.721425004594494,0.0,1025.51171875,14,1421.7890625
1779138552.9174562,1336,2.299300002050586,5.020900003728457,0.0,1025.51171875,14,1421.7890625
1779138552.9174588,1337,2.299300002050586,5.021324999688659,0.0,1025.51171875,14,1421.7890625
1779138552.9174592,1338,2.299300002050586,5.021500001021195,0.0,1025.51171875,14,1421.7890625
1779138552.91746,1339,2.299300002050586,5.0216750023537315,0.0,1025.51171875,14,1421.7890625
1779138552.9459617,1340,2.3747000013827346,5.238000005192589,23.1,1025.51171875,14,1421.7890625
1779138552.9459643,1341,2.3747000013827346,5.238425001152791,23.1,1025.51171875,14,1421.7890625
1779138552.945965,1342,2.3747000013827346,5.238600002485327,23.1,1025.51171875,14,1421.7890625
1779138552.9459658,1343,2.3747000013827346,5.238750003627501,23.1,1025.51171875,14,1421.7890625
1779138552.9724314,1344,2.2991000005276874,4.942224994010758,0.0,1025.51171875,14,1421.7890625
1779138552.9724336,1345,2.2991000005276874,4.942649997246917,0.0,1025.51171875,14,1421.7890625
1779138552.9724343,1346,2.2991000005276874,4.942799998389091,0.0,1025.51171875,14,1421.7890625
1779138552.9724348,1347,2.2991000005276874,4.942924999340903,0.0,1025.51171875,14,1421.7890625
1779138552.9981015,1348,2.261400004499592,4.935324999678414,0.0,1025.51171875,14,1421.7890625
1779138552.998104,1349,2.261400004499592,4.935725002724212,0.0,1025.51171875,14,1421.7890625
1779138552.9981048,1350,2.261400004499592,4.935875003866386,0.0,1025.51171875,14,1421.7890625
1779138552.9981053,1351,2.261400004499592,4.936024997732602,0.0,1025.51171875,14,1421.7890625
1779138553.0260918,1352,2.3347499954979867,5.048524995800108,0.0,1025.51953125,14,1421.7890625
1779138553.0260944,1353,2.3347499954979867,5.048949999036267,0.0,1025.51953125,14,1421.7890625
1779138553.0260952,1354,2.3347499954979867,5.0491499932832085,0.0,1025.51953125,14,1421.7890625
1779138553.0260956,1355,2.3347499954979867,5.049249994044658,0.0,1025.51953125,14,1421.7890625
1779138553.0524838,1356,2.1778500013169833,4.929850001644809,25.0,1025.51953125,14,1421.7890625
1779138553.0524867,1357,2.1778500013169833,4.930225004500244,25.0,1025.51953125,14,1421.7890625
1779138553.0524874,1358,2.1778500013169833,4.9303999985568225,25.0,1025.51953125,14,1421.7890625
1779138553.0524876,1359,2.1778500013169833,4.9305499996989965,25.0,1025.51953125,14,1421.7890625
1779138553.0768337,1360,1.7805750030674972,4.47067499771947,14.3,1025.51953125,14,1421.7890625
1779138553.076836,1361,1.7805750030674972,4.471075000765268,14.3,1025.51953125,14,1421.7890625
1779138553.0768368,1362,1.7805750030674972,4.471225001907442,14.3,1025.51953125,14,1421.7890625
1779138553.0768373,1363,1.7805750030674972,4.471375003049616,14.3,1025.51953125,14,1421.7890625
1779138553.1027753,1364,2.0902749965898693,4.756049995194189,33.3,1025.51953125,14,1421.7890625
1779138553.1027775,1365,2.0902749965898693,4.756449998239987,33.3,1025.51953125,14,1421.7890625
1779138553.1027784,1366,2.0902749965898693,4.756624999572523,33.3,1025.51953125,14,1421.7890625
1779138553.102779,1367,2.0902749965898693,4.756750000524335,33.3,1025.51953125,14,1421.7890625
1779138553.1299763,1368,2.1136750001460314,4.808475001482293,12.5,1025.5234375,14,1421.7890625
1779138553.1299787,1369,2.1136750001460314,4.80884999706177,12.5,1025.5234375,14,1421.7890625
1779138553.1299794,1370,2.1136750001460314,4.809024998394307,12.5,1025.5234375,14,1421.7890625
1779138553.1299875,1371,2.1136750001460314,4.811099999642465,12.5,1025.5234375,14,1421.7890625
1779138553.1543992,1372,1.7885749984998256,4.479675000766292,0.0,1025.52734375,14,1421.7890625
1779138553.1544015,1373,1.7885749984998256,4.48004999634577,0.0,1025.52734375,14,1421.7890625
1779138553.1544023,1374,1.7885749984998256,4.480224997678306,0.0,1025.52734375,14,1421.7890625
1779138553.1544027,1375,1.7885749984998256,4.48037499882048,0.0,1025.52734375,14,1421.7890625
1779138553.1817672,1376,2.302324995980598,4.980674995749723,0.0,1025.52734375,14,1421.7890625
1779138553.18177,1377,2.302324995980598,4.981099998985883,0.0,1025.52734375,14,1421.7890625
1779138553.1817706,1378,2.302324995980598,4.981275000318419,0.0,1025.52734375,14,1421.7890625
1779138553.181771,1379,2.302324995980598,4.981425001460593,0.0,1025.52734375,14,1421.7890625
1779138553.2093978,1380,2.0269749948056415,4.759899995406158,0.0,1025.53125,14,1421.7890625
1779138553.2094007,1381,2.0269749948056415,4.760324998642318,0.0,1025.53125,14,1421.7890625
1779138553.2094014,1382,2.0269749948056415,4.760474999784492,0.0,1025.53125,14,1421.7890625
1779138553.2094018,1383,2.0269749948056415,4.760600000736304,0.0,1025.53125,14,1421.7890625
1779138553.2360942,1384,2.062175000901334,4.841150002903305,26.7,1025.53125,14,1421.7890625
1779138553.2360966,1385,2.062175000901334,4.841549998673145,26.7,1025.53125,14,1421.7890625
1779138553.2360973,1386,2.062175000901334,4.841699999815319,26.7,1025.53125,14,1421.7890625
1779138553.2360978,1387,2.062175000901334,4.841850000957493,26.7,1025.53125,14,1421.7890625
1779138553.2612982,1388,2.078149998851586,4.78224999824306,0.0,1025.53125,16,1421.7890625
1779138553.2613065,1389,2.078149998851586,4.78339999972377,0.0,1025.53125,16,1421.7890625
1779138553.2613075,1390,2.078149998851586,4.7835749937803484,0.0,1025.53125,16,1421.7890625
1779138553.261312,1391,2.078149998851586,4.784774995641783,0.0,1025.53125,16,1421.7890625
1779138553.2865262,1392,2.0990249977330677,4.7221749991877005,0.0,1025.53515625,16,1421.7890625
1779138553.2865288,1393,2.0990249977330677,4.7225500020431355,0.0,1025.53515625,16,1421.7890625
1779138553.2865295,1394,2.0990249977330677,4.722724996099714,0.0,1025.53515625,16,1421.7890625
1779138553.28653,1395,2.0990249977330677,4.7228249968611635,0.0,1025.53515625,16,1421.7890625
1779138553.3129864,1396,2.2230500035220757,4.921699997794349,13.3,1025.53515625,16,1421.7890625
1779138553.3129888,1397,2.2230500035220757,4.922100000840146,13.3,1025.53515625,16,1421.7890625
1779138553.3129895,1398,2.2230500035220757,4.92225000198232,13.3,1025.53515625,16,1421.7890625
1779138553.31299,1399,2.2230500035220757,4.922400003124494,13.3,1025.53515625,16,1421.7890625
1779138553.3414578,1400,2.2454499994637445,4.947925001033582,0.0,1025.53515625,16,1421.7890625
1779138553.3414605,1401,2.2454499994637445,4.948400004650466,0.0,1025.53515625,16,1421.7890625
1779138553.3414612,1402,2.2454499994637445,4.94855000579264,0.0,1025.53515625,16,1421.7890625
1779138553.3414617,1403,2.2454499994637445,4.9486999996588565,0.0,1025.53515625,16,1421.7890625
1779138553.366791,1404,1.9405499988351949,4.7268999987863936,33.3,1025.5390625,16,1421.7890625
1779138553.366795,1405,1.9405499988351949,4.727749997982755,33.3,1025.5390625,16,1421.7890625
1779138553.3667958,1406,1.9405499988351949,4.727899999124929,33.3,1025.5390625,16,1421.7890625
1779138553.3667963,1407,1.9405499988351949,4.728025000076741,33.3,1025.5390625,16,1421.7890625
1779138553.392878,1408,2.1611749980365857,4.887650000455324,25.0,1025.5390625,16,1421.7890625
1779138553.392881,1409,2.1611749980365857,4.888100003881846,25.0,1025.5390625,16,1421.7890625
1779138553.3928852,1410,2.1611749980365857,4.889199997705873,25.0,1025.5390625,16,1421.7890625
1779138553.3928857,1411,2.1611749980365857,4.889324998657685,25.0,1025.5390625,16,1421.7890625
1779138553.4191132,1412,1.883049997559283,4.591824996168725,0.0,1025.54296875,16,1421.7890625
1779138553.4191155,1413,1.883049997559283,4.5922249992145225,0.0,1025.54296875,16,1421.7890625
1779138553.4191163,1414,1.883049997559283,4.592400000547059,0.0,1025.54296875,16,1421.7890625
1779138553.419117,1415,1.883049997559283,4.592574994603638,0.0,1025.54296875,16,1421.7890625
1779138553.444598,1416,2.022674998443108,4.769625003973488,50.0,1025.54296875,16,1421.7890625
1779138553.4446006,1417,2.022674998443108,4.770075000124052,50.0,1025.54296875,16,1421.7890625
1779138553.4446013,1418,2.022674998443108,4.770275001646951,50.0,1025.54296875,16,1421.7890625
1779138553.4446018,1419,2.022674998443108,4.7704000025987625,50.0,1025.54296875,16,1421.7890625
1779138553.4701903,1420,1.9476000015856698,4.730525004561059,100.0,1025.54296875,16,1421.7890625
1779138553.470193,1421,1.9476000015856698,4.730925000330899,100.0,1025.54296875,16,1421.7890625
1779138553.4701939,1422,1.9476000015856698,4.731100001663435,100.0,1025.54296875,16,1421.7890625
1779138553.470194,1423,1.9476000015856698,4.731250002805609,100.0,1025.54296875,16,1421.7890625
1779138553.494819,1424,1.7659000004641712,4.526249998889398,0.0,1025.54296875,16,1421.7890625
1779138553.4948213,1425,1.7659000004641712,4.526650001935195,0.0,1025.54296875,16,1421.7890625
1779138553.4948218,1426,1.7659000004641712,4.5268250032677315,0.0,1025.54296875,16,1421.7890625
1779138553.4948225,1427,1.7659000004641712,4.526974997133948,0.0,1025.54296875,16,1421.7890625
1779138553.5212343,1428,2.191325002058875,4.914299999654759,5.6,1025.54296875,16,1421.7890625
1779138553.521237,1429,2.191325002058875,4.914724995614961,5.6,1025.54296875,16,1421.7890625
1779138553.5212417,1430,2.191325002058875,4.915824996714946,5.6,1025.54296875,16,1421.7890625
1779138553.5212421,1431,2.191325002058875,4.9159499976667576,5.6,1025.54296875,16,1421.7890625
1779138553.5473094,1432,2.2793249954702333,4.9477499997010455,14.3,1025.5546875,16,1421.7890625
1779138553.5473118,1433,2.2793249954702333,4.948124995280523,14.3,1025.5546875,16,1421.7890625
1779138553.5473127,1434,2.2793249954702333,4.948274996422697,14.3,1025.5546875,16,1421.7890625
1779138553.547313,1435,2.2793249954702333,4.948374997184146,14.3,1025.5546875,16,1421.7890625
1779138553.5728245,1436,1.9464750002953224,4.669674999604467,0.0,1025.5546875,16,1421.7890625
1779138553.572827,1437,1.9464750002953224,4.670100002840627,0.0,1025.5546875,16,1421.7890625
1779138553.5728278,1438,1.9464750002953224,4.670275004173163,0.0,1025.5546875,16,1421.7890625
1779138553.5728285,1439,1.9464750002953224,4.670400005124975,0.0,1025.5546875,16,1421.7890625
1779138553.59707,1440,1.891575004265178,4.527650002273731,0.0,1025.5546875,16,1421.7890625
1779138553.5970728,1441,1.891575004265178,4.528099998424295,0.0,1025.5546875,16,1421.7890625
1779138553.5970733,1442,1.891575004265178,4.528224999376107,0.0,1025.5546875,16,1421.7890625
1779138553.597074,1443,1.891575004265178,4.528350000327919,0.0,1025.5546875,16,1421.7890625
1779138553.6223123,1444,1.942074995895382,4.640125000150874,0.0,1025.5546875,16,1421.7890625
1779138553.6223147,1445,1.942074995895382,4.640524995920714,0.0,1025.5546875,16,1421.7890625
1779138553.6223154,1446,1.942074995895382,4.64069999725325,0.0,1025.5546875,16,1421.7890625
1779138553.6223164,1447,1.942074995895382,4.640849998395424,0.0,1025.5546875,16,1421.7890625
1779138553.6500652,1448,2.277649997267872,4.983550003089476,0.0,1025.55859375,16,1421.7890625
1779138553.6500678,1449,2.277649997267872,4.983924998668954,0.0,1025.55859375,16,1421.7890625
1779138553.6500685,1450,2.277649997267872,4.984074999811128,0.0,1025.55859375,16,1421.7890625
1779138553.650069,1451,2.277649997267872,4.984225000953302,0.0,1025.55859375,16,1421.7890625
1779138553.6738014,1452,1.763549997122027,4.3804500019177794,20.0,1025.55859375,16,1421.7890625
1779138553.673804,1453,1.763549997122027,4.380899998068344,20.0,1025.55859375,16,1421.7890625
1779138553.6738048,1454,1.763549997122027,4.38107499940088,20.0,1025.55859375,16,1421.7890625
1779138553.6738052,1455,1.763549997122027,4.381200000352692,20.0,1025.55859375,16,1421.7890625
1779138553.6986175,1456,1.9864999994751997,4.6881750022294,0.0,1025.55859375,16,1421.7890625
1779138553.6986198,1457,1.9864999994751997,4.688549997808877,0.0,1025.55859375,16,1421.7890625
1779138553.6986203,1458,1.9864999994751997,4.688724999141414,0.0,1025.55859375,16,1421.7890625
1779138553.698621,1459,1.9864999994751997,4.688850000093225,0.0,1025.55859375,16,1421.7890625
1779138553.7239156,1460,2.1016249957028776,4.7847499954514205,0.0,1025.5625,16,1421.7890625
1779138553.7239177,1461,2.1016249957028776,4.78517499868758,0.0,1025.5625,16,1421.7890625
1779138553.7239187,1462,2.1016249957028776,4.785375000210479,0.0,1025.5625,16,1421.7890625
1779138553.7239192,1463,2.1016249957028776,4.785474993695971,0.0,1025.5625,16,1421.7890625
1779138553.7499774,1464,2.200099996116478,4.884224996203557,9.1,1025.5625,16,1421.7890625
1779138553.74998,1465,2.200099996116478,4.884674999630079,9.1,1025.5625,16,1421.7890625
1779138553.7499807,1466,2.200099996116478,4.884850000962615,9.1,1025.5625,16,1421.7890625
1779138553.7499812,1467,2.200099996116478,4.885000002104789,9.1,1025.5625,16,1421.7890625
1779138553.7807364,1468,3.06027499755146,6.011500001477543,61.5,1025.5625,15,1421.7890625
1779138553.7807493,1469,3.06027499755146,6.014300000970252,61.5,1025.5625,15,1421.7890625
1779138553.780751,1470,3.06027499755146,6.014674996549729,61.5,1025.5625,15,1421.7890625
1779138553.7807522,1471,3.06027499755146,6.014949998643715,61.5,1025.5625,15,1421.7890625
1779138553.81231,1472,2.3450500011676922,5.341449999832548,53.3,1025.56640625,15,1421.7890625
1779138553.812315,1473,2.3450500011676922,5.342199998267461,53.3,1025.56640625,15,1421.7890625
1779138553.8123162,1474,2.3450500011676922,5.342475000361446,53.3,1025.56640625,15,1421.7890625
1779138553.812317,1475,2.3450500011676922,5.342700002074707,53.3,1025.56640625,15,1421.7890625
1779138553.8439004,1476,2.458199996908661,5.207599999266677,27.3,1025.56640625,15,1421.7890625
1779138553.843903,1477,2.458199996908661,5.208000002312474,27.3,1025.56640625,15,1421.7890625
1779138553.8439038,1478,2.458199996908661,5.208150003454648,27.3,1025.56640625,15,1421.7890625
1779138553.8439043,1479,2.458199996908661,5.208299997320864,27.3,1025.56640625,15,1421.7890625
1779138553.8701642,1480,2.174575005483348,4.895775004115421,0.0,1025.56640625,15,1421.7890625
1779138553.8701668,1481,2.174575005483348,4.896225000265986,0.0,1025.56640625,15,1421.7890625
1779138553.8701675,1482,2.174575005483348,4.896425001788884,0.0,1025.56640625,15,1421.7890625
1779138553.870168,1483,2.174575005483348,4.896525002550334,0.0,1025.56640625,15,1421.7890625
1779138553.895684,1484,1.9897000020137057,4.711325003881939,28.6,1025.5703125,15,1421.7890625
1779138553.8956866,1485,1.9897000020137057,4.7117249996517785,28.6,1025.5703125,15,1421.7890625
1779138553.8956873,1486,1.9897000020137057,4.7118750007939525,28.6,1025.5703125,15,1421.7890625
1779138553.8956878,1487,1.9897000020137057,4.712000001745764,28.6,1025.5703125,15,1421.7890625
1779138553.9230993,1488,2.5133000017376617,5.207499998505227,20.0,1025.57421875,15,1421.7890625
1779138553.9231021,1489,2.5133000017376617,5.207950001931749,20.0,1025.57421875,15,1421.7890625
1779138553.923103,1490,2.5133000017376617,5.208075002883561,20.0,1025.57421875,15,1421.7890625
1779138553.9231036,1491,2.5133000017376617,5.20824999694014,20.0,1025.57421875,15,1421.7890625
1779138553.9476,1492,1.9478250032989308,4.616525002347771,0.0,1025.578125,15,1421.7890625
1779138553.9476023,1493,1.9478250032989308,4.616925005393568,0.0,1025.578125,15,1421.7890625
1779138553.947603,1494,1.9478250032989308,4.617075006535742,0.0,1025.578125,15,1421.7890625
1779138553.9476035,1495,1.9478250032989308,4.617225000401959,0.0,1025.578125,15,1421.7890625
1779138553.9723146,1496,2.0071000035386533,4.604325004038401,9.1,1025.578125,15,1421.7890625
1779138553.9723172,1497,2.0071000035386533,4.604724999808241,9.1,1025.578125,15,1421.7890625
1779138553.972318,1498,2.0071000035386533,4.604875000950415,9.1,1025.578125,15,1421.7890625
1779138553.9723182,1499,2.0071000035386533,4.605050002282951,9.1,1025.578125,15,1421.7890625
1779138553.998114,1500,2.148225001292303,4.81854999816278,0.0,1025.578125,15,1421.7890625
1779138553.9981165,1501,2.148225001292303,4.818950001208577,0.0,1025.578125,15,1421.7890625
1779138553.9981174,1502,2.148225001292303,4.819124995265156,0.0,1025.578125,15,1421.7890625
1779138553.998118,1503,2.148225001292303,4.819249996216968,0.0,1025.578125,15,1421.7890625
1779138554.0248132,1504,2.3166250030044466,4.938500002026558,0.0,1025.578125,15,1421.7890625
1779138554.0248156,1505,2.3166250030044466,4.938974998367485,0.0,1025.578125,15,1421.7890625
1779138554.0248168,1506,2.3166250030044466,4.939174999890383,0.0,1025.578125,15,1421.7890625
1779138554.0248172,1507,2.3166250030044466,4.939325001032557,0.0,1025.578125,15,1421.7890625
1779138554.0499504,1508,2.118949996656738,4.774799999722745,0.0,1025.58203125,15,1421.7890625
1779138554.049953,1509,2.118949996656738,4.775274996063672,0.0,1025.58203125,15,1421.7890625
1779138554.0499535,1510,2.118949996656738,4.775399997015484,0.0,1025.58203125,15,1421.7890625
1779138554.0499544,1511,2.118949996656738,4.775599998538382,0.0,1025.58203125,15,1421.7890625
1779138554.0753567,1512,2.151050000975374,4.761900003359187,0.0,1025.5859375,15,1421.7890625
1779138554.0753593,1513,2.151050000975374,4.7623249993193895,0.0,1025.5859375,15,1421.7890625
1779138554.07536,1514,2.151050000975374,4.7624750004615635,0.0,1025.5859375,15,1421.7890625
1779138554.0753605,1515,2.151050000975374,4.762675001984462,0.0,1025.5859375,15,1421.7890625
1779138554.1006553,1516,2.0898999937344342,4.700849996879697,9.1,1025.5859375,15,1421.7890625
1779138554.1006575,1517,2.0898999937344342,4.701249999925494,9.1,1025.5859375,15,1421.7890625
1779138554.1006582,1518,2.0898999937344342,4.701399993791711,9.1,1025.5859375,15,1421.7890625
1779138554.1006587,1519,2.0898999937344342,4.701549994933885,9.1,1025.5859375,15,1421.7890625
1779138554.1266918,1520,2.179725001042243,4.860200002440251,11.1,1025.5859375,15,1421.7890625
1779138554.1266944,1521,2.179725001042243,4.8606249984004535,11.1,1025.5859375,15,1421.7890625
1779138554.1266952,1522,2.179725001042243,4.86079999973299,11.1,1025.5859375,15,1421.7890625
1779138554.1266956,1523,2.179725001042243,4.860900000494439,11.1,1025.5859375,15,1421.7890625
1779138554.1542053,1524,2.4777250000624917,5.165524999029003,0.0,1025.5859375,15,1421.7890625
1779138554.1542084,1525,2.4777250000624917,5.166050003026612,0.0,1025.5859375,15,1421.7890625
1779138554.1542094,1526,2.4777250000624917,5.166225004359148,0.0,1025.5859375,15,1421.7890625
1779138554.1542141,1527,2.4777250000624917,5.167424998944625,0.0,1025.5859375,15,1421.7890625
1779138554.1789649,1528,1.792900002328679,4.506025004957337,33.3,1025.58984375,15,1421.7890625
1779138554.1789675,1529,1.792900002328679,4.506475001107901,33.3,1025.58984375,15,1421.7890625
1779138554.1789684,1530,1.792900002328679,4.506625002250075,33.3,1025.58984375,15,1421.7890625
1779138554.1789687,1531,1.792900002328679,4.506750003201887,33.3,1025.58984375,15,1421.7890625
1779138554.202893,1532,1.8103499969583936,4.474524997931439,0.0,1025.58984375,15,1421.7890625
1779138554.2028952,1533,1.8103499969583936,4.474900000786874,0.0,1025.58984375,15,1421.7890625
1779138554.2028959,1534,1.8103499969583936,4.4750500019290484,0.0,1025.58984375,15,1421.7890625
1779138554.2028964,1535,1.8103499969583936,4.4752000030712225,0.0,1025.58984375,15,1421.7890625
1779138554.227089,1536,1.7976999952225015,4.452574998140335,6.2,1023.6015625,15,1421.7890625
1779138554.2270918,1537,1.7976999952225015,4.452974993910175,6.2,1023.6015625,15,1421.7890625
1779138554.2270923,1538,1.7976999952225015,4.453124995052349,6.2,1023.6015625,15,1421.7890625
1779138554.2270927,1539,1.7976999952225015,4.4532499960041605,6.2,1023.6015625,15,1421.7890625
1779138554.2509062,1540,1.8154500066884793,4.500650000409223,29.4,1023.6171875,15,1421.7890625
1779138554.2509086,1541,1.8154500066884793,4.501075003645383,29.4,1023.6171875,15,1421.7890625
1779138554.2509093,1542,1.8154500066884793,4.5012000045971945,29.4,1023.6171875,15,1421.7890625
1779138554.25091,1543,1.8154500066884793,4.5013500057393685,29.4,1023.6171875,15,1421.7890625
1779138554.2757666,1544,1.9572249948396347,4.647199995815754,0.0,1022.66796875,16,1421.7890625
1779138554.275769,1545,1.9572249948396347,4.647649999242276,0.0,1022.66796875,16,1421.7890625
1779138554.2757702,1546,1.9572249948396347,4.647850000765175,0.0,1022.66796875,16,1421.7890625
1779138554.2757742,1547,1.9572249948396347,4.648899994208477,0.0,1022.66796875,16,1421.7890625
1779138554.310714,1548,2.184124998166226,4.8619500012137,0.0,1025.640625,16,1421.7890625
1779138554.3107169,1549,2.184124998166226,4.862424997554626,0.0,1025.640625,16,1421.7890625
1779138554.3107173,1550,2.184124998166226,4.8625749986968,0.0,1025.640625,16,1421.7890625
1779138554.3107183,1551,2.184124998166226,4.862724999838974,0.0,1025.640625,16,1421.7890625
1779138554.3380673,1552,2.3590749988215975,4.997999996703584,0.0,1024.2734375,16,1421.7890625
1779138554.3380697,1553,2.3590749988215975,4.998399999749381,0.0,1024.2734375,16,1421.7890625
1779138554.3380706,1554,2.3590749988215975,4.99860000127228,0.0,1024.2734375,16,1421.7890625
1779138554.338071,1555,2.3590749988215975,4.998725002224091,0.0,1024.2734375,16,1421.7890625
1779138554.3647053,1556,2.1825250005349517,4.873400001088157,6.7,1024.2734375,16,1421.7890625
1779138554.3647082,1557,2.1825250005349517,4.873874997429084,6.7,1024.2734375,16,1421.7890625
1779138554.364709,1558,2.1825250005349517,4.87404999876162,6.7,1024.2734375,16,1421.7890625
1779138554.3647094,1559,2.1825250005349517,4.874174999713432,6.7,1024.2734375,16,1421.7890625
1779138554.3897939,1560,2.1747999999206513,4.794824999407865,0.0,1024.28515625,16,1421.7890625
1779138554.389796,1561,2.1747999999206513,4.7952250024536625,0.0,1024.28515625,16,1421.7890625
1779138554.389797,1562,2.1747999999206513,4.795374996319879,0.0,1024.28515625,16,1421.7890625
1779138554.3897974,1563,2.1747999999206513,4.795474997081328,0.0,1024.28515625,16,1421.7890625
1779138554.415786,1564,2.156549999199342,4.868100004387088,0.0,1024.28515625,16,1421.7890625
1779138554.4157882,1565,2.156549999199342,4.868500000156928,0.0,1024.28515625,16,1421.7890625
1779138554.4157906,1566,2.156549999199342,4.8690750045352615,0.0,1024.28515625,16,1421.7890625
1779138554.415791,1567,2.156549999199342,4.869199998211116,0.0,1024.28515625,16,1421.7890625
1779138554.4400225,1568,1.768800000718329,4.498200003581587,50.0,1024.29296875,16,1421.7890625
1779138554.440025,1569,1.768800000718329,4.498599999351427,50.0,1024.29296875,16,1421.7890625
1779138554.4400258,1570,1.768800000718329,4.498775000683963,50.0,1024.29296875,16,1421.7890625
1779138554.4400265,1571,1.768800000718329,4.498900001635775,50.0,1024.29296875,16,1421.7890625
1779138554.466177,1572,2.194524997321423,4.929574999550823,0.0,1024.296875,16,1421.7890625
1779138554.4661794,1573,2.194524997321423,4.929974995320663,0.0,1024.296875,16,1421.7890625
1779138554.46618,1574,2.194524997321423,4.930149996653199,0.0,1024.296875,16,1421.7890625
1779138554.4661806,1575,2.194524997321423,4.930274997605011,0.0,1024.296875,16,1421.7890625
1779138554.4907434,1576,2.03907499962952,4.635249999410007,0.0,1024.296875,16,1421.7890625
1779138554.4907463,1577,2.03907499962952,4.635675002646167,0.0,1024.296875,16,1421.7890625
1779138554.490747,1578,2.03907499962952,4.635850003978703,0.0,1024.296875,16,1421.7890625
1779138554.4907475,1579,2.03907499962952,4.635975004930515,0.0,1024.296875,16,1421.7890625
1779138554.5172534,1580,2.119949996995274,4.7988999940571375,11.1,1024.296875,16,1421.7890625
1779138554.5172563,1581,2.119949996995274,4.799299997102935,11.1,1024.296875,16,1421.7890625
1779138554.5172567,1582,2.119949996995274,4.799449998245109,11.1,1024.296875,16,1421.7890625
1779138554.5172572,1583,2.119949996995274,4.799599999387283,11.1,1024.296875,16,1421.7890625
1779138554.5416687,1584,1.8248000051244162,4.443925005034544,0.0,1024.296875,16,1421.7890625
1779138554.5416727,1585,1.8248000051244162,4.444700003659818,0.0,1024.296875,16,1421.7890625
1779138554.5416777,1586,1.8248000051244162,4.44597500609234,0.0,1024.296875,16,1421.7890625
1779138554.5416784,1587,1.8248000051244162,4.446099999768194,0.0,1024.296875,16,1421.7890625
1779138554.5676484,1588,2.0990749981137924,4.992000001948327,13.3,1024.30078125,16,1421.7890625
1779138554.567651,1589,2.0990749981137924,4.992424997908529,13.3,1024.30078125,16,1421.7890625
1779138554.5676515,1590,2.0990749981137924,4.992574999050703,13.3,1024.30078125,16,1421.7890625
1779138554.567652,1591,2.0990749981137924,4.992674999812152,13.3,1024.30078125,16,1421.7890625
1779138554.5943406,1592,2.2160000007716008,4.897175000223797,0.0,1024.3046875,16,1421.7890625
1779138554.5943434,1593,2.2160000007716008,4.897625003650319,0.0,1024.3046875,16,1421.7890625
1779138554.5943441,1594,2.2160000007716008,4.897774997516535,0.0,1024.3046875,16,1421.7890625
1779138554.5943444,1595,2.2160000007716008,4.897874998277985,0.0,1024.3046875,16,1421.7890625
1779138554.6201997,1596,2.118049997079652,4.751324995595496,0.0,1024.3046875,16,1421.7890625
1779138554.6202023,1597,2.118049997079652,4.751749998831656,0.0,1024.3046875,16,1421.7890625
1779138554.620203,1598,2.118049997079652,4.751925000164192,0.0,1024.3046875,16,1421.7890625
1779138554.6202035,1599,2.118049997079652,4.752050001116004,0.0,1024.3046875,16,1421.7890625
1779138554.6451542,1600,1.9624000051408075,4.6971500050858594,23.5,1024.3125,16,1421.7890625
1779138554.645157,1601,1.9624000051408075,4.697550000855699,23.5,1024.3125,16,1421.7890625
1779138554.6451576,1602,1.9624000051408075,4.6977250021882355,23.5,1024.3125,16,1421.7890625
1779138554.645158,1603,1.9624000051408075,4.697850003140047,23.5,1024.3125,16,1421.7890625
1779138554.6735706,1604,2.587675000540912,5.373050000343937,57.1,1024.3203125,16,1421.7890625
1779138554.6735759,1605,2.587675000540912,5.374200001824647,57.1,1024.3203125,16,1421.7890625
1779138554.6735766,1606,2.587675000540912,5.374350002966821,57.1,1024.3203125,16,1421.7890625
1779138554.6735773,1607,2.587675000540912,5.374474996642675,57.1,1024.3203125,16,1421.7890625
1779138554.6987379,1608,1.9843749978463165,4.683749997639097,0.0,1024.39453125,16,1421.7890625
1779138554.6987417,1609,1.9843749978463165,4.684350002207793,0.0,1024.39453125,16,1421.7890625
1779138554.6987429,1610,1.9843749978463165,4.684599996835459,0.0,1024.39453125,16,1421.7890625
1779138554.6987436,1611,1.9843749978463165,4.684799998358358,0.0,1024.39453125,16,1421.7890625
1779138554.7259655,1612,2.3949249953147955,5.074975000752602,13.3,1024.46875,16,1421.7890625
1779138554.725968,1613,2.3949249953147955,5.075349996332079,13.3,1024.46875,16,1421.7890625
1779138554.7259686,1614,2.3949249953147955,5.0755249976646155,13.3,1024.46875,16,1421.7890625
1779138554.725969,1615,2.3949249953147955,5.0756749988067895,13.3,1024.46875,16,1421.7890625
1779138554.7523339,1616,2.3353500000666827,5.042249998950865,13.3,1024.6015625,16,1421.7890625
1779138554.7523365,1617,2.3353500000666827,5.0426500019966625,13.3,1024.6015625,16,1421.7890625
1779138554.752337,1618,2.3353500000666827,5.042799995862879,13.3,1024.6015625,16,1421.7890625
1779138554.7523375,1619,2.3353500000666827,5.0429249968146905,13.3,1024.6015625,16,1421.7890625
1779138554.7785304,1620,2.4093749962048605,5.117649998283014,0.0,1024.62109375,14,1421.7890625
1779138554.7785332,1621,2.4093749962048605,5.118075001519173,0.0,1024.62109375,14,1421.7890625
1779138554.7785337,1622,2.4093749962048605,5.11822499538539,0.0,1024.62109375,14,1421.7890625
1779138554.7785342,1623,2.4093749962048605,5.118399996717926,0.0,1024.62109375,14,1421.7890625
1779138554.8039093,1624,2.055274999293033,4.801199997018557,8.3,1024.76171875,14,1421.7890625
1779138554.8039155,1625,2.055274999293033,4.8025500000221655,8.3,1024.76171875,14,1421.7890625
1779138554.8039162,1626,2.055274999293033,4.8027000011643395,8.3,1024.76171875,14,1421.7890625
1779138554.8039167,1627,2.055274999293033,4.802849995030556,8.3,1024.76171875,14,1421.7890625
1779138554.828897,1628,1.7795000021578744,4.458200004592072,15.4,1024.77734375,14,1421.7890625
1779138554.8288996,1629,1.7795000021578744,4.458675000932999,15.4,1024.77734375,14,1421.7890625
1779138554.8289003,1630,1.7795000021578744,4.458850002265535,15.4,1024.77734375,14,1421.7890625
1779138554.8289006,1631,1.7795000021578744,4.458950003026985,15.4,1024.77734375,14,1421.7890625
1779138554.8554034,1632,2.293425000971183,4.889225005172193,0.0,1024.77734375,14,1421.7890625
1779138554.8554065,1633,2.293425000971183,4.889650001132395,0.0,1024.77734375,14,1421.7890625
1779138554.855407,1634,2.293425000971183,4.889800002274569,0.0,1024.77734375,14,1421.7890625
1779138554.8554077,1635,2.293425000971183,4.8899000030360185,0.0,1024.77734375,14,1421.7890625
1779138554.8811269,1636,2.158025003154762,4.836450003494974,18.2,1024.77734375,14,1421.7890625
1779138554.8811293,1637,2.158025003154762,4.836874999455176,18.2,1024.77734375,14,1421.7890625
1779138554.88113,1638,2.158025003154762,4.837050000787713,18.2,1024.77734375,14,1421.7890625
1779138554.8811305,1639,2.158025003154762,4.837200001929887,18.2,1024.77734375,14,1421.7890625
1779138554.908965,1640,2.7602749978541397,5.453974998090416,0.0,1024.78125,14,1421.7890625
1779138554.9089677,1641,2.7602749978541397,5.454400001326576,0.0,1024.78125,14,1421.7890625
1779138554.9089687,1642,2.7602749978541397,5.454575002659112,0.0,1024.78125,14,1421.7890625
1779138554.908969,1643,2.7602749978541397,5.454699996334966,0.0,1024.78125,14,1421.7890625
1779138554.9357462,1644,2.4226250025094487,5.1521999994292855,0.0,1024.80078125,14,1421.7890625
1779138554.935749,1645,2.4226250025094487,5.1526500028558075,0.0,1024.80078125,14,1421.7890625
1779138554.9357498,1646,2.4226250025094487,5.152825004188344,0.0,1024.80078125,14,1421.7890625
1779138554.9357505,1647,2.4226250025094487,5.152975005330518,0.0,1024.80078125,14,1421.7890625
1779138554.9622824,1648,2.3542999988421798,5.065925004601013,33.3,1024.80859375,14,1421.7890625
1779138554.9622848,1649,2.3542999988421798,5.066325000370853,33.3,1024.80859375,14,1421.7890625
1779138554.9622855,1650,2.3542999988421798,5.066500001703389,33.3,1024.80859375,14,1421.7890625
1779138554.962286,1651,2.3542999988421798,5.066625002655201,33.3,1024.80859375,14,1421.7890625
1779138554.9897454,1652,2.3039750012685545,5.160149994480889,0.0,1024.80859375,14,1421.7890625
1779138554.989748,1653,2.3039750012685545,5.160574997717049,0.0,1024.80859375,14,1421.7890625
1779138554.9897487,1654,2.3039750012685545,5.160749999049585,0.0,1024.80859375,14,1421.7890625
1779138554.9897494,1655,2.3039750012685545,5.160925000382122,0.0,1024.80859375,14,1421.7890625
1779138555.0160275,1656,2.204399999754969,4.946075001498684,0.0,1024.80859375,14,1421.7890625
1779138555.0160344,1657,2.204399999754969,4.947300003550481,0.0,1024.80859375,14,1421.7890625
1779138555.016036,1658,2.204399999754969,4.9477499997010455,0.0,1024.80859375,14,1421.7890625
1779138555.0160377,1659,2.204399999754969,4.948150002746843,0.0,1024.80859375,14,1421.7890625
1779138555.0444002,1660,2.4594749993411824,5.0718999991659075,0.0,1024.8125,14,1421.7890625
1779138555.0444026,1661,2.4594749993411824,5.072325002402067,0.0,1024.8125,14,1421.7890625
1779138555.0444036,1662,2.4594749993411824,5.072499996458646,0.0,1024.8125,14,1421.7890625
1779138555.044404,1663,2.4594749993411824,5.072674997791182,0.0,1024.8125,14,1421.7890625
1779138555.0686142,1664,1.7216499982168898,4.431599998497404,33.3,1024.81640625,14,1421.7890625
1779138555.0686166,1665,1.7216499982168898,4.431999994267244,33.3,1024.81640625,14,1421.7890625
1779138555.0686176,1666,1.7216499982168898,4.43217499559978,33.3,1024.81640625,14,1421.7890625
1779138555.068618,1667,1.7216499982168898,4.432299996551592,33.3,1024.81640625,14,1421.7890625
1779138555.0935204,1668,1.8063249954138882,4.470025000046007,28.6,1024.81640625,14,1421.7890625
1779138555.0935228,1669,1.8063249954138882,4.470424995815847,28.6,1024.81640625,14,1421.7890625
1779138555.0935235,1670,1.8063249954138882,4.470574996958021,28.6,1024.81640625,14,1421.7890625
1779138555.093524,1671,1.8063249954138882,4.470699997909833,28.6,1024.81640625,14,1421.7890625
1779138555.1184888,1672,2.1489749997272156,4.734750000352506,0.0,1024.8203125,14,1421.7890625
1779138555.1184921,1673,2.1489749997272156,4.735249996883795,0.0,1024.8203125,14,1421.7890625
1779138555.1184928,1674,2.1489749997272156,4.735449998406693,0.0,1024.8203125,14,1421.7890625
1779138555.1184936,1675,2.1489749997272156,4.735549999168143,0.0,1024.8203125,14,1421.7890625
1779138555.1436012,1676,1.7776250024326146,4.541800000879448,18.2,1024.82421875,14,1421.7890625
1779138555.1436048,1677,1.7776250024326146,4.542324997601099,18.2,1024.82421875,14,1421.7890625
1779138555.1436055,1678,1.7776250024326146,4.542499998933636,18.2,1024.82421875,14,1421.7890625
1779138555.143606,1679,1.7776250024326146,4.542599999695085,18.2,1024.82421875,14,1421.7890625
1779138555.1695921,1680,1.956100000825245,4.592875004163943,0.0,1024.82421875,14,1421.7890625
1779138555.1695948,1681,1.956100000825245,4.593274999933783,0.0,1024.82421875,14,1421.7890625
1779138555.1695955,1682,1.956100000825245,4.593425001075957,0.0,1024.82421875,14,1421.7890625
1779138555.1696,1683,1.956100000825245,4.594575002556667,0.0,1024.82421875,14,1421.7890625
1779138555.1968575,1684,2.3652500021853484,5.054399996879511,0.0,1024.828125,14,1417.7265625
1779138555.1968598,1685,2.3652500021853484,5.05482500011567,0.0,1024.828125,14,1417.7265625
1779138555.1968603,1686,2.3652500021853484,5.054975001257844,0.0,1024.828125,14,1417.7265625
1779138555.1968613,1687,2.3652500021853484,5.055125002400018,0.0,1024.828125,14,1417.7265625
1779138555.223608,1688,2.432000001135748,5.125225005031098,20.0,1024.828125,14,1417.7265625
1779138555.2236104,1689,2.432000001135748,5.125575000420213,20.0,1024.828125,14,1417.7265625
1779138555.2236109,1690,2.432000001135748,5.125700001372024,20.0,1024.828125,14,1417.7265625
1779138555.2236114,1691,2.432000001135748,5.125825002323836,20.0,1024.828125,14,1417.7265625
1779138555.2493982,1692,2.0561749988701195,4.748649997054599,36.4,1024.828125,14,1417.7265625
1779138555.2494009,1693,2.0561749988701195,4.749100000481121,36.4,1024.828125,14,1417.7265625
1779138555.2494016,1694,2.0561749988701195,4.749299994728062,36.4,1024.828125,14,1417.7265625
1779138555.2494023,1695,2.0561749988701195,4.749424995679874,36.4,1024.828125,14,1417.7265625
1779138555.2742674,1696,1.842974997998681,4.568874996039085,22.2,1024.8359375,16,1417.7265625
1779138555.2742703,1697,1.842974997998681,4.569349999655969,22.2,1024.8359375,16,1417.7265625
1779138555.274271,1698,1.842974997998681,4.569525000988506,22.2,1024.8359375,16,1417.7265625
1779138555.2742715,1699,1.842974997998681,4.5696500019403175,22.2,1024.8359375,16,1417.7265625
1779138555.3008175,1700,2.319974999409169,4.981924997991882,16.7,1024.83984375,16,1417.7265625
1779138555.3008196,1701,2.319974999409169,4.98232500103768,16.7,1024.83984375,16,1417.7265625
1779138555.3008206,1702,2.319974999409169,4.982475002179854,16.7,1024.83984375,16,1417.7265625
1779138555.300823,1703,2.319974999409169,4.983124999853317,16.7,1024.83984375,16,1417.7265625
1779138555.3277726,1704,2.386399995884858,5.101574999571312,23.1,1024.84375,16,1417.7265625
1779138555.3277757,1705,2.386399995884858,5.102049995912239,23.1,1024.84375,16,1417.7265625
1779138555.3277764,1706,2.386399995884858,5.102249997435138,23.1,1024.84375,16,1417.7265625
1779138555.327777,1707,2.386399995884858,5.102399998577312,23.1,1024.84375,16,1417.7265625
1779138555.3535798,1708,2.1336499994504265,4.830550002225209,0.0,1024.84375,16,1417.7265625
1779138555.3535824,1709,2.1336499994504265,4.830974998185411,0.0,1024.84375,16,1417.7265625
1779138555.353583,1710,2.1336499994504265,4.831149999517947,0.0,1024.84375,16,1417.7265625
1779138555.3535836,1711,2.1336499994504265,4.831275000469759,0.0,1024.84375,16,1417.7265625
1779138555.379453,1712,1.9227500015404075,4.688324996095616,18.8,1024.84765625,16,1417.7265625
1779138555.3794558,1713,1.9227500015404075,4.688749999331776,18.8,1024.84765625,16,1417.7265625
1779138555.3794565,1714,1.9227500015404075,4.68890000047395,18.8,1024.84765625,16,1417.7265625
1779138555.379457,1715,1.9227500015404075,4.689050001616124,18.8,1024.84765625,16,1417.7265625
1779138555.4056828,1716,2.0054999986314215,4.6684499975526705,26.7,1024.84765625,16,1417.7265625
1779138555.4056854,1717,2.0054999986314215,4.668874993512873,26.7,1024.84765625,16,1417.7265625
1779138555.405686,1718,2.0054999986314215,4.669049994845409,26.7,1024.84765625,16,1417.7265625
1779138555.4056869,1719,2.0054999986314215,4.669174995797221,26.7,1024.84765625,16,1417.7265625
1779138555.43306,1720,2.5179250005749054,5.232099996646866,0.0,1024.84765625,16,1417.7265625
1779138555.4330623,1721,2.5179250005749054,5.232524999883026,0.0,1024.84765625,16,1417.7265625
1779138555.433067,1722,2.5179250005749054,5.233625000983011,0.0,1024.84765625,16,1417.7265625
1779138555.4330676,1723,2.5179250005749054,5.233749994658865,0.0,1024.84765625,16,1417.7265625
1779138555.4610085,1724,2.439249998133164,5.1225749994046055,15.0,1024.8515625,16,1417.7265625
1779138555.4610112,1725,2.439249998133164,5.1229999953648075,15.0,1024.8515625,16,1417.7265625
1779138555.461012,1726,2.439249998133164,5.123174996697344,15.0,1024.8515625,16,1417.7265625
1779138555.4610124,1727,2.439249998133164,5.123274997458793,15.0,1024.8515625,16,1417.7265625
1779138555.4858415,1728,1.8053749954560772,4.5738499975414015,10.5,1024.85546875,16,1417.7265625
1779138555.4858441,1729,1.8053749954560772,4.574274993501604,10.5,1024.85546875,16,1417.7265625
1779138555.4858449,1730,1.8053749954560772,4.57444999483414,10.5,1024.85546875,16,1417.7265625
1779138555.4858456,1731,1.8053749954560772,4.574599995976314,10.5,1024.85546875,16,1417.7265625
1779138555.512604,1732,2.28054999752203,5.002124999009538,0.0,1024.859375,16,1417.7265625
1779138555.5126066,1733,2.28054999752203,5.0025499949697405,0.0,1024.859375,16,1417.7265625
1779138555.5126073,1734,2.28054999752203,5.0026999961119145,0.0,1024.859375,16,1417.7265625
1779138555.512608,1735,2.28054999752203,5.0028499972540885,0.0,1024.859375,16,1417.7265625
1779138555.5451279,1736,3.8816250016679987,6.61384999693837,0.0,1024.859375,16,1417.7265625
1779138555.5451324,1737,3.8816250016679987,6.6145500022685155,0.0,1024.859375,16,1417.7265625
1779138555.5451334,1738,3.8816250016679987,6.614799996896181,0.0,1024.859375,16,1417.7265625
1779138555.5451343,1739,3.8816250016679987,6.615074998990167,0.0,1024.859375,16,1417.7265625
1779138555.5717907,1740,2.189375001762528,4.873450001468882,0.0,1024.859375,16,1417.7265625
1779138555.571793,1741,2.189375001762528,4.873874997429084,0.0,1024.859375,16,1417.7265625
1779138555.5717993,1742,2.189375001762528,4.875350001384504,0.0,1024.859375,16,1417.7265625
1779138555.5717998,1743,2.189375001762528,4.875500002526678,0.0,1024.859375,16,1417.7265625
1779138555.6032188,1744,3.2165000011445954,5.908799997996539,0.0,1024.86328125,16,1417.7265625
1779138555.6032212,1745,3.2165000011445954,5.909225001232699,0.0,1024.86328125,16,1417.7265625
1779138555.6032221,1746,3.2165000011445954,5.909425002755597,0.0,1024.86328125,16,1417.7265625
1779138555.6032226,1747,3.2165000011445954,5.909549996431451,0.0,1024.86328125,16,1417.7265625
1779138555.631146,1748,2.2533750016009435,4.977575001248624,40.0,1024.8671875,16,1417.7265625
1779138555.6311483,1749,2.2533750016009435,4.977949996828102,40.0,1024.8671875,16,1417.7265625
1779138555.631149,1750,2.2533750016009435,4.978099997970276,40.0,1024.8671875,16,1417.7265625
1779138555.6311495,1751,2.2533750016009435,4.978274999302812,40.0,1024.8671875,16,1417.7265625
1779138555.6574547,1752,2.3925999994389713,5.081474999315105,7.4,1024.8671875,16,1417.7265625
1779138555.6574574,1753,2.3925999994389713,5.081900002551265,7.4,1024.8671875,16,1417.7265625
1779138555.6574578,1754,2.3925999994389713,5.082050003693439,7.4,1024.8671875,16,1417.7265625
1779138555.657458,1755,2.3925999994389713,5.082150004454888,7.4,1024.8671875,16,1417.7265625
1779138555.6829216,1756,1.9693750000442378,4.784699995070696,0.0,1024.87109375,16,1417.7265625
1779138555.6829247,1757,1.9693750000442378,4.78517499868758,0.0,1024.87109375,16,1417.7265625
1779138555.6829255,1758,1.9693750000442378,4.785350000020117,0.0,1024.87109375,16,1417.7265625
1779138555.6829262,1759,1.9693750000442378,4.785474993695971,0.0,1024.87109375,16,1417.7265625
1779138555.709146,1760,2.3332500059041195,4.996650000975933,15.4,1024.87109375,16,1417.7265625
1779138555.7091525,1761,2.3332500059041195,4.998050004360266,15.4,1024.87109375,16,1417.7265625
1779138555.7091532,1762,2.3332500059041195,4.99820000550244,15.4,1024.87109375,16,1417.7265625
1779138555.709154,1763,2.3332500059041195,4.998374999559019,15.4,1024.87109375,16,1417.7265625
1779138555.7330709,1764,1.8885999961639754,4.548550001345575,0.0,1024.875,16,1417.7265625
1779138555.7330735,1765,1.8885999961639754,4.548974997305777,0.0,1024.875,16,1417.7265625
1779138555.7330742,1766,1.8885999961639754,4.549124998447951,0.0,1024.875,16,1417.7265625
1779138555.7330747,1767,1.8885999961639754,4.549249999399763,0.0,1024.875,16,1417.7265625
1779138555.7587554,1768,2.318899998499546,4.935625001962762,14.3,1024.875,14,1417.7265625
1779138555.7587578,1769,2.318899998499546,4.936049997922964,14.3,1024.875,14,1417.7265625
1779138555.7587583,1770,2.318899998499546,4.936199999065138,14.3,1024.875,14,1417.7265625
1779138555.7587593,1771,2.318899998499546,4.936350000207312,14.3,1024.875,14,1417.7265625
1779138555.7846744,1772,2.0800749989575706,4.88855000003241,11.1,1024.875,14,1417.7265625
1779138555.7846768,1773,2.0800749989575706,4.888924995611887,11.1,1024.875,14,1417.7265625
1779138555.7846777,1774,2.0800749989575706,4.889099996944424,11.1,1024.875,14,1417.7265625
1779138555.7846782,1775,2.0800749989575706,4.889249998086598,11.1,1024.875,14,1417.7265625
1779138555.8102336,1776,1.9815499981632456,4.725800004962366,0.0,1024.87890625,14,1417.7265625
1779138555.8102362,1777,1.9815499981632456,4.726225000922568,0.0,1024.87890625,14,1417.7265625
1779138555.8102367,1778,1.9815499981632456,4.726375002064742,0.0,1024.87890625,14,1417.7265625
1779138555.8102374,1779,1.9815499981632456,4.7265500033972785,0.0,1024.87890625,14,1417.7265625
1779138555.836123,1780,2.0833500020671636,4.6978000027593225,0.0,1024.8828125,14,1417.7265625
1779138555.8361282,1781,2.0833500020671636,4.69892500404967,0.0,1024.8828125,14,1417.7265625
1779138555.836129,1782,2.0833500020671636,4.699075005191844,0.0,1024.8828125,14,1417.7265625
1779138555.8361294,1783,2.0833500020671636,4.699200006143656,0.0,1024.8828125,14,1417.7265625
1779138555.8614676,1784,2.1707500054617412,4.812450002646074,11.1,1024.88671875,14,1417.7265625
1779138555.86147,1785,2.1707500054617412,4.812875005882233,11.1,1024.88671875,14,1417.7265625
1779138555.8614707,1786,2.1707500054617412,4.813025007024407,11.1,1024.88671875,14,1417.7265625
1779138555.8614712,1787,2.1707500054617412,4.813150000700261,11.1,1024.88671875,14,1417.7265625
1779138555.8883653,1788,2.0822500009671785,4.805675001989584,0.0,1024.890625,14,1417.7265625
1779138555.8883696,1789,2.0822500009671785,4.8064750008052215,0.0,1024.890625,14,1417.7265625
1779138555.8883705,1790,2.0822500009671785,4.8066250019473955,0.0,1024.890625,14,1417.7265625
1779138555.8883708,1791,2.0822500009671785,4.806750002899207,0.0,1024.890625,14,1417.7265625
1779138555.9158916,1792,2.357924997340888,5.0967999995918944,0.0,1024.890625,14,1417.7265625
1779138555.9158943,1793,2.357924997340888,5.097200002637692,0.0,1024.890625,14,1417.7265625
1779138555.9158947,1794,2.357924997340888,5.097349996503908,0.0,1024.890625,14,1417.7265625
1779138555.9158952,1795,2.357924997340888,5.0974499972653575,0.0,1024.890625,14,1417.7265625
1779138555.9412858,1796,2.1265500035951845,4.848750002565794,6.7,1024.890625,14,1417.7265625
1779138555.9412887,1797,2.1265500035951845,4.849175005801953,6.7,1024.890625,14,1417.7265625
1779138555.9412894,1798,2.1265500035951845,4.84932499966817,6.7,1024.890625,14,1417.7265625
1779138555.94129,1799,2.1265500035951845,4.849450000619981,6.7,1024.890625,14,1417.7265625
1779138555.967995,1800,2.4025000020628795,5.13669999781996,14.3,1024.89453125,14,1417.7265625
1779138555.967997,1801,2.4025000020628795,5.137075000675395,14.3,1024.89453125,14,1417.7265625
1779138555.9679983,1802,2.4025000020628795,5.1372500020079315,14.3,1024.89453125,14,1417.7265625
1779138555.9679985,1803,2.4025000020628795,5.137349995493423,14.3,1024.89453125,14,1417.7265625
1779138555.9946377,1804,2.202449999458622,4.989324996131472,0.0,1024.89453125,14,1417.7265625
1779138555.99464,1805,2.202449999458622,4.989699998986907,0.0,1024.89453125,14,1417.7265625
1779138555.9946408,1806,2.202449999458622,4.989850000129081,0.0,1024.89453125,14,1417.7265625
1779138555.994641,1807,2.202449999458622,4.989975001080893,0.0,1024.89453125,14,1417.7265625
1779138556.0201838,1808,2.002125002036337,4.762750002555549,0.0,1024.8984375,14,1417.7265625
1779138556.0201867,1809,2.002125002036337,4.7631999987061135,0.0,1024.8984375,14,1417.7265625
1779138556.0201871,1810,2.002125002036337,4.7633499998482876,0.0,1024.8984375,14,1417.7265625
1779138556.0201879,1811,2.002125002036337,4.763475000800099,0.0,1024.8984375,14,1417.7265625
1779138556.0448246,1812,1.8023999946308322,4.440999997314066,0.0,1024.8984375,14,1417.7265625
1779138556.0448272,1813,1.8023999946308322,4.441425000550225,0.0,1024.8984375,14,1417.7265625
1779138556.044828,1814,1.8023999946308322,4.441574994416442,0.0,1024.8984375,14,1417.7265625
1779138556.0448284,1815,1.8023999946308322,4.441699995368253,0.0,1024.8984375,14,1417.7265625
1779138556.0697017,1816,1.9281999993836507,4.66552499710815,11.8,1024.8984375,14,1417.7265625
1779138556.0697043,1817,1.9281999993836507,4.66595000034431,11.8,1024.8984375,14,1417.7265625
1779138556.0697048,1818,1.9281999993836507,4.666100001486484,11.8,1024.8984375,14,1417.7265625
1779138556.0697055,1819,1.9281999993836507,4.66627500281902,11.8,1024.8984375,14,1417.7265625
1779138556.0940728,1820,1.7610499999136664,4.471150001336355,12.5,1024.90234375,14,1417.7265625
1779138556.0940754,1821,1.7610499999136664,4.4715750045725144,12.5,1024.90234375,14,1417.7265625
1779138556.0940762,1822,1.7610499999136664,4.471724998438731,12.5,1024.90234375,14,1417.7265625
1779138556.0940766,1823,1.7610499999136664,4.471874999580905,12.5,1024.90234375,14,1417.7265625
1779138556.1198823,1824,2.143049998267088,4.80750000133412,0.0,1024.90234375,14,1417.7265625
1779138556.1198845,1825,2.143049998267088,4.807899997103959,0.0,1024.90234375,14,1417.7265625
1779138556.1198852,1826,2.143049998267088,4.808099998626858,0.0,1024.90234375,14,1417.7265625
1779138556.119886,1827,2.143049998267088,4.808199999388307,0.0,1024.90234375,14,1417.7265625
1779138556.1467402,1828,2.3857249980210327,5.010624998249114,35.3,1024.90234375,14,1417.7265625
1779138556.1467435,1829,2.3857249980210327,5.01112500205636,35.3,1024.90234375,14,1417.7265625
1779138556.1467443,1830,2.3857249980210327,5.011300003388897,35.3,1024.90234375,14,1417.7265625
1779138556.1467452,1831,2.3857249980210327,5.011475004721433,35.3,1024.90234375,14,1417.7265625
1779138556.176298,1832,2.9638500054716133,5.809800000861287,40.0,1024.90234375,14,1417.7265625
1779138556.176301,1833,2.9638500054716133,5.810250004287809,40.0,1024.90234375,14,1417.7265625
1779138556.1763022,1834,2.9638500054716133,5.81047500600107,40.0,1024.90234375,14,1417.7265625
1779138556.1763027,1835,2.9638500054716133,5.810650000057649,40.0,1024.90234375,14,1417.7265625
1779138556.2251475,1836,5.885724996915087,8.737725001992658,33.3,1024.90625,14,1417.7265625
1779138556.2251499,1837,5.885724996915087,8.73814999795286,33.3,1024.90625,14,1417.7265625
1779138556.2251508,1838,5.885724996915087,8.738324999285396,33.3,1024.90625,14,1417.7265625
1779138556.2251565,1839,5.885724996915087,8.739825003431179,33.3,1024.90625,14,1417.7265625
1779138556.2495809,1840,1.7536750019644387,4.4967499998165295,36.4,1024.91015625,14,1417.7265625
1779138556.2495837,1841,1.7536750019644387,4.497175003052689,36.4,1024.91015625,14,1417.7265625
1779138556.2495842,1842,1.7536750019644387,4.497325004194863,36.4,1024.91015625,14,1417.7265625
1779138556.2495847,1843,1.7536750019644387,4.4974749980610795,36.4,1024.91015625,14,1417.7265625
1779138556.2752187,1844,2.1035749959992245,4.843875001824927,0.0,1024.91015625,14,1417.7265625
1779138556.2752216,1845,2.1035749959992245,4.844299997785129,0.0,1024.91015625,14,1417.7265625
1779138556.2752223,1846,2.1035749959992245,4.844499999308027,0.0,1024.91015625,14,1417.7265625
1779138556.2752228,1847,2.1035749959992245,4.844625000259839,0.0,1024.91015625,14,1417.7265625
1779138556.3039346,1848,2.9087500006426126,5.590350003330968,0.0,1024.91015625,14,1417.7265625
1779138556.3039372,1849,2.9087500006426126,5.590799999481533,0.0,1024.91015625,14,1417.7265625
1779138556.3039377,1850,2.9087500006426126,5.590975000814069,0.0,1024.91015625,14,1417.7265625
1779138556.3039386,1851,2.9087500006426126,5.591150002146605,0.0,1024.91015625,14,1417.7265625
1779138556.3299108,1852,2.087499997287523,4.761974996654317,60.0,1024.9140625,14,1417.7265625
1779138556.329913,1853,2.087499997287523,4.762349999509752,60.0,1024.9140625,14,1417.7265625
1779138556.3299136,1854,2.087499997287523,4.762525000842288,60.0,1024.9140625,14,1417.7265625
1779138556.329914,1855,2.087499997287523,4.7626500017941,60.0,1024.9140625,14,1417.7265625
1779138556.3559062,1856,2.224875002866611,4.947000001266133,0.0,1024.9140625,14,1417.7265625
1779138556.3559089,1857,2.224875002866611,4.947375004121568,0.0,1024.9140625,14,1417.7265625
1779138556.3559093,1858,2.224875002866611,4.9475249979877844,0.0,1024.9140625,14,1417.7265625
1779138556.3559144,1859,2.224875002866611,4.9486999996588565,0.0,1024.9140625,14,1417.7265625
1779138556.386016,1860,3.2995500005199574,5.906974998652004,0.0,1024.91796875,14,1417.7265625
1779138556.3860185,1861,3.2995500005199574,5.907375001697801,0.0,1024.91796875,14,1417.7265625
1779138556.3860192,1862,3.2995500005199574,5.9075750032207,0.0,1024.91796875,14,1417.7265625
1779138556.38602,1863,3.2995500005199574,5.907700004172511,0.0,1024.91796875,14,1417.7265625
1779138556.4127767,1864,2.284850001160521,4.982425001799129,10.0,1024.921875,14,1417.7265625
1779138556.4127796,1865,2.284850001160521,4.982849997759331,10.0,1024.921875,14,1417.7265625
1779138556.41278,1866,2.284850001160521,4.983024999091867,10.0,1024.921875,14,1417.7265625
1779138556.4127805,1867,2.284850001160521,4.983124999853317,10.0,1024.921875,14,1417.7265625
1779138556.438549,1868,2.195100001699757,4.879824999079574,18.2,1024.921875,14,1417.7265625
1779138556.4385517,1869,2.195100001699757,4.880225002125371,18.2,1024.921875,14,1417.7265625
1779138556.4385521,1870,2.195100001699757,4.880375003267545,18.2,1024.921875,14,1417.7265625
1779138556.4385526,1871,2.195100001699757,4.880499996943399,18.2,1024.921875,14,1417.7265625
1779138556.4653206,1872,2.337024998269044,5.062575000920333,0.0,1024.921875,14,1417.7265625
1779138556.4653234,1873,2.337024998269044,5.063024997070897,0.0,1024.921875,14,1417.7265625
1779138556.465324,1874,2.337024998269044,5.063174998213071,0.0,1024.921875,14,1417.7265625
1779138556.4653244,1875,2.337024998269044,5.063274998974521,0.0,1024.921875,14,1417.7265625
1779138556.4918282,1876,2.195400003984105,4.879500003880821,9.1,1024.921875,14,1417.7265625
1779138556.4918306,1877,2.195400003984105,4.879924999841023,9.1,1024.921875,14,1417.7265625
1779138556.4918346,1878,2.195400003984105,4.880950000369921,9.1,1024.921875,14,1417.7265625
1779138556.491835,1879,2.195400003984105,4.881100001512095,9.1,1024.921875,14,1417.7265625
1779138556.5206637,1880,2.850550001312513,5.5875749967526644,23.5,1024.92578125,14,1417.7265625
1779138556.5206673,1881,2.850550001312513,5.5881750013213605,23.5,1024.92578125,14,1417.7265625
1779138556.5206685,1882,2.850550001312513,5.588399995758664,23.5,1024.92578125,14,1417.7265625
1779138556.520669,1883,2.850550001312513,5.5885749970912,23.5,1024.92578125,14,1417.7265625
1779138556.5462277,1884,2.0693749975180253,4.792874999111518,23.1,1024.92578125,14,1417.7265625
1779138556.5462303,1885,2.0693749975180253,4.79329999507172,23.1,1024.92578125,14,1417.7265625
1779138556.5462313,1886,2.0693749975180253,4.793474996404257,23.1,1024.92578125,14,1417.7265625
1779138556.5462317,1887,2.0693749975180253,4.793624997546431,23.1,1024.92578125,14,1417.7265625
1779138556.572666,1888,2.2229999958653934,5.131974998221267,14.3,1024.9296875,14,1417.7265625
1779138556.5726683,1889,2.2229999958653934,5.132374993991107,14.3,1024.9296875,14,1417.7265625
1779138556.572669,1890,2.2229999958653934,5.132524995133281,14.3,1024.9296875,14,1417.7265625
1779138556.5726695,1891,2.2229999958653934,5.132674996275455,14.3,1024.9296875,14,1417.7265625
1779138556.5983922,1892,2.264025002659764,4.901874999632128,8.3,1024.9296875,14,1417.7265625
1779138556.5983949,1893,2.264025002659764,4.902275002677925,8.3,1024.9296875,14,1417.7265625
1779138556.5983956,1894,2.264025002659764,4.902449996734504,8.3,1024.9296875,14,1417.7265625
1779138556.598396,1895,2.264025002659764,4.902574997686315,8.3,1024.9296875,14,1417.7265625
1779138556.627139,1896,2.5703999999677762,5.295750001096167,44.4,1024.9296875,14,1417.7265625
1779138556.6271417,1897,2.5703999999677762,5.296149996866006,44.4,1024.9296875,14,1417.7265625
1779138556.6271465,1898,2.5703999999677762,5.297374998917803,44.4,1024.9296875,14,1417.7265625
1779138556.627147,1899,2.5703999999677762,5.297499999869615,44.4,1024.9296875,14,1417.7265625
1779138556.6521702,1900,1.817575001041405,4.558799999358598,0.0,1024.93359375,14,1417.7265625
1779138556.652173,1901,1.817575001041405,4.5592499955091625,0.0,1024.93359375,14,1417.7265625
1779138556.6521738,1902,1.817575001041405,4.559424996841699,0.0,1024.93359375,14,1417.7265625
1779138556.6521742,1903,1.817575001041405,4.559549997793511,0.0,1024.93359375,14,1417.7265625
1779138556.6839056,1904,3.54992500069784,6.146899999293964,0.0,1024.93359375,14,1417.7265625
1779138556.683908,1905,3.54992500069784,6.147374995634891,0.0,1024.93359375,14,1417.7265625
1779138556.6839092,1906,3.54992500069784,6.14757499715779,0.0,1024.93359375,14,1417.7265625
1779138556.6839097,1907,3.54992500069784,6.147724998299964,0.0,1024.93359375,14,1417.7265625
1779138556.7096524,1908,2.100350000546314,4.739150004752446,12.5,1024.93359375,14,1417.7265625
1779138556.7096553,1909,2.100350000546314,4.739625001093373,12.5,1024.93359375,14,1417.7265625
1779138556.7096558,1910,2.100350000546314,4.739775002235547,12.5,1024.93359375,14,1417.7265625
1779138556.7096562,1911,2.100350000546314,4.739900003187358,12.5,1024.93359375,14,1417.7265625
1779138556.7365875,1912,2.104150000377558,4.821624999749474,50.0,1024.93359375,14,1417.7265625
1779138556.7365901,1913,2.104150000377558,4.821999995328952,50.0,1024.93359375,14,1417.7265625
1779138556.7365906,1914,2.104150000377558,4.822174996661488,50.0,1024.93359375,14,1417.7265625
1779138556.7365913,1915,2.104150000377558,4.822324997803662,50.0,1024.93359375,14,1417.7265625
1779138556.7630231,1916,2.1255250030662864,4.822549999516923,0.0,1024.9453125,13,1417.7265625
1779138556.7630262,1917,2.1255250030662864,4.822975002753083,0.0,1024.9453125,13,1417.7265625
1779138556.7630267,1918,2.1255250030662864,4.823125003895257,0.0,1024.9453125,13,1417.7265625
1779138556.7630272,1919,2.1255250030662864,4.823249997571111,0.0,1024.9453125,13,1417.7265625
1779138556.7879527,1920,2.046899993729312,4.733374997158535,20.0,1024.9453125,13,1417.7265625
1779138556.7879553,1921,2.046899993729312,4.733824993309099,20.0,1024.9453125,13,1417.7265625
1779138556.787956,1922,2.046899993729312,4.733999994641636,20.0,1024.9453125,13,1417.7265625
1779138556.7879562,1923,2.046899993729312,4.734099995403085,20.0,1024.9453125,13,1417.7265625
1779138556.8128476,1924,2.0297750015743077,4.771750005602371,33.3,1024.9453125,13,1417.7265625
1779138556.8128502,1925,2.0297750015743077,4.772175001562573,33.3,1024.9453125,13,1417.7265625
1779138556.812851,1926,2.0297750015743077,4.772350002895109,33.3,1024.9453125,13,1417.7265625
1779138556.8128514,1927,2.0297750015743077,4.772475003846921,33.3,1024.9453125,13,1417.7265625
1779138556.8426468,1928,2.3957500015967526,5.1264249996165745,12.5,1024.9453125,13,1417.7265625
1779138556.8426497,1929,2.3957500015967526,5.1268000024720095,12.5,1024.9453125,13,1417.7265625
1779138556.8426502,1930,2.3957500015967526,5.1269500036141835,12.5,1024.9453125,13,1417.7265625
1779138556.8426507,1931,2.3957500015967526,5.127074997290038,12.5,1024.9453125,13,1417.7265625
1779138556.8685977,1932,2.2306000028038397,4.927425005007535,12.5,1024.9453125,13,1417.7265625
1779138556.8686004,1933,2.2306000028038397,4.927825000777375,12.5,1024.9453125,13,1417.7265625
1779138556.868601,1934,2.2306000028038397,4.927975001919549,12.5,1024.9453125,13,1417.7265625
1779138556.8686016,1935,2.2306000028038397,4.928100002871361,12.5,1024.9453125,13,1417.7265625
1779138556.8922062,1936,1.6529999993508682,4.437975003384054,7.1,1024.9453125,13,1417.7265625
1779138556.8922122,1937,1.6529999993508682,4.439225005626213,7.1,1024.9453125,13,1417.7265625
1779138556.8922126,1938,1.6529999993508682,4.439374999492429,7.1,1024.9453125,13,1417.7265625
1779138556.8922133,1939,1.6529999993508682,4.439500000444241,7.1,1024.9453125,13,1417.7265625
1779138556.9190977,1940,2.43502499506576,5.240499995124992,0.0,1024.94921875,13,1417.7265625
1779138556.9191,1941,2.43502499506576,5.240899998170789,0.0,1024.94921875,13,1417.7265625
1779138556.919101,1942,2.43502499506576,5.241049999312963,0.0,1024.94921875,13,1417.7265625
1779138556.9191012,1943,2.43502499506576,5.24119999317918,0.0,1024.94921875,13,1417.7265625
1779138556.946099,1944,2.294575002451893,5.004175000067335,0.0,1024.953125,13,1417.7265625
1779138556.946101,1945,2.294575002451893,5.004549995646812,0.0,1024.953125,13,1417.7265625
1779138556.9461017,1946,2.294575002451893,5.004699996788986,0.0,1024.953125,13,1417.7265625
1779138556.9461024,1947,2.294575002451893,5.004824997740798,0.0,1024.953125,13,1417.7265625
1779138556.9722364,1948,1.9011750046047382,4.670725000323728,25.0,1024.953125,13,1417.7265625
1779138556.9722388,1949,1.9011750046047382,4.671125003369525,25.0,1024.953125,13,1417.7265625
1779138556.9722397,1950,1.9011750046047382,4.671300004702061,25.0,1024.953125,13,1417.7265625
1779138556.97224,1951,1.9011750046047382,4.671425005653873,25.0,1024.953125,13,1417.7265625
1779138556.9971218,1952,1.9430749962339178,4.654850003134925,0.0,1024.953125,13,1417.7265625
1779138556.9971247,1953,1.9430749962339178,4.655249998904765,0.0,1024.953125,13,1417.7265625
1779138556.9971251,1954,1.9430749962339178,4.655400000046939,0.0,1024.953125,13,1417.7265625
1779138556.9971256,1955,1.9430749962339178,4.655500000808388,0.0,1024.953125,13,1417.7265625
1779138557.0228033,1956,2.245550000225194,4.923050000797957,15.8,1024.95703125,13,1417.7265625
1779138557.0228055,1957,2.245550000225194,4.923449996567797,15.8,1024.95703125,13,1417.7265625
1779138557.0228062,1958,2.245550000225194,4.923599997709971,15.8,1024.95703125,13,1417.7265625
1779138557.022807,1959,2.245550000225194,4.923749998852145,15.8,1024.95703125,13,1417.7265625
1779138557.0495172,1960,2.4114749976433814,5.082324998511467,0.0,1024.95703125,13,1417.7265625
1779138557.0495195,1961,2.4114749976433814,5.0827250015572645,0.0,1024.95703125,13,1417.7265625
1779138557.04952,1962,2.4114749976433814,5.082900002889801,0.0,1024.95703125,13,1417.7265625
1779138557.0495207,1963,2.4114749976433814,5.0830250038416125,0.0,1024.95703125,13,1417.7265625
1779138557.0750532,1964,2.04939999821363,4.781024996191263,0.0,1024.95703125,13,1417.7265625
1779138557.0750563,1965,2.04939999821363,4.781550000188872,0.0,1024.95703125,13,1417.7265625
1779138557.0750568,1966,2.04939999821363,4.781699994055089,0.0,1024.95703125,13,1417.7265625
1779138557.0750575,1967,2.04939999821363,4.781799994816538,0.0,1024.95703125,13,1417.7265625
1779138557.1008735,1968,2.2394999978132546,4.950424998241942,0.0,1024.9609375,13,1417.7265625
1779138557.1008763,1969,2.2394999978132546,4.950849994202144,0.0,1024.9609375,13,1417.7265625
1779138557.1008768,1970,2.2394999978132546,4.9509999953443184,0.0,1024.9609375,13,1417.7265625
1779138557.1008773,1971,2.2394999978132546,4.951174996676855,0.0,1024.9609375,13,1417.7265625
1779138557.1283147,1972,2.3921250030980445,5.183774999750312,17.6,1024.9609375,13,1417.7265625
1779138557.128317,1973,2.3921250030980445,5.184200002986472,17.6,1024.9609375,13,1417.7265625
1779138557.1283176,1974,2.3921250030980445,5.184375004319008,17.6,1024.9609375,13,1417.7265625
1779138557.1283185,1975,2.3921250030980445,5.184550005651545,17.6,1024.9609375,13,1417.7265625
1779138557.1538763,1976,2.1172249980736524,4.812700004549697,0.0,1024.96875,13,1417.7265625
1779138557.1538787,1977,2.1172249980736524,4.813150000700261,0.0,1024.96875,13,1417.7265625
1779138557.15388,1978,2.1172249980736524,4.8133000018424354,0.0,1024.96875,13,1417.7265625
1779138557.1538804,1979,2.1172249980736524,4.813425002794247,0.0,1024.96875,13,1417.7265625
1779138557.179868,1980,2.1643000000040047,4.793950000021141,45.5,1024.96875,13,1417.7265625
1779138557.1798704,1981,2.1643000000040047,4.794350003066938,45.5,1024.96875,13,1417.7265625
1779138557.1798713,1982,2.1643000000040047,4.794575004780199,45.5,1024.96875,13,1417.7265625
1779138557.1798718,1983,2.1643000000040047,4.794700005732011,45.5,1024.96875,13,1417.7265625
1779138557.2065842,1984,2.432875000522472,5.067075006081723,0.0,1024.96875,13,1417.7265625
1779138557.2065868,1985,2.432875000522472,5.067500002041925,0.0,1024.96875,13,1417.7265625
1779138557.2065873,1986,2.432875000522472,5.067650003184099,0.0,1024.96875,13,1417.7265625
1779138557.2065878,1987,2.432875000522472,5.06777500413591,0.0,1024.96875,13,1417.7265625
1779138557.2320845,1988,2.145525002561044,4.783600001246668,0.0,1024.96875,13,1417.7265625
1779138557.2320871,1989,2.145525002561044,4.783974996826146,0.0,1024.96875,13,1417.7265625
1779138557.2320879,1990,2.145525002561044,4.78412499796832,0.0,1024.96875,13,1417.7265625
1779138557.232088,1991,2.145525002561044,4.784274999110494,0.0,1024.96875,13,1417.7265625
1779138557.2594054,1992,2.3814999949536286,5.219824997766409,20.0,1024.96875,15,1417.7265625
1779138557.2594078,1993,2.3814999949536286,5.220224993536249,20.0,1024.96875,15,1417.7265625
1779138557.2594085,1994,2.3814999949536286,5.220374994678423,20.0,1024.96875,15,1417.7265625
1779138557.259413,1995,2.3814999949536286,5.221549996349495,20.0,1024.96875,15,1417.7265625
1779138557.2875473,1996,2.1009749980294146,4.778299997269642,9.1,1024.9765625,15,1417.7265625
1779138557.28755,1997,2.1009749980294146,4.778700000315439,9.1,1024.9765625,15,1417.7265625
1779138557.2875507,1998,2.1009749980294146,4.778849994181655,9.1,1024.9765625,15,1417.7265625
1779138557.2875512,1999,2.1009749980294146,4.778999995323829,9.1,1024.9765625,15,1417.7265625
1779138557.3142176,2000,2.2602499957429245,4.889199997705873,0.0,1024.9765625,15,1417.7265625
1779138557.31422,2001,2.2602499957429245,4.889625000942033,0.0,1024.9765625,15,1417.7265625
1779138557.314221,2002,2.2602499957429245,4.889775002084207,0.0,1024.9765625,15,1417.7265625
1779138557.3142214,2003,2.2602499957429245,4.889924995950423,0.0,1024.9765625,15,1417.7265625
1779138557.3411229,2004,2.324699999007862,4.971975002263207,0.0,1024.9765625,15,1417.7265625
1779138557.3411257,2005,2.324699999007862,4.972449998604134,0.0,1024.9765625,15,1417.7265625
1779138557.3411264,2006,2.324699999007862,4.972599999746308,0.0,1024.9765625,15,1417.7265625
1779138557.341127,2007,2.324699999007862,4.972725000698119,0.0,1024.9765625,15,1417.7265625
1779138557.368172,2008,2.36389999918174,5.11335000192048,13.3,1024.9765625,15,1417.7265625
1779138557.3681748,2009,2.36389999918174,5.113799998071045,13.3,1024.9765625,15,1417.7265625
1779138557.3681753,2010,2.36389999918174,5.113949999213219,13.3,1024.9765625,15,1417.7265625
1779138557.368176,2011,2.36389999918174,5.11407500016503,13.3,1024.9765625,15,1417.7265625
1779138557.393045,2012,1.7592500007594936,4.382324994367082,33.3,1024.9765625,15,1417.7265625
1779138557.3930473,2013,1.7592500007594936,4.382749997603241,33.3,1024.9765625,15,1417.7265625
1779138557.393048,2014,1.7592500007594936,4.382924998935778,33.3,1024.9765625,15,1417.7265625
1779138557.3930523,2015,1.7592500007594936,4.3839999998454005,33.3,1024.9765625,15,1417.7265625
1779138557.4174993,2016,1.7732249980326742,4.601599997840822,0.0,1024.98046875,15,1417.7265625
1779138557.4175036,2017,1.7732249980326742,4.602375003742054,0.0,1024.98046875,15,1417.7265625
1779138557.417504,2018,1.7732249980326742,4.602549997798633,0.0,1024.98046875,15,1417.7265625
1779138557.4175045,2019,1.7732249980326742,4.602649998560082,0.0,1024.98046875,15,1417.7265625
1779138557.4432316,2020,2.129050000803545,4.868975003773812,21.4,1024.98046875,15,1417.7265625
1779138557.4432337,2021,2.129050000803545,4.869325006438885,21.4,1024.98046875,15,1417.7265625
1779138557.4432344,2022,2.129050000803545,4.869500000495464,21.4,1024.98046875,15,1417.7265625
1779138557.4432352,2023,2.129050000803545,4.869625001447275,21.4,1024.98046875,15,1417.7265625
1779138557.4682183,2024,2.080824997392483,4.769175000546966,0.0,1024.984375,15,1417.7265625
1779138557.468221,2025,2.080824997392483,4.7695749963168055,0.0,1024.984375,15,1417.7265625
1779138557.4682217,2026,2.080824997392483,4.769749997649342,0.0,1024.984375,15,1417.7265625
1779138557.4682221,2027,2.080824997392483,4.769924998981878,0.0,1024.984375,15,1417.7265625
1779138557.4932077,2028,1.8440249987179413,4.5006000000284985,21.4,1024.984375,15,1417.7265625
1779138557.49321,2029,1.8440249987179413,4.500999995798338,21.4,1024.984375,15,1417.7265625
1779138557.4932108,2030,1.8440249987179413,4.501149996940512,21.4,1024.984375,15,1417.7265625
1779138557.4932115,2031,1.8440249987179413,4.501299998082686,21.4,1024.984375,15,1417.7265625
1779138557.5185442,2032,1.8695999970077537,4.615224999724887,30.0,1024.98828125,15,1417.7265625
1779138557.518547,2033,1.8695999970077537,4.615724996256176,30.0,1024.98828125,15,1417.7265625
1779138557.5185497,2034,1.8695999970077537,4.616375001205597,30.0,1024.98828125,15,1417.7265625
1779138557.5185502,2035,1.8695999970077537,4.6165249950718135,30.0,1024.98828125,15,1417.7265625
1779138557.5425496,2036,1.7581249994691461,4.429100001289044,0.0,1024.9921875,15,1417.7265625
1779138557.542552,2037,1.7581249994691461,4.429500004334841,0.0,1024.9921875,15,1417.7265625
1779138557.542553,2038,1.7581249994691461,4.429650005477015,0.0,1024.9921875,15,1417.7265625
1779138557.5425537,2039,1.7581249994691461,4.429824999533594,0.0,1024.9921875,15,1417.7265625
1779138557.5665808,2040,1.7824000024120323,4.411300003994256,0.0,1024.9921875,15,1417.7265625
1779138557.5665834,2041,1.7824000024120323,4.411724999954458,0.0,1024.9921875,15,1417.7265625
1779138557.566584,2042,1.7824000024120323,4.411875001096632,0.0,1024.9921875,15,1417.7265625
1779138557.5665846,2043,1.7824000024120323,4.412000002048444,0.0,1024.9921875,15,1417.7265625
1779138557.5924492,2044,2.150874999642838,4.774300003191456,28.6,1024.9921875,15,1417.7265625
1779138557.5924516,2045,2.150874999642838,4.774674998770934,28.6,1024.9921875,15,1417.7265625
1779138557.592452,2046,2.150874999642838,4.774824999913108,28.6,1024.9921875,15,1417.7265625
1779138557.5924525,2047,2.150874999642838,4.774950000864919,28.6,1024.9921875,15,1417.7265625
1779138557.6193604,2048,2.042075000645127,4.718374999356456,0.0,1024.9921875,15,1417.7265625
1779138557.6193628,2049,2.042075000645127,4.718800002592616,0.0,1024.9921875,15,1417.7265625
1779138557.6193635,2050,2.042075000645127,4.7189749966491945,0.0,1024.9921875,15,1417.7265625
1779138557.619364,2051,2.042075000645127,4.719099997601006,0.0,1024.9921875,15,1417.7265625
1779138557.6460075,2052,2.3087750014383346,4.993574999389239,13.3,1024.99609375,15,1417.7265625
1779138557.6460104,2053,2.3087750014383346,4.994000002625398,13.3,1024.99609375,15,1417.7265625
1779138557.6460152,2054,2.3087750014383346,4.995250004867557,13.3,1024.99609375,15,1417.7265625
1779138557.646016,2055,2.3087750014383346,4.995424998924136,13.3,1024.99609375,15,1417.7265625
1779138557.672619,2056,2.1482999945874326,4.89969999762252,28.6,1025.0,15,1417.7265625
1779138557.6726215,2057,2.1482999945874326,4.9000999933923595,28.6,1025.0,15,1417.7265625
1779138557.672622,2058,2.1482999945874326,4.9002499945345335,28.6,1025.0,15,1417.7265625
1779138557.6726227,2059,2.1482999945874326,4.900374995486345,28.6,1025.0,15,1417.7265625
1779138557.6981077,2060,2.1724250036641024,4.904900000838097,0.0,1025.0,15,1417.7265625
1779138557.6981099,2061,2.1724250036641024,4.9053000038838945,0.0,1025.0,15,1417.7265625
1779138557.6981108,2062,2.1724250036641024,4.9054500050260685,0.0,1025.0,15,1417.7265625
1779138557.698111,2063,2.1724250036641024,4.90557500597788,0.0,1025.0,15,1417.7265625
1779138557.722366,2064,1.8445249952492304,4.4607499949052,16.7,1025.0,15,1417.7265625
1779138557.7223687,2065,1.8445249952492304,4.461149997950997,16.7,1025.0,15,1417.7265625
1779138557.7223692,2066,1.8445249952492304,4.461299999093171,16.7,1025.0,15,1417.7265625
1779138557.72237,2067,1.8445249952492304,4.461425000044983,16.7,1025.0,15,1417.7265625
1779138557.7508397,2068,2.7964749970124103,5.503350002982188,50.0,1024.19140625,15,1417.7265625
1779138557.7508438,2069,2.7964749970124103,5.503899999894202,50.0,1024.19140625,15,1417.7265625
1779138557.7508445,2070,2.7964749970124103,5.504050001036376,50.0,1024.19140625,15,1417.7265625
1779138557.750845,2071,2.7964749970124103,5.504225002368912,50.0,1024.19140625,15,1417.7265625
1779138557.775336,2072,1.8026499965344556,4.597774997819215,0.0,1025.07421875,13,1417.7265625
1779138557.7753422,2073,1.8026499965344556,4.5992499944986776,0.0,1025.07421875,13,1417.7265625
1779138557.7753434,2074,1.8026499965344556,4.599424995831214,0.0,1025.07421875,13,1417.7265625
1779138557.7753437,2075,1.8026499965344556,4.599549996783026,0.0,1025.07421875,13,1417.7265625
1779138557.8012407,2076,2.2680999973090366,4.9922499965759926,0.0,1025.08203125,13,1417.7265625
1779138557.801243,2077,2.2680999973090366,4.992700000002515,0.0,1025.08203125,13,1417.7265625
1779138557.801244,2078,2.2680999973090366,4.992875001335051,0.0,1025.08203125,13,1417.7265625
1779138557.8012445,2079,2.2680999973090366,4.993000002286863,0.0,1025.08203125,13,1417.7265625
1779138557.8309753,2080,2.9980500039528124,5.692625003575813,10.0,1025.08203125,13,1417.7265625
1779138557.8309777,2081,2.9980500039528124,5.693024999345653,10.0,1025.08203125,13,1417.7265625
1779138557.8309786,2082,2.9980500039528124,5.693200000678189,10.0,1025.08203125,13,1417.7265625
1779138557.830979,2083,2.9980500039528124,5.693325001630001,10.0,1025.08203125,13,1417.7265625
1779138557.8572721,2084,2.2577249983442016,4.997550000553019,0.0,1025.08203125,13,1417.7265625
1779138557.8572745,2085,2.2577249983442016,4.997974996513221,0.0,1025.08203125,13,1417.7265625
1779138557.8572755,2086,2.2577249983442016,4.998149997845758,0.0,1025.08203125,13,1417.7265625
1779138557.857276,2087,2.2577249983442016,4.998274998797569,0.0,1025.08203125,13,1417.7265625
1779138557.8836405,2088,2.231124999525491,4.943225001625251,15.4,1025.08203125,13,1417.7265625
1779138557.883643,2089,2.231124999525491,4.943649997585453,15.4,1025.08203125,13,1417.7265625
1779138557.8836436,2090,2.231124999525491,4.943799998727627,15.4,1025.08203125,13,1417.7265625
1779138557.883644,2091,2.231124999525491,4.943924999679439,15.4,1025.08203125,13,1417.7265625
1779138557.912364,2092,2.7950500007136725,5.540375001146458,0.0,1025.0859375,13,1417.7265625
1779138557.9123702,2093,2.7950500007136725,5.5416500035789795,0.0,1025.0859375,13,1417.7265625
1779138557.912371,2094,2.7950500007136725,5.541799997445196,0.0,1025.0859375,13,1417.7265625
1779138557.9123714,2095,2.7950500007136725,5.541924998397008,0.0,1025.0859375,13,1417.7265625
1779138557.9396641,2096,2.3779000039212406,5.024325000704266,28.6,1025.08984375,13,1417.7265625
1779138557.9396667,2097,2.3779000039212406,5.0247250037500635,28.6,1025.08984375,13,1417.7265625
1779138557.9396675,2098,2.3779000039212406,5.0249000050826,28.6,1025.08984375,13,1417.7265625
1779138557.939668,2099,2.3779000039212406,5.025050006224774,28.6,1025.08984375,13,1417.7265625
1779138557.9661953,2100,2.202449999458622,4.910374998871703,0.0,1025.08984375,13,1417.7265625
1779138557.966198,2101,2.202449999458622,4.910774994641542,0.0,1025.08984375,13,1417.7265625
1779138557.9661987,2102,2.202449999458622,4.910949995974079,0.0,1025.08984375,13,1417.7265625
1779138557.9661994,2103,2.202449999458622,4.911099997116253,0.0,1025.08984375,13,1417.7265625
1779138557.9908867,2104,1.8343250048928894,4.522050003288314,9.1,1025.09375,13,1417.7265625
1779138557.990889,2105,1.8343250048928894,4.522450006334111,9.1,1025.09375,13,1417.7265625
1779138557.9908895,2106,1.8343250048928894,4.5226000002003275,9.1,1025.09375,13,1417.7265625
1779138557.99089,2107,1.8343250048928894,4.522725001152139,9.1,1025.09375,13,1417.7265625
1779138558.0177445,2108,2.2374000036506914,5.01122500281781,11.1,1025.09375,13,1416.2890625
1779138558.0177476,2109,2.2374000036506914,5.011749999539461,11.1,1025.09375,13,1416.2890625
1779138558.0177486,2110,2.2374000036506914,5.011900000681635,11.1,1025.09375,13,1416.2890625
1779138558.017749,2111,2.2374000036506914,5.012075002014171,11.1,1025.09375,13,1416.2890625
1779138558.0455065,2112,2.282524998008739,5.0036750035360456,0.0,1025.09765625,13,1416.2890625
1779138558.045509,2113,2.282524998008739,5.004074999305885,0.0,1025.09765625,13,1416.2890625
1779138558.0455098,2114,2.282524998008739,5.004225000448059,0.0,1025.09765625,13,1416.2890625
1779138558.0455103,2115,2.282524998008739,5.004325001209509,0.0,1025.09765625,13,1416.2890625
1779138558.0719905,2116,2.129449996573385,4.8933750003925525,15.4,1025.09765625,13,1416.2890625
1779138558.071993,2117,2.129449996573385,4.893824996543117,15.4,1025.09765625,13,1416.2890625
1779138558.0719938,2118,2.129449996573385,4.893974997685291,15.4,1025.09765625,13,1416.2890625
1779138558.0719945,2119,2.129449996573385,4.894124998827465,15.4,1025.09765625,13,1416.2890625
1779138558.097677,2120,1.7597249971004203,4.372424999019131,22.2,1025.09765625,13,1416.2890625
1779138558.0976794,2121,1.7597249971004203,4.372825002064928,22.2,1025.09765625,13,1416.2890625
1779138558.09768,2122,1.7597249971004203,4.373000003397465,22.2,1025.09765625,13,1416.2890625
1779138558.0976803,2123,1.7597249971004203,4.3730999968829565,22.2,1025.09765625,13,1416.2890625
1779138558.1244364,2124,2.478050002537202,5.099649999465328,0.0,1025.09765625,13,1416.2890625
1779138558.124439,2125,2.478050002537202,5.100075002701487,0.0,1025.09765625,13,1416.2890625
1779138558.1244397,2126,2.478050002537202,5.100249996758066,0.0,1025.09765625,13,1416.2890625
1779138558.1244404,2127,2.478050002537202,5.100374997709878,0.0,1025.09765625,13,1416.2890625
1779138558.1507244,2128,2.0736250007757917,4.810749996977393,0.0,1025.09765625,13,1416.2890625
1779138558.1507273,2129,2.0736250007757917,4.81115000002319,0.0,1025.09765625,13,1416.2890625
1779138558.1507277,2130,2.0736250007757917,4.811300001165364,0.0,1025.09765625,13,1416.2890625
1779138558.1507282,2131,2.0736250007757917,4.811424994841218,0.0,1025.09765625,13,1416.2890625
1779138558.1756394,2132,2.08829999610316,4.720675002317876,0.0,1025.10546875,13,1416.2890625
1779138558.175642,2133,2.08829999610316,4.721099998278078,0.0,1025.10546875,13,1416.2890625
1779138558.175643,2134,2.08829999610316,4.721249999420252,0.0,1025.10546875,13,1416.2890625
1779138558.1756434,2135,2.08829999610316,4.721400000562426,0.0,1025.10546875,13,1416.2890625
1779138558.2005002,2136,2.1596500009763986,4.759924995596521,0.0,1025.10546875,13,1416.2890625
1779138558.2005029,2137,2.1596500009763986,4.76034999883268,0.0,1025.10546875,13,1416.2890625
1779138558.2005036,2138,2.1596500009763986,4.760499999974854,0.0,1025.10546875,13,1416.2890625
1779138558.200504,2139,2.1596500009763986,4.760600000736304,0.0,1025.10546875,13,1416.2890625
1779138558.2285385,2140,2.7881499991053715,5.468275005114265,0.0,1025.10546875,13,1416.2890625
1779138558.228541,2141,2.7881499991053715,5.468650000693742,0.0,1025.10546875,13,1416.2890625
1779138558.2285416,2142,2.7881499991053715,5.468800001835916,0.0,1025.10546875,13,1416.2890625
1779138558.228542,2143,2.7881499991053715,5.46895000297809,0.0,1025.10546875,13,1416.2890625
1779138558.2537186,2144,1.8566250000731088,4.519400004937779,15.8,1025.10546875,13,1416.2890625
1779138558.253721,2145,1.8566250000731088,4.519825000897981,15.8,1025.10546875,13,1416.2890625
1779138558.2537217,2146,1.8566250000731088,4.519975002040155,15.8,1025.10546875,13,1416.2890625
1779138558.2537222,2147,1.8566250000731088,4.520075002801605,15.8,1025.10546875,13,1416.2890625
1779138558.2914302,2148,4.7014250012580305,7.6759000003221445,60.0,1025.109375,14,1416.2890625
1779138558.2914345,2149,4.7014250012580305,7.676624998566695,60.0,1025.109375,14,1416.2890625
1779138558.2914357,2150,4.7014250012580305,7.676925000851043,60.0,1025.109375,14,1416.2890625
1779138558.2914405,2151,4.7014250012580305,7.678075002331752,60.0,1025.109375,14,1416.2890625
1779138558.3232992,2152,2.4913750021369196,5.439025000669062,0.0,1025.11328125,14,1416.2890625
1779138558.323306,2153,2.4913750021369196,5.44015000195941,0.0,1025.11328125,14,1416.2890625
1779138558.3233078,2154,2.4913750021369196,5.440624998300336,0.0,1025.11328125,14,1416.2890625
1779138558.3233094,2155,2.4913750021369196,5.441000001155771,0.0,1025.11328125,14,1416.2890625
1779138558.3559096,2156,2.4757249993854202,5.178974999580532,0.0,1025.1171875,14,1416.2890625
1779138558.3559122,2157,2.4757249993854202,5.17937500262633,0.0,1025.1171875,14,1416.2890625
1779138558.3559127,2158,2.4757249993854202,5.179525003768504,0.0,1025.1171875,14,1416.2890625
1779138558.3559132,2159,2.4757249993854202,5.179649997444358,0.0,1025.1171875,14,1416.2890625
1779138558.381381,2160,1.8529250010033138,4.597799998009577,6.7,1025.1171875,14,1416.2890625
1779138558.3813837,2161,1.8529250010033138,4.598250001436099,6.7,1025.1171875,14,1416.2890625
1779138558.3813844,2162,1.8529250010033138,4.598399995302316,6.7,1025.1171875,14,1416.2890625
1779138558.3813848,2163,1.8529250010033138,4.5985249962541275,6.7,1025.1171875,14,1416.2890625
1779138558.4102523,2164,3.0395499998121522,5.718349995731842,25.0,1025.1171875,14,1416.2890625
1779138558.4102545,2165,3.0395499998121522,5.7187749989680015,25.0,1025.1171875,14,1416.2890625
1779138558.4102554,2166,3.0395499998121522,5.718899999919813,25.0,1025.1171875,14,1416.2890625
1779138558.410256,2167,3.0395499998121522,5.7190750012523495,25.0,1025.1171875,14,1416.2890625
1779138558.4371269,2168,2.4000500052352436,5.081675000838004,28.6,1025.1171875,14,1416.2890625
1779138558.4371293,2169,2.4000500052352436,5.082100004074164,28.6,1025.1171875,14,1416.2890625
1779138558.43713,2170,2.4000500052352436,5.082250005216338,28.6,1025.1171875,14,1416.2890625
1779138558.437134,2171,2.4000500052352436,5.0832999986596406,28.6,1025.1171875,14,1416.2890625
1779138558.4631295,2172,2.267349998874124,4.966175001754891,0.0,1025.12109375,14,1416.2890625
1779138558.463132,2173,2.267349998874124,4.9665750048006885,0.0,1025.12109375,14,1416.2890625
1779138558.4631324,2174,2.267349998874124,4.966724998666905,0.0,1025.12109375,14,1416.2890625
1779138558.4631329,2175,2.267349998874124,4.9668499996187165,0.0,1025.12109375,14,1416.2890625
1779138558.4873664,2176,1.7321749983238988,4.405649997352157,28.6,1025.12109375,14,1416.2890625
1779138558.487369,2177,1.7321749983238988,4.406024992931634,28.6,1025.12109375,14,1416.2890625
1779138558.4873698,2178,1.7321749983238988,4.4061999942641705,28.6,1025.12109375,14,1416.2890625
1779138558.48737,2179,1.7321749983238988,4.40629999502562,28.6,1025.12109375,14,1416.2890625
1779138558.5114076,2180,1.7043499974533916,4.4421999991755,0.0,1025.12109375,14,1416.2890625
1779138558.51141,2181,1.7043499974533916,4.4426750027923845,0.0,1025.12109375,14,1416.2890625
1779138558.5114107,2182,1.7043499974533916,4.442824996658601,0.0,1025.12109375,14,1416.2890625
1779138558.5114112,2183,1.7043499974533916,4.4429499976104125,0.0,1025.12109375,14,1416.2890625
1779138558.5376656,2184,2.40240000130143,5.06899999891175,0.0,1025.125,14,1416.2890625
1779138558.537668,2185,2.40240000130143,5.069375001767185,0.0,1025.125,14,1416.2890625
1779138558.537669,2186,2.40240000130143,5.069549995823763,0.0,1025.125,14,1416.2890625
1779138558.5376694,2187,2.40240000130143,5.0697249971563,0.0,1025.125,14,1416.2890625
1779138558.5665514,2188,2.5132499940809794,5.197249993216246,0.0,1025.125,14,1416.2890625
1779138558.566554,2189,2.5132499940809794,5.197649996262044,0.0,1025.125,14,1416.2890625
1779138558.566558,2190,2.5132499940809794,5.198599996219855,0.0,1025.125,14,1416.2890625
1779138558.5665588,2191,2.5132499940809794,5.198774997552391,0.0,1025.125,14,1416.2890625
1779138558.5900712,2192,1.6521750003448687,4.299574997276068,0.0,1025.12890625,14,1416.2890625
1779138558.5900738,2193,1.6521750003448687,4.300000000512227,0.0,1025.12890625,14,1416.2890625
1779138558.5900745,2194,1.6521750003448687,4.300149994378444,0.0,1025.12890625,14,1416.2890625
1779138558.5900748,2195,1.6521750003448687,4.3002749953302555,0.0,1025.12890625,14,1416.2890625
1779138558.6167831,2196,2.157499999157153,4.939999998896383,16.7,1025.12890625,14,1416.2890625
1779138558.6167855,2197,2.157499999157153,4.940375001751818,16.7,1025.12890625,14,1416.2890625
1779138558.6167862,2198,2.157499999157153,4.940525002893992,16.7,1025.12890625,14,1416.2890625
1779138558.6167867,2199,2.157499999157153,4.940675004036166,16.7,1025.12890625,14,1416.2890625
1779138558.641633,2200,1.706150003883522,4.547150005237199,9.1,1025.12890625,14,1416.2890625
1779138558.6416361,2201,1.706150003883522,4.547650001768488,9.1,1025.12890625,14,1416.2890625
1779138558.6416368,2202,1.706150003883522,4.547825003101025,9.1,1025.12890625,14,1416.2890625
1779138558.6416376,2203,1.706150003883522,4.5480250046239235,9.1,1025.12890625,14,1416.2890625
1779138558.6686482,2204,2.1051000003353693,4.814575004274957,0.0,1025.12890625,14,1416.2890625
1779138558.6686504,2205,2.1051000003353693,4.814949999854434,0.0,1025.12890625,14,1416.2890625
1779138558.668651,2206,2.1051000003353693,4.815100000996608,0.0,1025.12890625,14,1416.2890625
1779138558.6686516,2207,2.1051000003353693,4.81522500194842,0.0,1025.12890625,14,1416.2890625
1779138558.6949637,2208,2.1630499977618456,4.889725001703482,16.7,1025.1328125,14,1416.2890625
1779138558.6949663,2209,2.1630499977618456,4.8900999972829595,16.7,1025.1328125,14,1416.2890625
1779138558.6949685,2210,2.1630499977618456,4.8906250012805685,16.7,1025.1328125,14,1416.2890625
1779138558.6949692,2211,2.1630499977618456,4.89075000223238,16.7,1025.1328125,14,1416.2890625
1779138558.7203655,2212,2.149225001630839,4.804000003787223,0.0,1025.140625,14,1416.2890625
1779138558.7203684,2213,2.149225001630839,4.804399999557063,0.0,1025.140625,14,1416.2890625
1779138558.7203689,2214,2.149225001630839,4.804550000699237,0.0,1025.140625,14,1416.2890625
1779138558.7203696,2215,2.149225001630839,4.804725002031773,0.0,1025.140625,14,1416.2890625
1779138558.747362,2216,2.230974998383317,4.944025000440888,0.0,1025.140625,14,1416.2890625
1779138558.747364,2217,2.230974998383317,4.94444999640109,0.0,1025.140625,14,1416.2890625
1779138558.7473648,2218,2.230974998383317,4.944574997352902,0.0,1025.140625,14,1416.2890625
1779138558.7473655,2219,2.230974998383317,4.944724998495076,0.0,1025.140625,14,1416.2890625
1779138558.7735252,2220,2.19867499981774,4.997225005354267,15.4,1025.140625,14,1416.2890625
1779138558.7735279,2221,2.19867499981774,4.997625001124106,15.4,1025.140625,14,1416.2890625
1779138558.7735283,2222,2.19867499981774,4.997750002075918,15.4,1025.140625,14,1416.2890625
1779138558.7735288,2223,2.19867499981774,4.99787500302773,15.4,1025.140625,14,1416.2890625
1779138558.800979,2224,2.146325001376681,4.866825001954567,18.2,1025.140625,14,1416.2890625
1779138558.8009815,2225,2.146325001376681,4.867249997914769,18.2,1025.140625,14,1416.2890625
1779138558.8009822,2226,2.146325001376681,4.867424999247305,18.2,1025.140625,14,1416.2890625
1779138558.8009827,2227,2.146325001376681,4.867575000389479,18.2,1025.140625,14,1416.2890625
1779138558.8287616,2228,2.6100000031874515,5.26262500352459,0.0,1025.140625,14,1416.2890625
1779138558.828768,2229,2.6100000031874515,5.263975006528199,0.0,1025.140625,14,1416.2890625
1779138558.8287687,2230,2.6100000031874515,5.26417500077514,0.0,1025.140625,14,1416.2890625
1779138558.8287692,2231,2.6100000031874515,5.264325001917314,0.0,1025.140625,14,1416.2890625
1779138558.8551662,2232,2.1445749953272752,4.9267750000581145,0.0,1025.14453125,14,1416.2890625
1779138558.8551693,2233,2.1445749953272752,4.927249996399041,0.0,1025.14453125,14,1416.2890625
1779138558.8551702,2234,2.1445749953272752,4.92744999792194,0.0,1025.14453125,14,1416.2890625
1779138558.855171,2235,2.1445749953272752,4.927649999444839,0.0,1025.14453125,14,1416.2890625
1779138558.8840075,2236,2.4851999987731688,5.250624999462161,15.8,1025.14453125,14,1416.2890625
1779138558.88401,2237,2.4851999987731688,5.251074995612726,15.8,1025.14453125,14,1416.2890625
1779138558.8840108,2238,2.4851999987731688,5.251249996945262,15.8,1025.14453125,14,1416.2890625
1779138558.8840113,2239,2.4851999987731688,5.251374997897074,15.8,1025.14453125,14,1416.2890625
1779138558.9092698,2240,2.070449998427648,4.788549995282665,15.0,1025.1484375,14,1416.2890625
1779138558.909272,2241,2.070449998427648,4.788949998328462,15.0,1025.1484375,14,1416.2890625
1779138558.909273,2242,2.070449998427648,4.789099999470636,15.0,1025.1484375,14,1416.2890625
1779138558.9092734,2243,2.070449998427648,4.789225000422448,15.0,1025.1484375,14,1416.2890625
1779138558.934798,2244,2.1826499942108057,4.843849994358607,0.0,1025.1484375,14,1416.2890625
1779138558.9348006,2245,2.1826499942108057,4.844249997404404,0.0,1025.1484375,14,1416.2890625
1779138558.9348013,2246,2.1826499942108057,4.844399998546578,0.0,1025.1484375,14,1416.2890625
1779138558.9348018,2247,2.1826499942108057,4.844549999688752,0.0,1025.1484375,14,1416.2890625
1779138558.96051,2248,2.205824996053707,4.864824994001538,7.1,1025.1484375,14,1416.2890625
1779138558.9605165,2249,2.205824996053707,4.866224997385871,7.1,1025.1484375,14,1416.2890625
1779138558.9605172,2250,2.205824996053707,4.866399998718407,7.1,1025.1484375,14,1416.2890625
1779138558.9605176,2251,2.205824996053707,4.866499999479856,7.1,1025.1484375,14,1416.2890625
1779138558.9872675,2252,2.423474994429853,5.135899999004323,25.0,1025.15234375,14,1416.2890625
1779138558.9872704,2253,2.423474994429853,5.136324994964525,25.0,1025.15234375,14,1416.2890625
1779138558.9872708,2254,2.423474994429853,5.136474996106699,25.0,1025.15234375,14,1416.2890625
1779138558.9872713,2255,2.423474994429853,5.136599997058511,25.0,1025.15234375,14,1416.2890625
1779138559.0152538,2256,2.315950005140621,5.190150004636962,37.5,1025.15234375,14,1416.2890625
1779138559.015257,2257,2.315950005140621,5.190650001168251,37.5,1025.15234375,14,1416.2890625
1779138559.0152576,2258,2.315950005140621,5.190825002500787,37.5,1025.15234375,14,1416.2890625
1779138559.015258,2259,2.315950005140621,5.190950003452599,37.5,1025.15234375,14,1416.2890625
1779138559.040083,2260,1.9239000030211173,4.658650002966169,44.4,1025.15234375,14,1416.2890625
1779138559.0400856,2261,1.9239000030211173,4.659024998545647,44.4,1025.15234375,14,1416.2890625
1779138559.040086,2262,1.9239000030211173,4.659174999687821,44.4,1025.15234375,14,1416.2890625
1779138559.0400867,2263,1.9239000030211173,4.659300000639632,44.4,1025.15234375,14,1416.2890625
1779138559.0695856,2264,2.9895249972469173,5.642424999678042,11.1,1025.15625,14,1416.2890625
1779138559.0695882,2265,2.9895249972469173,5.642849995638244,11.1,1025.15625,14,1416.2890625
1779138559.0695887,2266,2.9895249972469173,5.6429749965900555,11.1,1025.15625,14,1416.2890625
1779138559.0695891,2267,2.9895249972469173,5.6431249977322295,11.1,1025.15625,14,1416.2890625
1779138559.0976405,2268,2.2949750054976903,4.943500003719237,0.0,1025.16015625,14,1416.2890625
1779138559.0976424,2269,2.2949750054976903,4.943899999489076,0.0,1025.16015625,14,1416.2890625
1779138559.0976434,2270,2.2949750054976903,4.944025000440888,0.0,1025.16015625,14,1416.2890625
1779138559.0976439,2271,2.2949750054976903,4.944175001583062,0.0,1025.16015625,14,1416.2890625
1779138559.1244583,2272,2.27577500481857,5.011100001865998,16.7,1025.1640625,14,1416.2890625
1779138559.1244626,2273,2.27577500481857,5.011900000681635,16.7,1025.1640625,14,1416.2890625
1779138559.1244633,2274,2.27577500481857,5.012075002014171,16.7,1025.1640625,14,1416.2890625
1779138559.1244638,2275,2.27577500481857,5.012225003156345,16.7,1025.1640625,14,1416.2890625
1779138559.1495225,2276,1.9031750052818097,4.510850005317479,0.0,1025.1640625,14,1416.2890625
1779138559.149525,2277,1.9031750052818097,4.511225000896957,0.0,1025.1640625,14,1416.2890625
1779138559.1495254,2278,1.9031750052818097,4.511375002039131,0.0,1025.1640625,14,1416.2890625
1779138559.1495264,2279,1.9031750052818097,4.511550003371667,0.0,1025.1640625,14,1416.2890625
1779138559.176966,2280,2.3778750037308782,5.145075003383681,20.0,1025.1640625,14,1416.2890625
1779138559.1769688,2281,2.3778750037308782,5.145499999343883,20.0,1025.1640625,14,1416.2890625
1779138559.1769693,2282,2.3778750037308782,5.145650000486057,20.0,1025.1640625,14,1416.2890625
1779138559.1769698,2283,2.3778750037308782,5.145775001437869,20.0,1025.1640625,14,1416.2890625
1779138559.2047496,2284,2.699599994230084,5.381699993449729,0.0,1025.1640625,14,1416.2890625
1779138559.2047527,2285,2.699599994230084,5.382149996876251,0.0,1025.1640625,14,1416.2890625
1779138559.2047532,2286,2.699599994230084,5.382299998018425,0.0,1025.1640625,14,1416.2890625
1779138559.2047536,2287,2.699599994230084,5.383424999308772,0.0,1025.1640625,14,1416.2890625
1779138559.231136,2288,2.133624999260064,4.921799998555798,0.0,1025.16796875,14,1416.2890625
1779138559.2311385,2289,2.133624999260064,4.922225001791958,0.0,1025.16796875,14,1416.2890625
1779138559.2311392,2290,2.133624999260064,4.922374995658174,0.0,1025.16796875,14,1416.2890625
1779138559.2311397,2291,2.133624999260064,4.9224749964196235,0.0,1025.16796875,14,1416.2890625
1779138559.2570984,2292,2.1679249985027127,4.825299998628907,0.0,1025.171875,13,1416.2890625
1779138559.2571008,2293,2.1679249985027127,4.825700001674704,0.0,1025.171875,13,1416.2890625
1779138559.2571013,2294,2.1679249985027127,4.825875003007241,0.0,1025.171875,13,1416.2890625
1779138559.257102,2295,2.1679249985027127,4.826000003959052,0.0,1025.171875,13,1416.2890625
1779138559.283486,2296,2.3763499993947335,5.065750003268477,11.8,1025.171875,13,1416.2890625
1779138559.2834885,2297,2.3763499993947335,5.066174999228679,11.8,1025.171875,13,1416.2890625
1779138559.2834892,2298,2.3763499993947335,5.066325000370853,11.8,1025.171875,13,1416.2890625
1779138559.2834897,2299,2.3763499993947335,5.066500001703389,11.8,1025.171875,13,1416.2890625
1779138559.3098168,2300,2.039525003056042,4.732425004476681,0.0,1025.171875,13,1416.2890625
1779138559.3098195,2301,2.039525003056042,4.732850000436883,0.0,1025.171875,13,1416.2890625
1779138559.30982,2302,2.039525003056042,4.73302500176942,0.0,1025.171875,13,1416.2890625
1779138559.3098207,2303,2.039525003056042,4.733150002721231,0.0,1025.171875,13,1416.2890625
1779138559.3357844,2304,2.0514749994617887,4.810124999494292,63.6,1025.171875,13,1416.2890625
1779138559.3357868,2305,2.0514749994617887,4.810524995264132,63.6,1025.171875,13,1416.2890625
1779138559.3357875,2306,2.0514749994617887,4.810699996596668,63.6,1025.171875,13,1416.2890625
1779138559.3357916,2307,2.0514749994617887,4.811774997506291,63.6,1025.171875,13,1416.2890625
1779138559.36208,2308,2.4009749977267347,5.074150001746602,14.3,1025.17578125,13,1416.2890625
1779138559.3620825,2309,2.4009749977267347,5.074549997516442,14.3,1025.17578125,13,1416.2890625
1779138559.362083,2310,2.4009749977267347,5.074674998468254,14.3,1025.17578125,13,1416.2890625
1779138559.3620837,2311,2.4009749977267347,5.074799999420065,14.3,1025.17578125,13,1416.2890625
1779138559.3882635,2312,2.249925004434772,4.979400000593159,0.0,1025.17578125,13,1416.2890625
1779138559.388266,2313,2.249925004434772,4.979800003638957,0.0,1025.17578125,13,1416.2890625
1779138559.3882666,2314,2.249925004434772,4.979925004590768,0.0,1025.17578125,13,1416.2890625
1779138559.388267,2315,2.249925004434772,4.980075005732942,0.0,1025.17578125,13,1416.2890625
1779138559.4181814,2316,3.3125249974546023,5.975000000034925,0.0,1025.17578125,13,1416.2890625
1779138559.418184,2317,3.3125249974546023,5.975424995995127,0.0,1025.17578125,13,1416.2890625
1779138559.4181848,2318,3.3125249974546023,5.975599997327663,0.0,1025.17578125,13,1416.2890625
1779138559.4181852,2319,3.3125249974546023,5.975724998279475,0.0,1025.17578125,13,1416.2890625
1779138559.4438922,2320,2.024225002969615,4.808575002243742,27.8,1025.1796875,13,1416.2890625
1779138559.4438949,2321,2.024225002969615,4.80897500528954,27.8,1025.1796875,13,1416.2890625
1779138559.4438956,2322,2.024225002969615,4.809150006622076,27.8,1025.1796875,13,1416.2890625
1779138559.443896,2323,2.024225002969615,4.809325000678655,27.8,1025.1796875,13,1416.2890625
1779138559.4679987,2324,1.7689249943941832,4.504824995819945,0.0,1025.1796875,13,1416.2890625
1779138559.4680011,2325,1.7689249943941832,4.505224998865742,0.0,1025.1796875,13,1416.2890625
1779138559.4680018,2326,1.7689249943941832,4.505375000007916,0.0,1025.1796875,13,1416.2890625
1779138559.468006,2327,1.7689249943941832,4.506399993260857,0.0,1025.1796875,13,1416.2890625
1779138559.4931264,2328,2.1007000032113865,4.75337500392925,5.6,1025.1875,13,1416.2890625
1779138559.4931293,2329,2.1007000032113865,4.75377499969909,5.6,1025.1875,13,1416.2890625
1779138559.4931297,2330,2.1007000032113865,4.753925000841264,5.6,1025.1875,13,1416.2890625
1779138559.4931302,2331,2.1007000032113865,4.754050001793075,5.6,1025.1875,13,1416.2890625
1779138559.5184283,2332,1.9597749997046776,4.717149997304659,85.7,1025.1875,13,1416.2890625
1779138559.5184307,2333,1.9597749997046776,4.717550000350457,85.7,1025.1875,13,1416.2890625
1779138559.5184314,2334,1.9597749997046776,4.717700001492631,85.7,1025.1875,13,1416.2890625
1779138559.518432,2335,1.9597749997046776,4.717849995358847,85.7,1025.1875,13,1416.2890625
1779138559.5445693,2336,2.0000500007881783,4.66667499858886,0.0,1025.1875,13,1416.2890625
1779138559.5445714,2337,2.0000500007881783,4.667049994168337,0.0,1025.1875,13,1416.2890625
1779138559.544572,2338,2.0000500007881783,4.667199995310511,0.0,1025.1875,13,1416.2890625
1779138559.5445726,2339,2.0000500007881783,4.667299996071961,0.0,1025.1875,13,1416.2890625
1779138559.5719347,2340,2.224424999440089,4.867974996159319,0.0,1025.1875,13,1416.2890625
1779138559.5719373,2341,2.224424999440089,4.868374999205116,0.0,1025.1875,13,1416.2890625
1779138559.5719378,2342,2.224424999440089,4.86852500034729,0.0,1025.1875,13,1416.2890625
1779138559.5719383,2343,2.224424999440089,4.868649994023144,0.0,1025.1875,13,1416.2890625
1779138559.5974653,2344,1.9708499967237003,4.754324996611103,15.8,1025.19140625,13,1416.2890625
1779138559.597468,2345,1.9708499967237003,4.754724999656901,15.8,1025.19140625,13,1416.2890625
1779138559.5974708,2346,1.9708499967237003,4.755399997520726,15.8,1025.19140625,13,1416.2890625
1779138559.5974712,2347,1.9708499967237003,4.7555499986629,15.8,1025.19140625,13,1416.2890625
1779138559.6244671,2348,2.0647249984904192,4.740149997815024,20.0,1025.1953125,13,1416.2890625
1779138559.6244695,2349,2.0647249984904192,4.7405500008608215,20.0,1025.1953125,13,1416.2890625
1779138559.6244702,2350,2.0647249984904192,4.7407249949174,20.0,1025.1953125,13,1416.2890625
1779138559.6244707,2351,2.0647249984904192,4.740849995869212,20.0,1025.1953125,13,1416.2890625
1779138559.6504586,2352,2.266399998916313,4.869500000495464,0.0,1025.1953125,13,1416.2890625
1779138559.6504614,2353,2.266399998916313,4.869949996646028,0.0,1025.1953125,13,1416.2890625
1779138559.6504622,2354,2.266399998916313,4.870124997978564,0.0,1025.1953125,13,1416.2890625
1779138559.6504626,2355,2.266399998916313,4.870224998740014,0.0,1025.1953125,13,1416.2890625
1779138559.6752648,2356,1.8954999977722764,4.589550000673626,16.7,1025.1953125,13,1416.2890625
1779138559.6752672,2357,1.8954999977722764,4.590024997014552,16.7,1025.1953125,13,1416.2890625
1779138559.6752682,2358,1.8954999977722764,4.590174998156726,16.7,1025.1953125,13,1416.2890625
1779138559.6752687,2359,1.8954999977722764,4.590299999108538,16.7,1025.1953125,13,1416.2890625
1779138559.7007625,2360,2.2188750008353963,4.882400004134979,0.0,1025.1953125,13,1416.2890625
1779138559.7007651,2361,2.2188750008353963,4.882799999904819,0.0,1025.1953125,13,1416.2890625
1779138559.7007656,2362,2.2188750008353963,4.882950001046993,0.0,1025.1953125,13,1416.2890625
1779138559.7007663,2363,2.2188750008353963,4.8830750019988045,0.0,1025.1953125,13,1416.2890625
1779138559.7273157,2364,2.16237499989802,4.82565000129398,9.1,1025.1953125,13,1416.2890625
1779138559.727318,2365,2.16237499989802,4.826049997063819,9.1,1025.1953125,13,1416.2890625
1779138559.7273226,2366,2.16237499989802,4.827199998544529,9.1,1025.1953125,13,1416.2890625
1779138559.7273233,2367,2.16237499989802,4.827349999686703,9.1,1025.1953125,13,1416.2890625
1779138559.7526145,2368,2.0036749992868863,4.705825005657971,7.1,1025.19921875,13,1416.2890625
1779138559.7526171,2369,2.0036749992868863,4.706275001808535,7.1,1025.19921875,13,1416.2890625
1779138559.7526178,2370,2.0036749992868863,4.706425002950709,7.1,1025.19921875,13,1416.2890625
1779138559.752618,2371,2.0036749992868863,4.706525003712159,7.1,1025.19921875,13,1416.2890625
1779138559.7784655,2372,1.9631000031949952,4.770275001646951,0.0,1025.203125,13,1416.2890625
1779138559.7784681,2373,1.9631000031949952,4.7707000048831105,0.0,1025.203125,13,1416.2890625
1779138559.7784686,2374,1.9631000031949952,4.770849998749327,0.0,1025.203125,13,1416.2890625
1779138559.778469,2375,1.9631000031949952,4.770949999510776,0.0,1025.203125,13,1416.2890625
1779138559.803871,2376,2.0769499969901517,4.763874996569939,16.7,1025.203125,13,1416.2890625
1779138559.8038738,2377,2.0769499969901517,4.764324999996461,16.7,1025.203125,13,1416.2890625
1779138559.8038743,2378,2.0769499969901517,4.764475001138635,16.7,1025.203125,13,1416.2890625
1779138559.8038747,2379,2.0769499969901517,4.764624995004851,16.7,1025.203125,13,1416.2890625
1779138559.8298042,2380,2.1677750046364963,4.815925000002608,8.3,1025.203125,13,1416.2890625
1779138559.829807,2381,2.1677750046364963,4.816350003238767,8.3,1025.203125,13,1416.2890625
1779138559.8298075,2382,2.1677750046364963,4.816525004571304,8.3,1025.203125,13,1416.2890625
1779138559.8298082,2383,2.1677750046364963,4.816649998247158,8.3,1025.203125,13,1416.2890625
1779138559.8588872,2384,2.9999250036780722,5.717125000956003,15.4,1025.20703125,13,1416.2890625
1779138559.8588896,2385,2.9999250036780722,5.7175250040018,15.4,1025.20703125,13,1416.2890625
1779138559.8588903,2386,2.9999250036780722,5.717700005334336,15.4,1025.20703125,13,1416.2890625
1779138559.858891,2387,2.9999250036780722,5.717849999200553,15.4,1025.20703125,13,1416.2890625
1779138559.8841503,2388,1.7979750045924447,4.469850005989429,10.0,1025.2109375,13,1416.2890625
1779138559.884153,2389,1.7979750045924447,4.470325002330355,10.0,1025.2109375,13,1416.2890625
1779138559.8841536,2390,1.7979750045924447,4.470475003472529,10.0,1025.2109375,13,1416.2890625
1779138559.884154,2391,1.7979750045924447,4.470625004614703,10.0,1025.2109375,13,1416.2890625
1779138559.9100063,2392,2.299075000337325,5.00705000013113,7.1,1025.2109375,13,1416.2890625
1779138559.910009,2393,2.299075000337325,5.007499996281695,7.1,1025.2109375,13,1416.2890625
1779138559.9100096,2394,2.299075000337325,5.007649997423869,7.1,1025.2109375,13,1416.2890625
1779138559.91001,2395,2.299075000337325,5.00777499837568,7.1,1025.2109375,13,1416.2890625
1779138559.9378195,2396,2.6198499981546775,5.315900001733098,10.0,1025.2109375,13,1416.2890625
1779138559.9378219,2397,2.6198499981546775,5.316325004969258,10.0,1025.2109375,13,1416.2890625
1779138559.9378228,2398,2.6198499981546775,5.316449998645112,10.0,1025.2109375,13,1416.2890625
1779138559.9378233,2399,2.6198499981546775,5.316599999787286,10.0,1025.2109375,13,1416.2890625
1779138559.9641912,2400,2.333650001673959,4.994274997443426,0.0,1025.21484375,13,1416.2890625
1779138559.964194,2401,2.333650001673959,4.994700000679586,0.0,1025.21484375,13,1416.2890625
1779138559.9641948,2402,2.333650001673959,4.994900002202485,0.0,1025.21484375,13,1416.2890625
1779138559.9641953,2403,2.333650001673959,4.9949999956879765,0.0,1025.21484375,13,1416.2890625
1779138559.9906719,2404,2.2744500020053238,4.929025002638809,5.6,1025.21484375,13,1416.2890625
1779138559.9906816,2405,2.2744500020053238,4.931175004458055,5.6,1025.21484375,13,1416.2890625
1779138559.9906824,2406,2.2744500020053238,4.931350005790591,5.6,1025.21484375,13,1416.2890625
1779138559.9906828,2407,2.2744500020053238,4.931474999466445,5.6,1025.21484375,13,1416.2890625
1779138560.0167809,2408,2.218925001216121,4.9515999999130145,33.3,1025.21875,13,1416.2890625
1779138560.0167835,2409,2.218925001216121,4.952025003149174,33.3,1025.21875,13,1416.2890625
1779138560.016784,2410,2.218925001216121,4.952175004291348,33.3,1025.21875,13,1416.2890625
1779138560.0167847,2411,2.218925001216121,4.952299997967202,33.3,1025.21875,13,1416.2890625
1779138560.0430708,2412,2.3260500020114705,4.957299999659881,0.0,1025.21875,13,1416.2890625
1779138560.043073,2413,2.3260500020114705,4.957700002705678,0.0,1025.21875,13,1416.2890625
1779138560.0430737,2414,2.3260500020114705,4.957849996571895,0.0,1025.21875,13,1416.2890625
1779138560.0430744,2415,2.3260500020114705,4.957999997714069,0.0,1025.21875,13,1416.2890625
1779138560.0704892,2416,2.6116750013898127,5.286049999995157,2.5,1025.21875,13,1416.2890625
1779138560.0704916,2417,2.6116750013898127,5.286475003231317,2.5,1025.21875,13,1416.2890625
1779138560.0704925,2418,2.6116750013898127,5.2866750047542155,2.5,1025.21875,13,1416.2890625
1779138560.0704932,2419,2.6116750013898127,5.2868250058963895,2.5,1025.21875,13,1416.2890625
1779138560.0967195,2420,2.083874998788815,4.801050003152341,0.0,1025.21875,13,1416.2890625
1779138560.0967286,2421,2.083874998788815,4.802124996786006,0.0,1025.21875,13,1416.2890625
1779138560.0967293,2422,2.083874998788815,4.802299998118542,0.0,1025.21875,13,1416.2890625
1779138560.09673,2423,2.083874998788815,4.802524999831803,0.0,1025.21875,13,1416.2890625
1779138560.121869,2424,2.0629249993362464,4.7264000022551045,0.0,1025.23046875,13,1416.2890625
1779138560.1218717,2425,2.0629249993362464,4.7268249982153066,0.0,1025.23046875,13,1416.2890625
1779138560.1218722,2426,2.0629249993362464,4.7269749993574806,0.0,1025.23046875,13,1416.2890625
1779138560.1218727,2427,2.0629249993362464,4.727100000309292,0.0,1025.23046875,13,1416.2890625
1779138560.14694,2428,2.0829749992117286,4.739949996292125,18.2,1025.23046875,13,1416.2890625
1779138560.1469426,2429,2.0829749992117286,4.740374999528285,18.2,1025.23046875,13,1416.2890625
1779138560.1469433,2430,2.0829749992117286,4.7405500008608215,18.2,1025.23046875,13,1416.2890625
1779138560.1469438,2431,2.0829749992117286,4.740675001812633,18.2,1025.23046875,13,1416.2890625
1779138560.17254,2432,2.0489250018727034,4.691500005719718,20.0,1025.23046875,13,1416.2890625
1779138560.1725426,2433,2.0489250018727034,4.691900001489557,20.0,1025.23046875,13,1416.2890625
1779138560.172543,2434,2.0489250018727034,4.692050002631731,20.0,1025.23046875,13,1416.2890625
1779138560.1725435,2435,2.0489250018727034,4.692175003583543,20.0,1025.23046875,13,1416.2890625
1779138560.1981852,2436,2.0585000020219013,4.722124998806976,0.0,1023.94921875,13,1416.2890625
1779138560.1981878,2437,2.0585000020219013,4.722525001852773,0.0,1023.94921875,13,1416.2890625
1779138560.1981883,2438,2.0585000020219013,4.7226749957189895,0.0,1023.94921875,13,1416.2890625
1779138560.1981888,2439,2.0585000020219013,4.7228249968611635,0.0,1023.94921875,13,1416.2890625
1779138560.2238612,2440,2.1456749964272603,4.782099997100886,20.0,1023.296875,13,1416.2890625
1779138560.2238638,2441,2.1456749964272603,4.782525000337046,20.0,1023.296875,13,1416.2890625
1779138560.2238646,2442,2.1456749964272603,4.78267500147922,20.0,1023.296875,13,1416.2890625
1779138560.223865,2443,2.1456749964272603,4.782825002621394,20.0,1023.296875,13,1416.2890625
1779138560.2485085,2444,1.9051749986829236,4.627474998414982,0.0,1023.30078125,13,1416.2890625
1779138560.248511,2445,1.9051749986829236,4.627874994184822,0.0,1023.30078125,13,1416.2890625
1779138560.2485118,2446,1.9051749986829236,4.628024995326996,0.0,1023.30078125,13,1416.2890625
1779138560.2485125,2447,1.9051749986829236,4.6281499962788075,0.0,1023.30078125,13,1416.2890625
1779138560.2818859,2448,1.837399999203626,4.7663250006735325,41.7,1025.94140625,13,1416.2890625
1779138560.2818887,2449,1.837399999203626,4.766800004290417,41.7,1025.94140625,13,1416.2890625
1779138560.2818894,2450,1.837399999203626,4.766999998537358,41.7,1025.94140625,13,1416.2890625
1779138560.2818904,2451,1.837399999203626,4.767174999869894,41.7,1025.94140625,13,1416.2890625
1779138560.3107858,2452,2.7426999949966557,5.50262499746168,0.0,1024.3828125,13,1416.2890625
1779138560.310788,2453,2.7426999949966557,5.50305000069784,0.0,1024.3828125,13,1416.2890625
1779138560.3107886,2454,2.7426999949966557,5.503225002030376,0.0,1024.3828125,13,1416.2890625
1779138560.310789,2455,2.7426999949966557,5.50334999570623,0.0,1024.3828125,13,1416.2890625
1779138560.3358796,2456,1.9548749987734482,4.592425000737421,28.6,1024.34765625,13,1416.2890625
1779138560.3358824,2457,1.9548749987734482,4.592874996887986,28.6,1024.34765625,13,1416.2890625
1779138560.3358834,2458,1.9548749987734482,4.59302499803016,28.6,1024.34765625,13,1416.2890625
1779138560.3358839,2459,1.9548749987734482,4.593174999172334,28.6,1024.34765625,13,1416.2890625
1779138560.3624995,2460,2.0751249976456165,4.862174995651003,11.1,1024.34765625,13,1416.2890625
1779138560.3625019,2461,2.0751249976456165,4.862624999077525,11.1,1024.34765625,13,1416.2890625
1779138560.3625026,2462,2.0751249976456165,4.862775000219699,11.1,1024.34765625,13,1416.2890625
1779138560.362508,2463,2.0751249976456165,4.8641749963280745,11.1,1024.34765625,13,1416.2890625
1779138560.3890963,2464,2.3445999977411702,4.970375004631933,0.0,1024.3515625,13,1416.2890625
1779138560.3890991,2465,2.3445999977411702,4.970800000592135,0.0,1024.3515625,13,1416.2890625
1779138560.3890996,2466,2.3445999977411702,4.970975001924671,0.0,1024.3515625,13,1416.2890625
1779138560.3891003,2467,2.3445999977411702,4.971125003066845,0.0,1024.3515625,13,1416.2890625
1779138560.414076,2468,1.7249000011361204,4.326200003561098,37.5,1024.47265625,13,1416.2890625
1779138560.4140787,2469,1.7249000011361204,4.3266000066068955,37.5,1024.47265625,13,1416.2890625
1779138560.4140794,2470,1.7249000011361204,4.3268000008538365,37.5,1024.47265625,13,1416.2890625
1779138560.41408,2471,1.7249000011361204,4.326925001805648,37.5,1024.47265625,13,1416.2890625
1779138560.4398189,2472,2.0695999992312863,4.835674997593742,15.4,1024.4765625,13,1416.2890625
1779138560.4398212,2473,2.0695999992312863,4.836074993363582,15.4,1024.4765625,13,1416.2890625
1779138560.4398217,2474,2.0695999992312863,4.836249994696118,15.4,1024.4765625,13,1416.2890625
1779138560.4398227,2475,2.0695999992312863,4.836399995838292,15.4,1024.4765625,13,1416.2890625
1779138560.4661825,2476,2.241274996777065,4.866749994107522,0.0,1024.4765625,13,1416.2890625
1779138560.4661849,2477,2.241274996777065,4.867199997534044,0.0,1024.4765625,13,1416.2890625
1779138560.4661858,2478,2.241274996777065,4.867324998485856,0.0,1024.4765625,13,1416.2890625
1779138560.4661863,2479,2.241274996777065,4.867499999818392,0.0,1024.4765625,13,1416.2890625
1779138560.4905999,2480,1.847999999881722,4.476674999750685,14.3,1024.48046875,13,1416.2890625
1779138560.4906023,2481,1.847999999881722,4.47705000260612,14.3,1024.48046875,13,1416.2890625
1779138560.490603,2482,1.847999999881722,4.477224996662699,14.3,1024.48046875,13,1416.2890625
1779138560.490608,2483,1.847999999881722,4.4784499987144955,14.3,1024.48046875,13,1416.2890625
1779138560.515587,2484,2.005974994972348,4.608799994457513,42.9,1024.484375,13,1416.2890625
1779138560.51559,2485,2.005974994972348,4.609249997884035,42.9,1024.484375,13,1416.2890625
1779138560.5155904,2486,2.005974994972348,4.609399999026209,42.9,1024.484375,13,1416.2890625
1779138560.515591,2487,2.005974994972348,4.609524999978021,42.9,1024.484375,13,1416.2890625
1779138560.5417576,2488,2.126125000359025,4.817624998395331,0.0,1024.484375,13,1416.2890625
1779138560.54176,2489,2.126125000359025,4.818075001821853,0.0,1024.484375,13,1416.2890625
1779138560.541761,2490,2.126125000359025,4.818225002964027,0.0,1024.484375,13,1416.2890625
1779138560.5417614,2491,2.126125000359025,4.818350003915839,0.0,1024.484375,13,1416.2890625
1779138560.5659192,2492,1.7095250004786067,4.376775003038347,0.0,1024.484375,13,1416.2890625
1779138560.5659218,2493,1.7095250004786067,4.377175006084144,0.0,1024.484375,13,1416.2890625
1779138560.5659223,2494,1.7095250004786067,4.3773249999503605,0.0,1024.484375,13,1416.2890625
1779138560.5659227,2495,1.7095250004786067,4.377450000902172,0.0,1024.484375,13,1416.2890625
1779138560.5963683,2496,3.338300004543271,5.920424999203533,7.7,1024.484375,13,1416.2890625
1779138560.596371,2497,3.338300004543271,5.92082500224933,7.7,1024.484375,13,1416.2890625
1779138560.5963717,2498,3.338300004543271,5.920975003391504,7.7,1024.484375,13,1416.2890625
1779138560.5963721,2499,3.338300004543271,5.921125004533678,7.7,1024.484375,13,1416.2890625
1779138560.6225913,2500,1.9233749990235083,4.550550002022646,0.0,1024.5546875,13,1416.2890625
1779138560.6225939,2501,1.9233749990235083,4.550949997792486,0.0,1024.5546875,13,1416.2890625
1779138560.6225982,2502,1.9233749990235083,4.552049998892471,0.0,1024.5546875,13,1416.2890625
1779138560.6225986,2503,1.9233749990235083,4.552174999844283,0.0,1024.5546875,13,1416.2890625
1779138560.6492732,2504,2.3845750038162805,5.075150002085138,0.0,1024.75,13,1416.2890625
1779138560.649276,2505,2.3845750038162805,5.07557499804534,0.0,1024.75,13,1416.2890625
1779138560.6492767,2506,2.3845750038162805,5.075699998997152,0.0,1024.75,13,1416.2890625
1779138560.6492772,2507,2.3845750038162805,5.0758249999489635,0.0,1024.75,13,1416.2890625
1779138560.6751719,2508,2.3776500020176172,4.960400001436938,37.5,1024.77734375,13,1416.2890625
1779138560.6751745,2509,2.3776500020176172,4.960775004292373,37.5,1024.77734375,13,1416.2890625
1779138560.675175,2510,2.3776500020176172,4.960924998158589,37.5,1024.77734375,13,1416.2890625
1779138560.6751754,2511,2.3776500020176172,4.961049999110401,37.5,1024.77734375,13,1416.2890625
1779138560.6993513,2512,1.8034750028164126,4.411350004374981,0.0,1024.84765625,13,1416.2890625
1779138560.6993542,2513,1.8034750028164126,4.41185000090627,0.0,1024.84765625,13,1416.2890625
1779138560.699355,2514,1.8034750028164126,4.412025002238806,0.0,1024.84765625,13,1416.2890625
1779138560.6993554,2515,1.8034750028164126,4.412150003190618,0.0,1024.84765625,13,1416.2890625
1779138560.724261,2516,1.7173500018543564,4.4716500051436014,20.0,1024.91796875,13,1416.2890625
1779138560.7242634,2517,1.7173500018543564,4.472050000913441,20.0,1024.91796875,13,1416.2890625
1779138560.7242641,2518,1.7173500018543564,4.4722250022459775,20.0,1024.91796875,13,1416.2890625
1779138560.7242646,2519,1.7173500018543564,4.472325003007427,20.0,1024.91796875,13,1416.2890625
1779138560.751318,2520,2.352499999688007,5.0241999997524545,0.0,1025.05859375,13,1416.2890625
1779138560.7513204,2521,2.352499999688007,5.024574995331932,0.0,1025.05859375,13,1416.2890625
1779138560.7513251,2522,2.352499999688007,5.025749997003004,0.0,1025.05859375,13,1416.2890625
1779138560.7513256,2523,2.352499999688007,5.025899998145178,0.0,1025.05859375,13,1416.2890625
1779138560.7775774,2524,2.384175000770483,5.102874994918238,0.0,1025.0625,13,1416.2890625
1779138560.77758,2525,2.384175000770483,5.103299998154398,0.0,1025.0625,13,1416.2890625
1779138560.7775807,2526,2.384175000770483,5.103474999486934,0.0,1025.0625,13,1416.2890625
1779138560.7775812,2527,2.384175000770483,5.103650000819471,0.0,1025.0625,13,1416.2890625
1779138560.8031561,2528,2.0633750027627684,4.675374999351334,20.0,1025.07421875,13,1416.2890625
1779138560.8031585,2529,2.0633750027627684,4.675750002206769,20.0,1025.07421875,13,1416.2890625
1779138560.8031592,2530,2.0633750027627684,4.675900003348943,20.0,1025.07421875,13,1416.2890625
1779138560.8031597,2531,2.0633750027627684,4.676050004491117,20.0,1025.07421875,13,1416.2890625
1779138560.8312442,2532,2.156624999770429,4.823099996428937,7.7,1025.078125,13,1416.2890625
1779138560.8312469,2533,2.156624999770429,4.823549999855459,7.7,1025.078125,13,1416.2890625
1779138560.8312476,2534,2.156624999770429,4.823700000997633,7.7,1025.078125,13,1416.2890625
1779138560.8312478,2535,2.156624999770429,4.823825001949444,7.7,1025.078125,13,1416.2890625
1779138560.856924,2536,2.006249997066334,4.618974999175407,0.0,1025.08203125,13,1416.2890625
1779138560.8569267,2537,2.006249997066334,4.619424995325971,0.0,1025.08203125,13,1416.2890625
1779138560.8569272,2538,2.006249997066334,4.619574996468145,0.0,1025.08203125,13,1416.2890625
1779138560.856928,2539,2.006249997066334,4.619724997610319,0.0,1025.08203125,13,1416.2890625
1779138560.88312,2540,2.2437250008806586,4.887875002168585,8.3,1025.15625,13,1416.2890625
1779138560.8831263,2541,2.2437250008806586,4.889225005172193,8.3,1025.15625,13,1416.2890625
1779138560.883127,2542,2.2437250008806586,4.889374999038409,8.3,1025.15625,13,1416.2890625
1779138560.8831277,2543,2.2437250008806586,4.889575000561308,8.3,1025.15625,13,1416.2890625
1779138560.9115133,2544,2.4286749976454303,5.131799996888731,10.0,1025.1640625,13,1416.2890625
1779138560.911516,2545,2.4286749976454303,5.132174999744166,10.0,1025.1640625,13,1416.2890625
1779138560.9115164,2546,2.4286749976454303,5.132350001076702,10.0,1025.1640625,13,1416.2890625
1779138560.911517,2547,2.4286749976454303,5.132475002028514,10.0,1025.1640625,13,1416.2890625
1779138560.936494,2548,1.9157749993610196,4.566075003822334,8.3,1025.1640625,13,1416.2890625
1779138560.9364965,2549,1.9157749993610196,4.5665249999728985,8.3,1025.1640625,13,1416.2890625
1779138560.9364974,2550,1.9157749993610196,4.566725001495797,8.3,1025.1640625,13,1416.2890625
1779138560.936498,2551,1.9157749993610196,4.566850002447609,8.3,1025.1640625,13,1416.2890625
1779138560.963803,2552,2.106100000673905,4.873775003943592,0.0,1025.1640625,13,1416.2890625
1779138560.9638054,2553,2.106100000673905,4.874174999713432,0.0,1025.1640625,13,1416.2890625
1779138560.9638062,2554,2.106100000673905,4.874325000855606,0.0,1025.1640625,13,1416.2890625
1779138560.9638066,2555,2.106100000673905,4.87447500199778,0.0,1025.1640625,13,1416.2890625
1779138560.9912302,2556,2.456775000609923,5.251075002888683,100.0,1025.16796875,13,1416.2890625
1779138560.9912329,2557,2.456775000609923,5.251500006124843,100.0,1025.16796875,13,1416.2890625
1779138560.9912336,2558,2.456775000609923,5.251675000181422,100.0,1025.16796875,13,1416.2890625
1779138560.991234,2559,2.456775000609923,5.251800001133233,100.0,1025.16796875,13,1416.2890625
1779138561.0182812,2560,2.384574996540323,5.065350000222679,8.3,1025.171875,13,1416.2890625
1779138561.0182884,2561,2.384574996540323,5.066849997092504,8.3,1025.171875,13,1416.2890625
1779138561.0182889,2562,2.384574996540323,5.06702499842504,8.3,1025.171875,13,1416.2890625
1779138561.0182893,2563,2.384574996540323,5.067149999376852,8.3,1025.171875,13,1416.2890625
1779138561.043611,2564,2.0199499995214865,4.66739999683341,0.0,1025.1796875,13,1416.2890625
1779138561.0436137,2565,2.0199499995214865,4.66782500006957,0.0,1025.1796875,13,1416.2890625
1779138561.0436144,2566,2.0199499995214865,4.668000001402106,0.0,1025.1796875,13,1416.2890625
1779138561.0436149,2567,2.0199499995214865,4.6681000021635555,0.0,1025.1796875,13,1416.2890625
1779138561.0685198,2568,1.854599999205675,4.651699993701186,0.0,1025.1796875,13,1416.2890625
1779138561.0685225,2569,1.854599999205675,4.652049996366259,0.0,1025.1796875,13,1416.2890625
1779138561.0685232,2570,1.854599999205675,4.652224997698795,0.0,1025.1796875,13,1416.2890625
1779138561.068524,2571,1.854599999205675,4.652324998460244,0.0,1025.1796875,13,1416.2890625
1779138561.0990279,2572,3.3578249931451865,6.0570999994524755,0.0,1025.1796875,13,1416.2890625
1779138561.0990307,2573,3.3578249931451865,6.05754999560304,0.0,1025.1796875,13,1416.2890625
1779138561.0990314,2574,3.3578249931451865,6.0576749965548515,0.0,1025.1796875,13,1416.2890625
1779138561.0990322,2575,3.3578249931451865,6.0578249976970255,0.0,1025.1796875,13,1416.2890625
1779138561.1254442,2576,2.3560249974252656,5.049324994615745,7.7,1025.18359375,13,1416.2890625
1779138561.1254463,2577,2.3560249974252656,5.04969999747118,7.7,1025.18359375,13,1416.2890625
1779138561.1254473,2578,2.3560249974252656,5.049849998613354,7.7,1025.18359375,13,1416.2890625
1779138561.1254478,2579,2.3560249974252656,5.0499749995651655,7.7,1025.18359375,13,1416.2890625
1779138561.1599889,2580,3.2648499982315116,6.09572499524802,40.0,1025.1875,13,1416.2890625
1779138561.1599917,2581,3.2648499982315116,6.096124998293817,40.0,1025.1875,13,1416.2890625
1779138561.1599927,2582,3.2648499982315116,6.096299999626353,40.0,1025.1875,13,1416.2890625
1779138561.159993,2583,3.2648499982315116,6.096400000387803,40.0,1025.1875,13,1416.2890625
1779138561.1863873,2584,1.9469749968266115,4.644799999368843,50.0,1025.1875,13,1416.2890625
1779138561.18639,2585,1.9469749968266115,4.645249995519407,50.0,1025.1875,13,1416.2890625
1779138561.1863909,2586,1.9469749968266115,4.645424996851943,50.0,1025.1875,13,1416.2890625
1779138561.1863914,2587,1.9469749968266115,4.645574997994117,50.0,1025.1875,13,1416.2890625
1779138561.2163649,2588,3.0363250043592416,5.78647500515217,0.0,1025.19140625,13,1416.2890625
1779138561.2163677,2589,3.0363250043592416,5.786875000922009,0.0,1025.19140625,13,1416.2890625
1779138561.2163682,2590,3.0363250043592416,5.787050002254546,0.0,1025.19140625,13,1416.2890625
1779138561.216369,2591,3.0363250043592416,5.787225003587082,0.0,1025.19140625,13,1416.2890625
1779138561.2427518,2592,2.0748500028275885,4.749375002575107,11.8,1025.19140625,13,1416.2890625
1779138561.2427542,2593,2.0748500028275885,4.749774998344947,11.8,1025.19140625,13,1416.2890625
1779138561.2427552,2594,2.0748500028275885,4.749924999487121,11.8,1025.19140625,13,1416.2890625
1779138561.2427557,2595,2.0748500028275885,4.750050000438932,11.8,1025.19140625,13,1416.2890625
1779138561.2704346,2596,2.5704250001581386,5.3051750001031905,28.6,1025.19140625,13,1416.2890625
1779138561.27044,2597,2.5704250001581386,5.306175000441726,28.6,1025.19140625,13,1416.2890625
1779138561.2704418,2598,2.5704250001581386,5.306525003106799,28.6,1025.19140625,13,1416.2890625
1779138561.270443,2599,2.5704250001581386,5.306799997924827,28.6,1025.19140625,13,1416.2890625
1779138561.2961445,2600,1.8676749969017692,4.682350001530722,14.3,1025.26953125,13,1416.2890625
1779138561.2961469,2601,1.8676749969017692,4.682774997490924,14.3,1025.26953125,13,1416.2890625
1779138561.2961478,2602,1.8676749969017692,4.68294999882346,14.3,1025.26953125,13,1416.2890625
1779138561.2961483,2603,1.8676749969017692,4.683099999965634,14.3,1025.26953125,13,1416.2890625
1779138561.322908,2604,2.0704249982372858,4.841800000576768,0.0,1025.2734375,13,1416.2890625
1779138561.3229103,2605,2.0704249982372858,4.8421749961562455,0.0,1025.2734375,13,1416.2890625
1779138561.322911,2606,2.0704249982372858,4.8423249972984195,0.0,1025.2734375,13,1416.2890625
1779138561.3229115,2607,2.0704249982372858,4.8424749984405935,0.0,1025.2734375,13,1416.2890625
1779138561.3484716,2608,2.125699997122865,4.812824998225551,20.0,1025.41796875,13,1416.2890625
1779138561.348474,2609,2.125699997122865,4.813275001652073,20.0,1025.41796875,13,1416.2890625
1779138561.348475,2610,2.125699997122865,4.813425002794247,20.0,1025.41796875,13,1416.2890625
1779138561.3484755,2611,2.125699997122865,4.813549996470101,20.0,1025.41796875,13,1416.2890625
1779138561.3737507,2612,1.7552499994053505,4.527324999799021,57.1,1025.421875,13,1416.2890625
1779138561.3737535,2613,1.7552499994053505,4.52775000303518,57.1,1025.421875,13,1416.2890625
1779138561.373754,2614,1.7552499994053505,4.527900004177354,57.1,1025.421875,13,1416.2890625
1779138561.3737547,2615,1.7552499994053505,4.528025005129166,57.1,1025.421875,13,1416.2890625
1779138561.3987937,2616,1.9613250042311847,4.626850000931881,33.3,1025.421875,13,1416.2890625
1779138561.398796,2617,1.9613250042311847,4.627200003596954,33.3,1025.421875,13,1416.2890625
1779138561.3987966,2618,1.9613250042311847,4.627350004739128,33.3,1025.421875,13,1416.2890625
1779138561.3988006,2619,1.9613250042311847,4.628350005077664,33.3,1025.421875,13,1416.2890625
1779138561.4244983,2620,2.2821749953436665,4.889899995760061,0.0,1025.42578125,13,1416.2890625
1779138561.4245012,2621,2.2821749953436665,4.890374999376945,0.0,1025.42578125,13,1416.2890625
1779138561.4245021,2622,2.2821749953436665,4.890574993623886,0.0,1025.42578125,13,1416.2890625
1779138561.4245026,2623,2.2821749953436665,4.890749994956423,0.0,1025.42578125,13,1416.2890625
1779138561.4503183,2624,2.1976999996695668,4.852600002777763,0.0,1025.43359375,13,1416.2890625
1779138561.450321,2625,2.1976999996695668,4.853049998928327,0.0,1025.43359375,13,1416.2890625
1779138561.4503217,2626,2.1976999996695668,4.853200000070501,0.0,1025.43359375,13,1416.2890625
1779138561.4503222,2627,2.1976999996695668,4.853350001212675,0.0,1025.43359375,13,1416.2890625
1779138561.4767592,2628,2.318024999112822,5.015900002035778,28.6,1025.43359375,13,1416.2890625
1779138561.4767618,2629,2.318024999112822,5.016325005271938,28.6,1025.43359375,13,1416.2890625
1779138561.4767625,2630,2.318024999112822,5.016499999328516,28.6,1025.43359375,13,1416.2890625
1779138561.4767632,2631,2.318024999112822,5.01665000047069,28.6,1025.43359375,13,1416.2890625
1779138561.502248,2632,2.0978750035283156,4.743224999401718,0.0,1025.43359375,13,1416.2890625
1779138561.5022507,2633,2.0978750035283156,4.74367500282824,0.0,1025.43359375,13,1416.2890625
1779138561.5022516,2634,2.0978750035283156,4.743850004160777,0.0,1025.43359375,13,1416.2890625
1779138561.502252,2635,2.0978750035283156,4.744000005302951,0.0,1025.43359375,13,1416.2890625
1779138561.5320659,2636,3.283974998339545,5.939750000834465,0.0,1025.43359375,13,1416.2890625
1779138561.532068,2637,3.283974998339545,5.9401250036899,0.0,1025.43359375,13,1416.2890625
1779138561.532069,2638,3.283974998339545,5.940275004832074,0.0,1025.43359375,13,1416.2890625
1779138561.532073,2639,3.283974998339545,5.941349998465739,0.0,1025.43359375,13,1416.2890625
1779138561.5581994,2640,2.328850001504179,4.972900002030656,0.0,1025.44140625,13,1416.2890625
1779138561.5582018,2641,2.328850001504179,4.97334999818122,0.0,1025.44140625,13,1416.2890625
1779138561.5582025,2642,2.328850001504179,4.9735249995137565,0.0,1025.44140625,13,1416.2890625
1779138561.5582032,2643,2.328850001504179,4.973650000465568,0.0,1025.44140625,13,1416.2890625
1779138561.5841985,2644,2.103800004988443,4.774824999913108,9.1,1025.44140625,13,1416.2890625
1779138561.584201,2645,2.103800004988443,4.775225002958905,9.1,1025.44140625,13,1416.2890625
1779138561.5842018,2646,2.103800004988443,4.775375004101079,9.1,1025.44140625,13,1416.2890625
1779138561.5842023,2647,2.103800004988443,4.775500005052891,9.1,1025.44140625,13,1416.2890625
1779138561.609546,2648,2.0252999966032803,4.642849999072496,0.0,1025.44140625,13,1416.2890625
1779138561.6095488,2649,2.0252999966032803,4.64329999522306,0.0,1025.44140625,13,1416.2890625
1779138561.6095495,2650,2.0252999966032803,4.643524996936321,0.0,1025.44140625,13,1416.2890625
1779138561.60955,2651,2.0252999966032803,4.643674998078495,0.0,1025.44140625,13,1416.2890625
1779138561.6362453,2652,2.1400500045274384,4.769924998981878,0.0,1025.44140625,13,1416.2890625
1779138561.6362479,2653,2.1400500045274384,4.7703250020276755,0.0,1025.44140625,13,1416.2890625
1779138561.6362486,2654,2.1400500045274384,4.770500003360212,0.0,1025.44140625,13,1416.2890625
1779138561.636249,2655,2.1400500045274384,4.770650004502386,0.0,1025.44140625,13,1416.2890625
1779138561.6634128,2656,2.450724998197984,5.116550004458986,30.0,1025.44140625,13,1416.2890625
1779138561.6634152,2657,2.450724998197984,5.116950000228826,30.0,1025.44140625,13,1416.2890625
1779138561.6634197,2658,2.450724998197984,5.118025001138449,30.0,1025.44140625,13,1416.2890625
1779138561.6634202,2659,2.450724998197984,5.11815000209026,30.0,1025.44140625,13,1416.2890625
1779138561.6912951,2660,2.320999999938067,4.928875001496635,33.3,1025.4453125,13,1416.2890625
1779138561.6912978,2661,2.320999999938067,4.929274997266475,33.3,1025.4453125,13,1416.2890625
1779138561.6912985,2662,2.320999999938067,4.929399998218287,33.3,1025.4453125,13,1416.2890625
1779138561.6912987,2663,2.320999999938067,4.9295249991700985,33.3,1025.4453125,13,1416.2890625
1779138561.7164152,2664,1.8399749969830737,4.531574995780829,0.0,1025.4453125,13,1416.2890625
1779138561.7164178,2665,1.8399749969830737,4.531999999016989,0.0,1025.4453125,13,1416.2890625
1779138561.7164185,2666,1.8399749969830737,4.532175000349525,0.0,1025.4453125,13,1416.2890625
1779138561.716419,2667,1.8399749969830737,4.532275001110975,0.0,1025.4453125,13,1416.2890625
1779138561.7419856,2668,2.151050000975374,4.80552500084741,18.2,1025.44921875,13,1416.2890625
1779138561.7419882,2669,2.151050000975374,4.805900003702845,18.2,1025.44921875,13,1416.2890625
1779138561.7419887,2670,2.151050000975374,4.806050004845019,18.2,1025.44921875,13,1416.2890625
1779138561.7419891,2671,2.151050000975374,4.806200005987193,18.2,1025.44921875,13,1416.2890625
1779138561.7695954,2672,2.3690500020165928,5.0577500005601905,16.7,1025.44921875,14,1416.2890625
1779138561.7695982,2673,2.3690500020165928,5.05814999633003,16.7,1025.44921875,14,1416.2890625
1779138561.7695987,2674,2.3690500020165928,5.058299997472204,16.7,1025.44921875,14,1416.2890625
1779138561.769599,2675,2.3690500020165928,5.058399998233654,16.7,1025.44921875,14,1416.2890625
1779138561.7958226,2676,1.99685000552563,4.698775002907496,14.3,1025.44921875,14,1416.2890625
1779138561.7958252,2677,1.99685000552563,4.699199998867698,14.3,1025.44921875,14,1416.2890625
1779138561.7958312,2678,1.99685000552563,4.7007000030134805,14.3,1025.44921875,14,1416.2890625
1779138561.795832,2679,1.99685000552563,4.700875004346017,14.3,1025.44921875,14,1416.2890625
1779138561.819675,2680,1.7943499988177791,4.417674994328991,50.0,1025.453125,14,1416.2890625
1779138561.819677,2681,1.7943499988177791,4.418049997184426,50.0,1025.453125,14,1416.2890625
1779138561.819678,2682,1.7943499988177791,4.4181999983266,50.0,1025.453125,14,1416.2890625
1779138561.8196785,2683,1.7943499988177791,4.418374999659136,50.0,1025.453125,14,1416.2890625
1779138561.8474865,2684,2.4218000035034493,5.133450002176687,22.2,1025.45703125,14,1416.2890625
1779138561.847489,2685,2.4218000035034493,5.133825005032122,22.2,1025.45703125,14,1416.2890625
1779138561.8474896,2686,2.4218000035034493,5.1339749988983385,22.2,1025.45703125,14,1416.2890625
1779138561.8474903,2687,2.4218000035034493,5.134150000230875,22.2,1025.45703125,14,1416.2890625
1779138561.8721175,2688,1.785125001333654,4.545950003375765,0.0,1025.45703125,14,1416.2890625
1779138561.87212,2689,1.785125001333654,4.546324998955242,0.0,1025.45703125,14,1416.2890625
1779138561.8721206,2690,1.785125001333654,4.546525000478141,0.0,1025.45703125,14,1416.2890625
1779138561.8721209,2691,1.785125001333654,4.54662500123959,0.0,1025.45703125,14,1416.2890625
1779138561.896905,2692,1.8811499976436608,4.61117499799002,30.0,1025.45703125,14,1416.2890625
1779138561.8969076,2693,1.8811499976436608,4.611550000845455,30.0,1025.45703125,14,1416.2890625
1779138561.8969083,2694,1.8811499976436608,4.611725002177991,30.0,1025.45703125,14,1416.2890625
1779138561.8969088,2695,1.8811499976436608,4.61182500293944,30.0,1025.45703125,14,1416.2890625
1779138561.926185,2696,2.9140500046196394,5.652525003824849,40.0,1025.4609375,14,1416.2890625
1779138561.926192,2697,2.9140500046196394,5.6540250006946735,40.0,1025.4609375,14,1416.2890625
1779138561.926193,2698,2.9140500046196394,5.65420000202721,40.0,1025.4609375,14,1416.2890625
1779138561.9261935,2699,2.9140500046196394,5.654350003169384,40.0,1025.4609375,14,1416.2890625
1779138561.9522786,2700,2.2211500036064535,4.887750001216773,16.7,1025.46484375,14,1416.2890625
1779138561.9522808,2701,2.2211500036064535,4.88815000426257,16.7,1025.46484375,14,1416.2890625
1779138561.9522817,2702,2.2211500036064535,4.888299998128787,16.7,1025.46484375,14,1416.2890625
1779138561.9522822,2703,2.2211500036064535,4.888399998890236,16.7,1025.46484375,14,1416.2890625
1779138561.9785829,2704,2.3288250013138168,5.039575000409968,0.0,1025.46484375,14,1416.2890625
1779138561.978585,2705,2.3288250013138168,5.0399750034557655,0.0,1025.46484375,14,1416.2890625
1779138561.9785855,2706,2.3288250013138168,5.040124997321982,0.0,1025.46484375,14,1416.2890625
1779138561.9785862,2707,2.3288250013138168,5.040224998083431,0.0,1025.46484375,14,1416.2890625
1779138562.0042186,2708,2.0124750008108094,4.7011249989736825,53.8,1025.46484375,14,1416.2890625
1779138562.004221,2709,2.0124750008108094,4.701474994362798,53.8,1025.46484375,14,1416.2890625
1779138562.0042217,2710,2.0124750008108094,4.701624995504972,53.8,1025.46484375,14,1416.2890625
1779138562.0042222,2711,2.0124750008108094,4.701774996647146,53.8,1025.46484375,14,1416.2890625
1779138562.0300584,2712,1.8198000034317374,4.6236999987741,42.9,1025.46484375,14,1416.2890625
1779138562.0300612,2713,1.8198000034317374,4.62412500201026,42.9,1025.46484375,14,1416.2890625
1779138562.0300622,2714,1.8198000034317374,4.624300003342796,42.9,1025.46484375,14,1416.2890625
1779138562.0300627,2715,1.8198000034317374,4.62442499701865,42.9,1025.46484375,14,1416.2890625
1779138562.0551198,2716,2.1302249951986596,4.786649995367043,0.0,1025.46484375,14,1416.2890625
1779138562.0551264,2717,2.1302249951986596,4.7880999991321005,0.0,1025.46484375,14,1416.2890625
1779138562.0551274,2718,2.1302249951986596,4.7882500002742745,0.0,1025.46484375,14,1416.2890625
1779138562.0551279,2719,2.1302249951986596,4.788375001226086,0.0,1025.46484375,14,1416.2890625
1779138562.0809572,2720,2.3100750040612184,4.945425003825221,0.0,1025.47265625,14,1416.2890625
1779138562.0809598,2721,2.3100750040612184,4.945849999785423,0.0,1025.47265625,14,1416.2890625
1779138562.0809605,2722,2.3100750040612184,4.945975000737235,0.0,1025.47265625,14,1416.2890625
1779138562.0809608,2723,2.3100750040612184,4.946100001689047,0.0,1025.47265625,14,1416.2890625
1779138562.1084373,2724,2.2107999975560233,4.904800000076648,18.2,1025.47265625,14,1416.2890625
1779138562.1084394,2725,2.2107999975560233,4.905175002932083,18.2,1025.47265625,14,1416.2890625
1779138562.1084404,2726,2.2107999975560233,4.905324996798299,18.2,1025.47265625,14,1416.2890625
1779138562.1084406,2727,2.2107999975560233,4.905424997559749,18.2,1025.47265625,14,1416.2890625
1779138562.135424,2728,2.267875002871733,4.98304999928223,0.0,1025.47265625,14,1416.2890625
1779138562.1354263,2729,2.267875002871733,4.983475002518389,0.0,1025.47265625,14,1416.2890625
1779138562.135427,2730,2.267875002871733,4.983600003470201,0.0,1025.47265625,14,1416.2890625
1779138562.1354275,2731,2.267875002871733,4.983725004422013,0.0,1025.47265625,14,1416.2890625
1779138562.1605115,2732,1.8580249961814843,4.66815000254428,5.6,1025.47265625,14,1416.2890625
1779138562.160514,2733,1.8580249961814843,4.66854999831412,5.6,1025.47265625,14,1416.2890625
1779138562.1605148,2734,1.8580249961814843,4.668699999456294,5.6,1025.47265625,14,1416.2890625
1779138562.1605153,2735,1.8580249961814843,4.668850000598468,5.6,1025.47265625,14,1416.2890625
1779138562.1855369,2736,2.0551250054268166,4.744575002405327,0.0,1025.4765625,14,1416.2890625
1779138562.1855392,2737,2.0551250054268166,4.7450000056414865,0.0,1025.4765625,14,1416.2890625
1779138562.1855402,2738,2.0551250054268166,4.7451500067836605,0.0,1025.4765625,14,1416.2890625
1779138562.1855407,2739,2.0551250054268166,4.745275000459515,0.0,1025.4765625,14,1416.2890625
1779138562.2129395,2740,2.3231249942909926,4.994499999156687,0.0,1025.4765625,14,1416.2890625
1779138562.2129421,2741,2.3231249942909926,4.994899994926527,0.0,1025.4765625,14,1416.2890625
1779138562.2129426,2742,2.3231249942909926,4.995024995878339,0.0,1025.4765625,14,1416.2890625
1779138562.212943,2743,2.3231249942909926,4.9951499968301505,0.0,1025.4765625,14,1416.2890625
1779138562.2370915,2744,1.823024998884648,4.509450001933146,12.5,1025.48046875,14,1416.2890625
1779138562.237094,2745,1.823024998884648,4.509849997702986,12.5,1025.48046875,14,1416.2890625
1779138562.2370944,2746,1.823024998884648,4.50999999884516,12.5,1025.48046875,14,1416.2890625
1779138562.2370949,2747,1.823024998884648,4.510175000177696,12.5,1025.48046875,14,1416.2890625
1779138562.2627187,2748,2.193274995079264,4.836724998313002,0.0,1025.484375,15,1416.2890625
1779138562.2627213,2749,2.193274995079264,4.83709999389248,0.0,1025.484375,15,1416.2890625
1779138562.2627218,2750,2.193274995079264,4.837224994844291,0.0,1025.484375,15,1416.2890625
1779138562.2627223,2751,2.193274995079264,4.837374995986465,0.0,1025.484375,15,1416.2890625
1779138562.2920663,2752,2.9867249977542087,5.745025002397597,0.0,1025.484375,15,1416.2890625
1779138562.2920687,2753,2.9867249977542087,5.745424998167437,0.0,1025.484375,15,1416.2890625
1779138562.2920692,2754,2.9867249977542087,5.745549999119248,0.0,1025.484375,15,1416.2890625
1779138562.29207,2755,2.9867249977542087,5.74567500007106,0.0,1025.484375,15,1416.2890625
1779138562.3183565,2756,2.2797999990871176,4.9406249963794835,42.9,1025.48828125,15,1416.2890625
1779138562.3183594,2757,2.2797999990871176,4.9410749998060055,42.9,1025.48828125,15,1416.2890625
1779138562.3183599,2758,2.2797999990871176,4.941200000757817,42.9,1025.48828125,15,1416.2890625
1779138562.3183603,2759,2.2797999990871176,4.941325001709629,42.9,1025.48828125,15,1416.2890625
1779138562.3418772,2760,1.6461499981232919,4.286925002816133,0.0,1025.48828125,15,1416.2890625
1779138562.3418794,2761,1.6461499981232919,4.287299998395611,0.0,1025.48828125,15,1416.2890625
1779138562.34188,2762,1.6461499981232919,4.287449999537785,0.0,1025.48828125,15,1416.2890625
1779138562.3418806,2763,1.6461499981232919,4.287575000489596,0.0,1025.48828125,15,1416.2890625
1779138562.3675148,2764,2.119224998750724,4.800950002390891,30.0,1025.48828125,15,1416.2890625
1779138562.3675175,2765,2.119224998750724,4.801374998351093,30.0,1025.48828125,15,1416.2890625
1779138562.367518,2766,2.119224998750724,4.801499999302905,30.0,1025.48828125,15,1416.2890625
1779138562.3675184,2767,2.119224998750724,4.801625000254717,30.0,1025.48828125,15,1416.2890625
1779138562.3940928,2768,2.286999995703809,4.8967749971779995,37.5,1025.48828125,15,1416.2890625
1779138562.3940952,2769,2.286999995703809,4.8971500000334345,37.5,1025.48828125,15,1416.2890625
1779138562.394096,2770,2.286999995703809,4.8973000011756085,37.5,1025.48828125,15,1416.2890625
1779138562.3940964,2771,2.286999995703809,4.8974500023177825,37.5,1025.48828125,15,1416.2890625
1779138562.4202094,2772,2.0774750009877607,4.7986999998101965,0.0,1025.48828125,15,1416.2890625
1779138562.420212,2773,2.0774750009877607,4.799100002855994,0.0,1025.48828125,15,1416.2890625
1779138562.4202125,2774,2.0774750009877607,4.799250003998168,0.0,1025.48828125,15,1416.2890625
1779138562.420215,2775,2.0774750009877607,4.799775000719819,0.0,1025.48828125,15,1416.2890625
1779138562.444997,2776,1.9191749961464666,4.63672499608947,5.6,1025.49609375,15,1416.2890625
1779138562.4449995,2777,1.9191749961464666,4.637124999135267,5.6,1025.49609375,15,1416.2890625
1779138562.4449997,2778,1.9191749961464666,4.637250000087079,5.6,1025.49609375,15,1416.2890625
1779138562.4450002,2779,1.9191749961464666,4.637374993762933,5.6,1025.49609375,15,1416.2890625
1779138562.4728017,2780,2.598999999463558,5.263275001198053,0.0,1025.49609375,15,1416.2890625
1779138562.472804,2781,2.598999999463558,5.263674996967893,0.0,1025.49609375,15,1416.2890625
1779138562.4728048,2782,2.598999999463558,5.263849998300429,0.0,1025.49609375,15,1416.2890625
1779138562.4728053,2783,2.598999999463558,5.263999999442603,0.0,1025.49609375,15,1416.2890625
1779138562.5010743,2784,2.5956250028684735,5.2569499966921285,16.7,1025.49609375,15,1416.2890625
1779138562.501077,2785,2.5956250028684735,5.257374999928288,16.7,1025.49609375,15,1416.2890625
1779138562.5010777,2786,2.5956250028684735,5.257525001070462,16.7,1025.49609375,15,1416.2890625
1779138562.5010784,2787,2.5956250028684735,5.257650002022274,16.7,1025.49609375,15,1416.2890625
1779138562.5301006,2788,2.8106500030844472,5.537949997233227,33.3,1025.49609375,15,1416.2890625
1779138562.5301027,2789,2.8106500030844472,5.538375000469387,33.3,1025.49609375,15,1416.2890625
1779138562.5301034,2790,2.8106500030844472,5.538525001611561,33.3,1025.49609375,15,1416.2890625
1779138562.5301042,2791,2.8106500030844472,5.538650002563372,33.3,1025.49609375,15,1416.2890625
1779138562.5539217,2792,1.716074999421835,4.325050002080388,14.3,1025.49609375,15,1416.2890625
1779138562.5539243,2793,1.716074999421835,4.325499998230953,14.3,1025.49609375,15,1416.2890625
1779138562.553925,2794,1.716074999421835,4.325699999753851,14.3,1025.49609375,15,1416.2890625
1779138562.5539298,2795,1.716074999421835,4.3268000008538365,14.3,1025.49609375,15,1416.2890625
1779138562.578149,2796,1.7097749951062724,4.390124995552469,33.3,1025.5,15,1416.2890625
1779138562.5781517,2797,1.7097749951062724,4.390549998788629,33.3,1025.5,15,1416.2890625
1779138562.5781524,2798,1.7097749951062724,4.390699999930803,33.3,1025.5,15,1416.2890625
1779138562.578153,2799,1.7097749951062724,4.390824993606657,33.3,1025.5,15,1416.2890625
1779138562.6038961,2800,1.797550001356285,4.416174997459166,0.0,1025.50390625,15,1416.2890625
1779138562.603898,2801,1.797550001356285,4.416550000314601,0.0,1025.50390625,15,1416.2890625
1779138562.6038988,2802,1.797550001356285,4.416700001456775,0.0,1025.50390625,15,1416.2890625
1779138562.6038995,2803,1.797550001356285,4.416824995132629,0.0,1025.50390625,15,1416.2890625
1779138562.6320422,2804,2.351625000301283,5.063124997832347,42.9,1025.5078125,15,1416.2890625
1779138562.6320448,2805,2.351625000301283,5.063525000878144,42.9,1025.5078125,15,1416.2890625
1779138562.6320453,2806,2.351625000301283,5.063699994934723,42.9,1025.5078125,15,1416.2890625
1779138562.632046,2807,2.351625000301283,5.063874996267259,42.9,1025.5078125,15,1416.2890625
1779138562.6573007,2808,2.0852250017924234,4.769850005686749,4.5,1025.5078125,15,1416.2890625
1779138562.6573033,2809,2.0852250017924234,4.770300001837313,4.5,1025.5078125,15,1416.2890625
1779138562.657304,2810,2.0852250017924234,4.770425002789125,4.5,1025.5078125,15,1416.2890625
1779138562.6573045,2811,2.0852250017924234,4.770575003931299,4.5,1025.5078125,15,1416.2890625
1779138562.6848052,2812,2.2938499969313852,4.976850003004074,0.0,1025.5078125,15,1416.2890625
1779138562.6848078,2813,2.2938499969313852,4.9772249985835515,0.0,1025.5078125,15,1416.2890625
1779138562.6848118,2814,2.2938499969313852,4.97824999911245,0.0,1025.5078125,15,1416.2890625
1779138562.6848123,2815,2.2938499969313852,4.978375000064261,0.0,1025.5078125,15,1416.2890625
1779138562.7117772,2816,2.36869999935152,5.02592499833554,23.1,1025.51171875,15,1416.2890625
1779138562.7117798,2817,2.36869999935152,5.026349994295742,23.1,1025.51171875,15,1416.2890625
1779138562.7117805,2818,2.36869999935152,5.026499995437916,23.1,1025.51171875,15,1416.2890625
1779138562.711781,2819,2.36869999935152,5.026599996199366,23.1,1025.51171875,15,1416.2890625
1779138562.740058,2820,2.3769249964971095,5.034150002757087,36.4,1025.51171875,15,1416.2890625
1779138562.7400606,2821,2.3769249964971095,5.034549998526927,36.4,1025.51171875,15,1416.2890625
1779138562.7400613,2822,2.3769249964971095,5.034699999669101,36.4,1025.51171875,15,1416.2890625
1779138562.7400618,2823,2.3769249964971095,5.03480000043055,36.4,1025.51171875,15,1416.2890625
1779138562.780878,2824,3.6804250048589893,6.536350003443658,47.4,1025.51171875,13,1416.2890625
1779138562.780882,2825,3.6804250048589893,6.536975000926759,47.4,1025.51171875,13,1416.2890625
1779138562.7808828,2826,3.6804250048589893,6.537225002830382,47.4,1025.51171875,13,1416.2890625
1779138562.7808838,2827,3.6804250048589893,6.537400004162919,47.4,1025.51171875,13,1416.2890625
1779138562.808753,2828,2.356000004510861,5.105050004203804,0.0,1025.515625,13,1416.2890625
1779138562.8087554,2829,2.356000004510861,5.105449999973644,0.0,1025.515625,13,1416.2890625
1779138562.808756,2830,2.356000004510861,5.105600001115818,0.0,1025.515625,13,1416.2890625
1779138562.8087568,2831,2.356000004510861,5.105775002448354,0.0,1025.515625,13,1416.2890625
1779138562.833584,2832,1.7381249999743886,4.5266749948496,0.0,1025.515625,13,1416.2890625
1779138562.8335865,2833,1.7381249999743886,4.527074997895397,0.0,1025.515625,13,1416.2890625
1779138562.8335917,2834,1.7381249999743886,4.528399993432686,0.0,1025.515625,13,1416.2890625
1779138562.8335927,2835,1.7381249999743886,4.528574994765222,0.0,1025.515625,13,1416.2890625
1779138562.858855,2836,1.8280250005773269,4.573600002913736,25.0,1025.51953125,13,1416.2890625
1779138562.8588574,2837,1.8280250005773269,4.574024998873938,25.0,1025.51953125,13,1416.2890625
1779138562.8588579,2838,1.8280250005773269,4.574175000016112,25.0,1025.51953125,13,1416.2890625
1779138562.8588586,2839,1.8280250005773269,4.574275000777561,25.0,1025.51953125,13,1416.2890625
1779138562.8871958,2840,2.7192999987164512,5.424850001872983,0.0,1025.51953125,13,1416.2890625
1779138562.8871987,2841,2.7192999987164512,5.425299998023547,0.0,1025.51953125,13,1416.2890625
1779138562.8871994,2842,2.7192999987164512,5.425449999165721,0.0,1025.51953125,13,1416.2890625
1779138562.8872,2843,2.7192999987164512,5.425575000117533,0.0,1025.51953125,13,1416.2890625
1779138562.917379,2844,3.3152999967569485,5.946899997070432,0.0,1025.51953125,13,1416.2890625
1779138562.917381,2845,3.3152999967569485,5.947300000116229,0.0,1025.51953125,13,1416.2890625
1779138562.9173813,2846,3.3152999967569485,5.947424993792083,0.0,1025.51953125,13,1416.2890625
1779138562.9173822,2847,3.3152999967569485,5.9475999951246195,0.0,1025.51953125,13,1416.2890625
1779138562.944456,2848,2.405324994469993,5.232600000454113,7.7,1025.51953125,13,1416.2890625
1779138562.944459,2849,2.405324994469993,5.232999996223953,7.7,1025.51953125,13,1416.2890625
1779138562.9444594,2850,2.405324994469993,5.233124997175764,7.7,1025.51953125,13,1416.2890625
1779138562.94446,2851,2.405324994469993,5.233249998127576,7.7,1025.51953125,13,1416.2890625
1779138562.9699926,2852,2.126450002833735,4.734499998448882,28.6,1025.5234375,13,1416.2890625
1779138562.9699953,2853,2.126450002833735,4.734925001685042,28.6,1025.5234375,13,1416.2890625
1779138562.9699957,2854,2.126450002833735,4.735075002827216,28.6,1025.5234375,13,1416.2890625
1779138562.9699965,2855,2.126450002833735,4.73522500396939,28.6,1025.5234375,13,1416.2890625
1779138562.9949648,2856,2.0353999934741296,4.683749997639097,0.0,1025.52734375,13,1416.2890625
1779138562.9949672,2857,2.0353999934741296,4.684125000494532,0.0,1025.52734375,13,1416.2890625
1779138562.9949677,2858,2.0353999934741296,4.684249994170386,0.0,1025.52734375,13,1416.2890625
1779138562.9949684,2859,2.0353999934741296,4.684374995122198,0.0,1025.52734375,13,1416.2890625
1779138563.0205207,2860,2.1934749966021627,4.837275002500974,9.1,1025.52734375,13,1416.2890625
1779138563.0205233,2861,2.1934749966021627,4.837624997890089,9.1,1025.52734375,13,1416.2890625
1779138563.0205238,2862,2.1934749966021627,4.837774999032263,9.1,1025.52734375,13,1416.2890625
1779138563.0205243,2863,2.1934749966021627,4.837899999984074,9.1,1025.52734375,13,1416.2890625
1779138563.0442312,2864,1.7336750024696812,4.430050001246855,0.0,1025.52734375,13,1416.2890625
1779138563.044234,2865,1.7336750024696812,4.430450004292652,0.0,1025.52734375,13,1416.2890625
1779138563.0442345,2866,1.7336750024696812,4.430575005244464,0.0,1025.52734375,13,1416.2890625
1779138563.044235,2867,1.7336750024696812,4.43072499911068,0.0,1025.52734375,13,1416.2890625
1779138563.0688353,2868,2.0395500032464042,4.636550002032891,9.1,1025.53125,13,1416.2890625
1779138563.068838,2869,2.0395500032464042,4.636950005078688,9.1,1025.53125,13,1416.2890625
1779138563.0688384,2870,2.0395500032464042,4.637099998944905,9.1,1025.53125,13,1416.2890625
1779138563.0688388,2871,2.0395500032464042,4.637250000087079,9.1,1025.53125,13,1416.2890625
1779138563.095499,2872,2.3575750019517727,5.033699999330565,17.6,1025.53515625,13,1416.2890625
1779138563.095502,2873,2.3575750019517727,5.03414999548113,17.6,1025.53515625,13,1416.2890625
1779138563.0955024,2874,2.3575750019517727,5.034324996813666,17.6,1025.53515625,13,1416.2890625
1779138563.0955029,2875,2.3575750019517727,5.034424997575115,17.6,1025.53515625,13,1416.2890625
1779138563.120623,2876,1.9997000053990632,4.6646250048070215,0.0,1025.53515625,13,1416.2890625
1779138563.1206255,2877,1.9997000053990632,4.665025000576861,0.0,1025.53515625,13,1416.2890625
1779138563.120626,2878,1.9997000053990632,4.665175001719035,0.0,1025.53515625,13,1416.2890625
1779138563.1206264,2879,1.9997000053990632,4.665300002670847,0.0,1025.53515625,13,1416.2890625
1779138563.146166,2880,2.305949994479306,4.9189999990630895,8.3,1025.53515625,13,1416.2890625
1779138563.1461685,2881,2.305949994479306,4.919374994642567,8.3,1025.53515625,13,1416.2890625
1779138563.1461692,2882,2.305949994479306,4.919524995784741,8.3,1025.53515625,13,1416.2890625
1779138563.1461697,2883,2.305949994479306,4.919649996736553,8.3,1025.53515625,13,1416.2890625
1779138563.173238,2884,2.3718999946140684,5.172199998924043,9.1,1025.5390625,13,1416.2890625
1779138563.173242,2885,2.3718999946140684,5.172924997168593,9.1,1025.5390625,13,1416.2890625
1779138563.1732426,2886,2.3718999946140684,5.173074998310767,9.1,1025.5390625,13,1416.2890625
1779138563.173243,2887,2.3718999946140684,5.173199999262579,9.1,1025.5390625,13,1416.2890625
1779138563.199766,2888,2.251750003779307,4.917074998957105,0.0,1025.5390625,13,1416.2890625
1779138563.1997685,2889,2.251750003779307,4.917550002573989,0.0,1025.5390625,13,1416.2890625
1779138563.1997693,2890,2.251750003779307,4.917675003525801,0.0,1025.5390625,13,1416.2890625
1779138563.19977,2891,2.251750003779307,4.917825004667975,0.0,1025.5390625,13,1416.2890625
1779138563.225761,2892,2.2581499943044037,4.873524994764011,55.6,1025.54296875,13,1416.2890625
1779138563.2257633,2893,2.2581499943044037,4.873924997809809,55.6,1025.54296875,13,1416.2890625
1779138563.225764,2894,2.2581499943044037,4.874074998951983,55.6,1025.54296875,13,1416.2890625
1779138563.2257645,2895,2.2581499943044037,4.874225000094157,55.6,1025.54296875,13,1416.2890625
1779138563.2521713,2896,2.402250000159256,5.091249993711244,10.0,1025.54296875,13,1416.2890625
1779138563.252174,2897,2.402250000159256,5.091649996757042,10.0,1025.54296875,13,1416.2890625
1779138563.2521744,2898,2.402250000159256,5.091799997899216,10.0,1025.54296875,13,1416.2890625
1779138563.2521749,2899,2.402250000159256,5.091974999231752,10.0,1025.54296875,13,1416.2890625
1779138563.277461,2900,1.8448500049998984,4.576625004119705,0.0,1025.54296875,14,1416.2890625
1779138563.2774644,2901,1.8448500049998984,4.5772000012220815,0.0,1025.54296875,14,1416.2890625
1779138563.277465,2902,1.8448500049998984,4.5773500023642555,0.0,1025.54296875,14,1416.2890625
1779138563.2774656,2903,1.8448500049998984,4.5775000035064295,0.0,1025.54296875,14,1416.2890625
1779138563.3094635,2904,2.983974998642225,5.779949999123346,0.0,1025.54296875,14,1416.2890625
1779138563.3094661,2905,2.983974998642225,5.780325001978781,0.0,1025.54296875,14,1416.2890625
1779138563.3094666,2906,2.983974998642225,5.7804749958449975,0.0,1025.54296875,14,1416.2890625
1779138563.309467,2907,2.983974998642225,5.7806249969871715,0.0,1025.54296875,14,1416.2890625
1779138563.3394215,2908,2.478050002537202,5.216425000980962,0.0,1025.546875,14,1416.2890625
1779138563.3394256,2909,2.478050002537202,5.2170999988447875,0.0,1025.546875,14,1416.2890625
1779138563.3394263,2910,2.478050002537202,5.217300000367686,0.0,1025.546875,14,1416.2890625
1779138563.3394272,2911,2.478050002537202,5.2175500022713095,0.0,1025.546875,14,1416.2890625
1779138563.3705106,2912,2.597749997221399,5.374899999878835,0.0,1025.55078125,14,1416.2890625
1779138563.3705149,2913,2.597749997221399,5.375624998123385,0.0,1025.55078125,14,1416.2890625
1779138563.3705163,2914,2.597749997221399,5.375875000027008,0.0,1025.55078125,14,1416.2890625
1779138563.370517,2915,2.597749997221399,5.376125001930632,0.0,1025.55078125,14,1416.2890625
1779138563.3977542,2916,2.034725002886262,4.747899998619687,30.8,1025.55078125,14,1416.2890625
1779138563.3977566,2917,2.034725002886262,4.7482500012847595,30.8,1025.55078125,14,1416.2890625
1779138563.3977573,2918,2.034725002886262,4.7484000024269335,30.8,1025.55078125,14,1416.2890625
1779138563.3977578,2919,2.034725002886262,4.7485500035691075,30.8,1025.55078125,14,1416.2890625
1779138563.4247327,2920,2.314899997145403,5.06232499901671,41.2,1025.55078125,14,1416.2890625
1779138563.4247355,2921,2.314899997145403,5.062799995357636,41.2,1025.55078125,14,1416.2890625
1779138563.424736,2922,2.314899997145403,5.062924996309448,41.2,1025.55078125,14,1416.2890625
1779138563.4247365,2923,2.314899997145403,5.06304999726126,41.2,1025.55078125,14,1416.2890625
1779138563.4568532,2924,3.414300001168158,6.127599997853395,0.0,1025.55078125,14,1416.2890625
1779138563.4568558,2925,3.414300001168158,6.128000000899192,0.0,1025.55078125,14,1416.2890625
1779138563.4568563,2926,3.414300001168158,6.128125001851004,0.0,1025.55078125,14,1416.2890625
1779138563.4568565,2927,3.414300001168158,6.128249995526858,0.0,1025.55078125,14,1416.2890625
1779138563.4818492,2928,1.8016999965766445,4.462599994440097,0.0,1025.5546875,14,1416.2890625
1779138563.4818516,2929,1.8016999965766445,4.463049997866619,0.0,1025.5546875,14,1416.2890625
1779138563.481852,2930,1.8016999965766445,4.463174998818431,0.0,1025.5546875,14,1416.2890625
1779138563.4818542,2931,1.8016999965766445,4.4636999955400825,0.0,1025.5546875,14,1416.2890625
1779138563.5090926,2932,2.4288999993586913,5.071600004157517,0.0,1025.55859375,14,1416.2890625
1779138563.509096,2933,2.4288999993586913,5.072225001640618,0.0,1025.55859375,14,1416.2890625
1779138563.5090966,2934,2.4288999993586913,5.0723500025924295,0.0,1025.55859375,14,1416.2890625
1779138563.509097,2935,2.4288999993586913,5.072550004115328,0.0,1025.55859375,14,1416.2890625
1779138563.5346127,2936,1.9343000021763146,4.616450001776684,8.3,1025.5625,14,1416.2890625
1779138563.5346153,2937,1.9343000021763146,4.616874997736886,8.3,1025.5625,14,1416.2890625
1779138563.5346158,2938,1.9343000021763146,4.61702499887906,8.3,1025.5625,14,1416.2890625
1779138563.5346162,2939,1.9343000021763146,4.617175000021234,8.3,1025.5625,14,1416.2890625
1779138563.560488,2940,2.2389250007108785,4.982024998753332,0.0,1025.5625,14,1416.2890625
1779138563.5604906,2941,2.2389250007108785,4.982400001608767,0.0,1025.5625,14,1416.2890625
1779138563.5604913,2942,2.2389250007108785,4.982574995665345,0.0,1025.5625,14,1416.2890625
1779138563.5604918,2943,2.2389250007108785,4.982724996807519,0.0,1025.5625,14,1416.2890625
1779138563.587877,2944,2.3879750006017275,5.020675002015196,0.0,1025.5625,14,1416.2890625
1779138563.5878797,2945,2.3879750006017275,5.021075005060993,0.0,1025.5625,14,1416.2890625
1779138563.5878801,2946,2.3879750006017275,5.021199998736847,0.0,1025.5625,14,1416.2890625
1779138563.5878806,2947,2.3879750006017275,5.021349999879021,0.0,1025.5625,14,1416.2890625
1779138563.613734,2948,2.2301249991869554,4.935349999868777,5.6,1025.5625,14,1416.2890625
1779138563.6137364,2949,2.2301249991869554,4.935750002914574,5.6,1025.5625,14,1416.2890625
1779138563.6137369,2950,2.2301249991869554,4.935875003866386,5.6,1025.5625,14,1416.2890625
1779138563.6137407,2951,2.2301249991869554,4.936825003824197,5.6,1025.5625,14,1416.2890625
1779138563.6382532,2952,1.8240499994135462,4.538649998721667,0.0,1025.56640625,14,1416.2890625
1779138563.6382558,2953,1.8240499994135462,4.539100002148189,0.0,1025.56640625,14,1416.2890625
1779138563.6382563,2954,1.8240499994135462,4.539224995824043,0.0,1025.56640625,14,1416.2890625
1779138563.6382573,2955,1.8240499994135462,4.539374996966217,0.0,1025.56640625,14,1416.2890625
1779138563.6652987,2956,2.211074999650009,5.083099997136742,25.0,1025.56640625,14,1416.2890625
1779138563.665301,2957,2.211074999650009,5.083500000182539,25.0,1025.56640625,14,1416.2890625
1779138563.6653016,2958,2.211074999650009,5.083625001134351,25.0,1025.56640625,14,1416.2890625
1779138563.665302,2959,2.211074999650009,5.083749994810205,25.0,1025.56640625,14,1416.2890625
1779138563.6909916,2960,2.0199499995214865,4.797649999090936,12.5,1025.56640625,14,1416.2890625
1779138563.690994,2961,2.0199499995214865,4.798025001946371,12.5,1025.56640625,14,1416.2890625
1779138563.6909945,2962,2.0199499995214865,4.798150002898183,12.5,1025.56640625,14,1416.2890625
1779138563.690995,2963,2.0199499995214865,4.798299996764399,12.5,1025.56640625,14,1416.2890625
1779138563.7164133,2964,2.1521000016946346,4.870450000453275,0.0,1025.5703125,14,1416.2890625
1779138563.7164154,2965,2.1521000016946346,4.870850003499072,0.0,1025.5703125,14,1416.2890625
1779138563.7164164,2966,2.1521000016946346,4.870999997365288,0.0,1025.5703125,14,1416.2890625
1779138563.716417,2967,2.1521000016946346,4.871174998697825,0.0,1025.5703125,14,1416.2890625
1779138563.7421575,2968,2.157725000870414,4.801224997208919,33.3,1025.5703125,14,1416.2890625
1779138563.7421598,2969,2.157725000870414,4.801600000064354,33.3,1025.5703125,14,1416.2890625
1779138563.7421653,2970,2.157725000870414,4.8029250028776005,33.3,1025.5703125,14,1416.2890625
1779138563.742166,2971,2.157725000870414,4.803099996934179,33.3,1025.5703125,14,1416.2890625
1779138563.7659645,2972,1.7720250034471974,4.398850003781263,0.0,1025.57421875,15,1416.2890625
1779138563.765967,2973,1.7720250034471974,4.399299999931827,0.0,1025.57421875,15,1416.2890625
1779138563.7659676,2974,1.7720250034471974,4.399450001074001,0.0,1025.57421875,15,1416.2890625
1779138563.7659678,2975,1.7720250034471974,4.3995500018354505,0.0,1025.57421875,15,1416.2890625
1779138563.790292,2976,1.8284999969182536,4.569425000227056,0.0,1025.57421875,15,1416.2890625
1779138563.7902944,2977,1.8284999969182536,4.569824995996896,0.0,1025.57421875,15,1416.2890625
1779138563.790295,2978,1.8284999969182536,4.569949996948708,0.0,1025.57421875,15,1416.2890625
1779138563.7902954,2979,1.8284999969182536,4.570099998090882,0.0,1025.57421875,15,1416.2890625
1779138563.8168483,2980,2.3708250009804033,5.056200003309641,20.0,1025.57421875,15,1416.2890625
1779138563.8168511,2981,2.3708250009804033,5.056674999650568,20.0,1025.57421875,15,1416.2890625
1779138563.8168519,2982,2.3708250009804033,5.056825000792742,20.0,1025.57421875,15,1416.2890625
1779138563.8168528,2983,2.3708250009804033,5.0570250023156404,20.0,1025.57421875,15,1416.2890625
1779138563.843547,2984,2.2840749952592887,4.956600001605693,16.7,1025.57421875,15,1416.2890625
1779138563.8435502,2985,2.2840749952592887,4.95707499794662,16.7,1025.57421875,15,1416.2890625
1779138563.8435507,2986,2.2840749952592887,4.957249999279156,16.7,1025.57421875,15,1416.2890625
1779138563.8435514,2987,2.2840749952592887,4.95740000042133,16.7,1025.57421875,15,1416.2890625
1779138563.8715158,2988,2.4669749982422218,5.123124996316619,0.0,1025.57421875,15,1416.2890625
1779138563.8715177,2989,2.4669749982422218,5.123524999362417,0.0,1025.57421875,15,1416.2890625
1779138563.8715184,2990,2.4669749982422218,5.123675000504591,0.0,1025.57421875,15,1416.2890625
1779138563.871519,2991,2.4669749982422218,5.123849994561169,0.0,1025.57421875,15,1416.2890625
1779138563.8973894,2992,2.3397499971906655,5.00047500099754,38.5,1025.5859375,15,1416.2890625
1779138563.8973916,2993,2.3397499971906655,5.000849996577017,38.5,1025.5859375,15,1416.2890625
1779138563.8973923,2994,2.3397499971906655,5.000999997719191,38.5,1025.5859375,15,1416.2890625
1779138563.897393,2995,2.3397499971906655,5.001149998861365,38.5,1025.5859375,15,1416.2890625
1779138563.9233024,2996,2.157349998014979,4.811049999261741,16.7,1025.5859375,15,1416.2890625
1779138563.9233048,2997,2.157349998014979,4.8114750024979,16.7,1025.5859375,15,1416.2890625
1779138563.9233055,2998,2.157349998014979,4.811625003640074,16.7,1025.5859375,15,1416.2890625
1779138563.923306,2999,2.157349998014979,4.811774997506291,16.7,1025.5859375,15,1416.2890625
1779138563.9480944,3000,1.9063250001636334,4.585650000080932,0.0,1025.5859375,15,1416.2890625
1779138563.948097,3001,1.9063250001636334,4.586049995850772,0.0,1025.5859375,15,1416.2890625
1779138563.9480975,3002,1.9063250001636334,4.586199996992946,0.0,1025.5859375,15,1416.2890625
1779138563.948098,3003,1.9063250001636334,4.586324997944757,0.0,1025.5859375,15,1416.2890625
1779138563.9725528,3004,1.760649996867869,4.511400002229493,11.8,1025.5859375,15,1416.2890625
1779138563.9725556,3005,1.760649996867869,4.511824998189695,11.8,1025.5859375,15,1416.2890625
1779138563.972556,3006,1.760649996867869,4.511974999331869,11.8,1025.5859375,15,1416.2890625
1779138563.9725568,3007,1.760649996867869,4.512125000474043,11.8,1025.5859375,15,1416.2890625
1779138564.0008376,3008,2.522624999983236,5.186274996958673,42.9,1025.5859375,15,1416.2890625
1779138564.0008438,3009,2.522624999983236,5.187599999771919,42.9,1025.5859375,15,1416.2890625
1779138564.0008445,3010,2.522624999983236,5.187750000914093,42.9,1025.5859375,15,1416.2890625
1779138564.000845,3011,2.522624999983236,5.187875001865905,42.9,1025.5859375,15,1416.2890625
1779138564.0270424,3012,2.2360750008374453,4.924074994050898,0.0,1025.58984375,15,1416.2890625
1779138564.0270445,3013,2.2360750008374453,4.924474997096695,0.0,1025.58984375,15,1416.2890625
1779138564.0270455,3014,2.2360750008374453,4.924649998429231,0.0,1025.58984375,15,1416.2890625
1779138564.027046,3015,2.2360750008374453,4.924749999190681,0.0,1025.58984375,15,1416.2890625
1779138564.0538573,3016,2.2186000060173683,4.861425004492048,27.3,1025.59375,15,1416.2890625
1779138564.0538595,3017,2.2186000060173683,4.86185000045225,27.3,1025.59375,15,1416.2890625
1779138564.0538604,3018,2.2186000060173683,4.862000001594424,27.3,1025.59375,15,1416.2890625
1779138564.053861,3019,2.2186000060173683,4.862125002546236,27.3,1025.59375,15,1416.2890625
1779138564.0777805,3020,1.719924999633804,4.423600003065076,0.0,1025.59375,15,1416.2890625
1779138564.0777833,3021,1.719924999633804,4.4240749994060025,0.0,1025.59375,15,1416.2890625
1779138564.077784,3022,1.719924999633804,4.424250000738539,0.0,1025.59375,15,1416.2890625
1779138564.0777845,3023,1.719924999633804,4.4243750016903505,0.0,1025.59375,15,1416.2890625
1779138564.10396,3024,2.2687999953632243,4.955874996085186,0.0,1025.59375,15,1416.2890625
1779138564.1039624,3025,2.2687999953632243,4.956274999130983,0.0,1025.59375,15,1416.2890625
1779138564.103963,3026,2.2687999953632243,4.956400000082795,0.0,1025.59375,15,1416.2890625
1779138564.1039634,3027,2.2687999953632243,4.956500000844244,0.0,1025.59375,15,1416.2890625
1779138564.130507,3028,2.4138250009855255,5.026225000619888,14.3,1025.59375,15,1416.2890625
1779138564.1305132,3029,2.4138250009855255,5.027499995776452,14.3,1025.59375,15,1416.2890625
1779138564.1305137,3030,2.4138250009855255,5.027624996728264,14.3,1025.59375,15,1416.2890625
1779138564.1305141,3031,2.4138250009855255,5.027774997870438,14.3,1025.59375,15,1416.2890625
1779138564.1574218,3032,1.9397500000195578,4.6712749972357415,23.5,1025.59765625,15,1416.2890625
1779138564.157425,3033,1.9397500000195578,4.6717749937670305,23.5,1025.59765625,15,1416.2890625
1779138564.1574259,3034,1.9397500000195578,4.671974995289929,23.5,1025.59765625,15,1416.2890625
1779138564.1574264,3035,1.9397500000195578,4.6721499966224656,23.5,1025.59765625,15,1416.2890625
1779138564.1906562,3036,3.1528999970760196,5.918875001952983,23.5,1025.59765625,15,1416.2890625
1779138564.1906612,3037,3.1528999970760196,5.9196750007686205,23.5,1025.59765625,15,1416.2890625
1779138564.1906621,3038,3.1528999970760196,5.919949995586649,23.5,1025.59765625,15,1416.2890625
1779138564.190663,3039,3.1528999970760196,5.920199997490272,23.5,1025.59765625,15,1416.2890625
1779138564.220989,3040,2.6607999971020035,5.327150000084657,30.8,1025.59765625,15,1416.2890625
1779138564.2209914,3041,2.6607999971020035,5.327574996044859,30.8,1025.59765625,15,1416.2890625
1779138564.220992,3042,2.6607999971020035,5.327724997187033,30.8,1025.59765625,15,1416.2890625
1779138564.2209926,3043,2.6607999971020035,5.327824997948483,30.8,1025.59765625,15,1416.2890625
1779138564.2518418,3044,2.5570750003680587,5.2396250030142255,11.1,1025.6015625,15,1416.2890625
1779138564.2518444,3045,2.5570750003680587,5.240024998784065,11.1,1025.6015625,15,1416.2890625
1779138564.251845,3046,2.5570750003680587,5.240149999735877,11.1,1025.6015625,15,1416.2890625
1779138564.2518454,3047,2.5570750003680587,5.240275000687689,11.1,1025.6015625,15,1416.2890625
1779138564.2834535,3048,2.660199999809265,5.367949997889809,100.0,1025.60546875,14,1416.2890625
1779138564.2834558,3049,2.660199999809265,5.368350000935607,100.0,1025.60546875,14,1416.2890625
1779138564.2834566,3050,2.660199999809265,5.368500002077781,100.0,1025.60546875,14,1416.2890625
1779138564.283457,3051,2.660199999809265,5.368599995563272,100.0,1025.60546875,14,1416.2890625
1779138564.3120325,3052,2.7802500044344924,5.485375004354864,0.0,1025.609375,14,1416.2890625
1779138564.312035,3053,2.7802500044344924,5.485800000315066,0.0,1025.609375,14,1416.2890625
1779138564.3120356,3054,2.7802500044344924,5.48595000145724,0.0,1025.609375,14,1416.2890625
1779138564.312036,3055,2.7802500044344924,5.48605000221869,0.0,1025.609375,14,1416.2890625
1779138564.3387258,3056,2.246299998660106,5.012649999116547,0.0,1025.61328125,14,1416.2890625
1779138564.3387282,3057,2.246299998660106,5.013025001971982,0.0,1025.61328125,14,1416.2890625
1779138564.3387287,3058,2.246299998660106,5.013150002923794,0.0,1025.61328125,14,1416.2890625
1779138564.3387291,3059,2.246299998660106,5.013274996599648,0.0,1025.61328125,14,1416.2890625
1779138564.3678777,3060,2.260325003589969,4.9334499999531545,18.2,1025.61328125,14,1416.2890625
1779138564.3678799,3061,2.260325003589969,4.933875003189314,18.2,1025.61328125,14,1416.2890625
1779138564.3678803,3062,2.260325003589969,4.933999996865168,18.2,1025.61328125,14,1416.2890625
1779138564.3678813,3063,2.260325003589969,4.9341749981977046,18.2,1025.61328125,14,1416.2890625
1779138564.3946328,3064,2.0795500022359192,4.756599999382161,11.1,1025.61328125,14,1416.2890625
1779138564.3946352,3065,2.0795500022359192,4.757000002427958,11.1,1025.61328125,14,1416.2890625
1779138564.3946357,3066,2.0795500022359192,4.757149996294174,11.1,1025.61328125,14,1416.2890625
1779138564.3946364,3067,2.0795500022359192,4.757274997245986,11.1,1025.61328125,14,1416.2890625
1779138564.4215698,3068,2.335649995075073,5.105674994410947,10.0,1025.6171875,14,1416.2890625
1779138564.4215727,3069,2.335649995075073,5.106124997837469,10.0,1025.6171875,14,1416.2890625
1779138564.4215734,3070,2.335649995075073,5.10634999955073,10.0,1025.6171875,14,1416.2890625
1779138564.4215739,3071,2.335649995075073,5.106500000692904,10.0,1025.6171875,14,1416.2890625
1779138564.4491565,3072,2.2621750031248666,5.033225002989639,0.0,1025.62109375,14,1416.2890625
1779138564.4491591,3073,2.2621750031248666,5.033624998759478,0.0,1025.62109375,14,1416.2890625
1779138564.4491596,3074,2.2621750031248666,5.03374999971129,0.0,1025.62109375,14,1416.2890625
1779138564.44916,3075,2.2621750031248666,5.033900000853464,0.0,1025.62109375,14,1416.2890625
1779138564.4741695,3076,1.9687000021804124,4.700125005911104,0.0,1025.62109375,14,1416.2890625
1779138564.474172,3077,1.9687000021804124,4.700525001680944,0.0,1025.62109375,14,1416.2890625
1779138564.4741728,3078,1.9687000021804124,4.700675002823118,0.0,1025.62109375,14,1416.2890625
1779138564.4741738,3079,1.9687000021804124,4.700900004536379,0.0,1025.62109375,14,1416.2890625
1779138564.5004456,3080,2.0882000026176684,4.7378250019392,33.3,1025.62109375,14,1416.2890625
1779138564.5004482,3081,2.0882000026176684,4.738225004984997,33.3,1025.62109375,14,1416.2890625
1779138564.500449,3082,2.0882000026176684,4.738424999231938,33.3,1025.62109375,14,1416.2890625
1779138564.5004492,3083,2.0882000026176684,4.738524999993388,33.3,1025.62109375,14,1416.2890625
1779138564.5259764,3084,1.9988249987363815,4.77149999642279,0.0,1025.62109375,14,1416.2890625
1779138564.5259786,3085,1.9988249987363815,4.77192499965895,0.0,1025.62109375,14,1416.2890625
1779138564.525979,3086,1.9988249987363815,4.772050000610761,0.0,1025.62109375,14,1416.2890625
1779138564.525984,3087,1.9988249987363815,4.773275002662558,0.0,1025.62109375,14,1416.2890625
1779138564.554643,3088,2.3123249993659556,5.157499996130355,12.5,1025.625,14,1416.2890625
1779138564.5546458,3089,2.3123249993659556,5.157924999366514,12.5,1025.625,14,1416.2890625
1779138564.5546463,3090,2.3123249993659556,5.158075000508688,12.5,1025.625,14,1416.2890625
1779138564.5546467,3091,2.3123249993659556,5.158224994374905,12.5,1025.625,14,1416.2890625
1779138564.5817392,3092,2.337024998269044,4.95750000118278,10.0,1025.625,14,1416.2890625
1779138564.5817418,3093,2.337024998269044,4.957924997142982,10.0,1025.625,14,1416.2890625
1779138564.5817425,3094,2.337024998269044,4.958049998094793,10.0,1025.625,14,1416.2890625
1779138564.581743,3095,2.337024998269044,4.958174999046605,10.0,1025.625,14,1416.2890625
1779138564.6082473,3096,2.144924997992348,4.885150003246963,12.5,1025.625,14,1416.2890625
1779138564.60825,3097,2.144924997992348,4.88552499882644,12.5,1025.625,14,1416.2890625
1779138564.6082506,3098,2.144924997992348,4.885700000158977,12.5,1025.625,14,1416.2890625
1779138564.6082509,3099,2.144924997992348,4.885825001110788,12.5,1025.625,14,1416.2890625
1779138564.6339781,3100,2.2012750050635077,4.871200006164145,27.3,1025.62890625,14,1416.2890625
1779138564.633981,3101,2.2012750050635077,4.871625002124347,27.3,1025.62890625,14,1416.2890625
1779138564.6339815,3102,2.2012750050635077,4.871775003266521,27.3,1025.62890625,14,1416.2890625
1779138564.633982,3103,2.2012750050635077,4.87187500402797,27.3,1025.62890625,14,1416.2890625
1779138564.6612298,3104,2.2654999993392266,4.979525001544971,12.5,1025.62890625,14,1416.2890625
1779138564.6612327,3105,2.2654999993392266,4.979899997124448,12.5,1025.62890625,14,1416.2890625
1779138564.6612332,3106,2.2654999993392266,4.980049998266622,12.5,1025.62890625,14,1416.2890625
1779138564.6612375,3107,2.2654999993392266,4.981124999176245,12.5,1025.62890625,14,1416.2890625
1779138564.6856873,3108,1.926899996760767,4.532350001682062,0.0,1025.6328125,14,1416.2890625
1779138564.6856902,3109,1.926899996760767,4.532774997642264,0.0,1025.6328125,14,1416.2890625
1779138564.6856906,3110,1.926899996760767,4.532899998594075,0.0,1025.6328125,14,1416.2890625
1779138564.6856909,3111,1.926899996760767,4.5330499997362494,0.0,1025.6328125,14,1416.2890625
1779138564.713167,3112,2.3212249943753704,5.180374995688908,0.0,1025.6328125,14,1416.2890625
1779138564.7131693,3113,2.3212249943753704,5.180774998734705,0.0,1025.6328125,14,1416.2890625
1779138564.7131698,3114,2.3212249943753704,5.180899999686517,0.0,1025.6328125,14,1416.2890625
1779138564.7131705,3115,2.3212249943753704,5.1810250006383285,0.0,1025.6328125,14,1416.2890625
1779138564.739434,3116,2.1770999956061132,4.857924999669194,25.0,1025.6328125,14,1416.2890625
1779138564.7394366,3117,2.1770999956061132,4.858325002714992,25.0,1025.6328125,14,1416.2890625
1779138564.739437,3118,2.1770999956061132,4.858449996390846,25.0,1025.6328125,14,1416.2890625
1779138564.7394378,3119,2.1770999956061132,4.85859999753302,25.0,1025.6328125,14,1416.2890625
1779138564.7666388,3120,2.066250002826564,4.749050000100397,0.0,1025.63671875,16,1416.2890625
1779138564.7666416,3121,2.066250002826564,4.749450003146194,0.0,1025.63671875,16,1416.2890625
1779138564.766642,3122,2.066250002826564,4.749575004098006,0.0,1025.63671875,16,1416.2890625
1779138564.7666426,3123,2.066250002826564,4.749700005049817,0.0,1025.63671875,16,1416.2890625
1779138564.794133,3124,2.3251750026247464,5.0862749994848855,0.0,1025.640625,16,1416.2890625
1779138564.7941356,3125,2.3251750026247464,5.086675002530683,0.0,1025.640625,16,1416.2890625
1779138564.794139,3126,2.3251750026247464,5.087500001536682,0.0,1025.640625,16,1416.2890625
1779138564.7941394,3127,2.3251750026247464,5.087674995593261,0.0,1025.640625,16,1416.2890625
1779138564.8201582,3128,2.1532500031753443,4.811700004211161,33.3,1025.64453125,16,1416.2890625
1779138564.820161,3129,2.1532500031753443,4.812125000171363,33.3,1025.64453125,16,1416.2890625
1779138564.8201618,3130,2.1532500031753443,4.812275001313537,33.3,1025.64453125,16,1416.2890625
1779138564.8201623,3131,2.1532500031753443,4.812425002455711,33.3,1025.64453125,16,1416.2890625
1779138564.8483837,3132,2.7338500003679655,5.395674997998867,31.2,1025.64453125,16,1416.2890625
1779138564.8483863,3133,2.7338500003679655,5.39602500066394,31.2,1025.64453125,16,1416.2890625
1779138564.8483868,3134,2.7338500003679655,5.396175001806114,31.2,1025.64453125,16,1416.2890625
1779138564.8483875,3135,2.7338500003679655,5.39632499567233,31.2,1025.64453125,16,1416.2890625
1779138564.8733754,3136,2.053074997093063,4.726225000922568,0.0,1025.64453125,16,1416.2890625
1779138564.8733783,3137,2.053074997093063,4.7266749970731325,0.0,1025.64453125,16,1416.2890625
1779138564.8733788,3138,2.053074997093063,4.726799998024944,0.0,1025.64453125,16,1416.2890625
1779138564.8733792,3139,2.053074997093063,4.726924998976756,0.0,1025.64453125,16,1416.2890625
1779138564.8987834,3140,2.219649999460671,4.842349997488782,35.7,1025.64453125,16,1416.2890625
1779138564.8987858,3141,2.219649999460671,4.842750000534579,35.7,1025.64453125,16,1416.2890625
1779138564.8987865,3142,2.219649999460671,4.8428999944007955,35.7,1025.64453125,16,1416.2890625
1779138564.898787,3143,2.219649999460671,4.843024995352607,35.7,1025.64453125,16,1416.2890625
1779138564.9264407,3144,2.65577500249492,5.311400003847666,18.2,1025.64453125,16,1416.2890625
1779138564.9264436,3145,2.65577500249492,5.3118499999982305,18.2,1025.64453125,16,1416.2890625
1779138564.926449,3146,2.65577500249492,5.313200003001839,18.2,1025.64453125,16,1416.2890625
1779138564.9264498,3147,2.65577500249492,5.313325003953651,18.2,1025.64453125,16,1416.2890625
1779138564.950651,3148,1.8603999997139908,4.500225004449021,0.0,1025.6484375,16,1416.2890625
1779138564.9506536,3149,1.8603999997139908,4.5006000000284985,0.0,1025.6484375,16,1416.2890625
1779138564.950654,3150,1.8603999997139908,4.50072500098031,0.0,1025.6484375,16,1416.2890625
1779138564.9506545,3151,1.8603999997139908,4.500875002122484,0.0,1025.6484375,16,1416.2890625
1779138564.9773998,3152,2.4284749961225316,5.157300001883414,9.1,1025.65234375,16,1416.2890625
1779138564.9774022,3153,2.4284749961225316,5.157699997653253,9.1,1025.65234375,16,1416.2890625
1779138564.977403,3154,2.4284749961225316,5.15787499898579,9.1,1025.65234375,16,1416.2890625
1779138564.9774034,3155,2.4284749961225316,5.157999999937601,9.1,1025.65234375,16,1416.2890625
1779138565.0039349,3156,2.493125000910368,5.0860499977716245,57.1,1025.65234375,16,1416.2890625
1779138565.0039372,3157,2.493125000910368,5.086450000817422,57.1,1025.65234375,16,1416.2890625
1779138565.0039377,3158,2.493125000910368,5.0865750017692335,57.1,1025.65234375,16,1416.2890625
1779138565.0039382,3159,2.493125000910368,5.0866999954450876,57.1,1025.65234375,16,1416.2890625
1779138565.0361984,3160,2.93210000381805,5.709850003768224,36.4,1025.65234375,16,1416.2890625
1779138565.036201,3161,2.93210000381805,5.710224999347702,36.4,1025.65234375,16,1416.2890625
1779138565.0362015,3162,2.93210000381805,5.710350000299513,36.4,1025.65234375,16,1416.2890625
1779138565.036202,3163,2.93210000381805,5.710475001251325,36.4,1025.65234375,16,1416.2890625
1779138565.063179,3164,2.466425001330208,5.189725001400802,11.1,1025.65234375,16,1416.2890625
1779138565.0631855,3165,2.466425001330208,5.191174997889902,11.1,1025.65234375,16,1416.2890625
1779138565.0631862,3166,2.466425001330208,5.1913249990320764,11.1,1025.65234375,16,1416.2890625
1779138565.0631866,3167,2.466425001330208,5.1914750001742505,11.1,1025.65234375,16,1416.2890625
1779138565.0904367,3168,2.383474995440338,5.09224999404978,0.0,1025.65625,16,1416.2890625
1779138565.090439,3169,2.383474995440338,5.092699997476302,0.0,1025.65625,16,1416.2890625
1779138565.0904398,3170,2.383474995440338,5.092824998428114,0.0,1025.65625,16,1416.2890625
1779138565.0904403,3171,2.383474995440338,5.092949999379925,0.0,1025.65625,16,1416.2890625
1779138565.115242,3172,2.0747000016854145,4.721949997474439,40.0,1025.65625,16,1416.2890625
1779138565.1152449,3173,2.0747000016854145,4.7223250003298745,40.0,1025.65625,16,1416.2890625
1779138565.1152453,3174,2.0747000016854145,4.7224750014720485,40.0,1025.65625,16,1416.2890625
1779138565.1152458,3175,2.0747000016854145,4.722575002233498,40.0,1025.65625,16,1416.2890625
1779138565.1415484,3176,2.190024999435991,4.921974999888334,41.7,1025.66015625,16,1416.2890625
1779138565.141551,3177,2.190024999435991,4.922349995467812,41.7,1025.66015625,16,1416.2890625
1779138565.1415517,3178,2.190024999435991,4.922499996609986,41.7,1025.66015625,16,1416.2890625
1779138565.1415522,3179,2.190024999435991,4.9226249975617975,41.7,1025.66015625,16,1416.2890625
1779138565.169291,3180,2.2944500015000813,5.148625001311302,0.0,1025.6640625,16,1416.2890625
1779138565.1692936,3181,2.2944500015000813,5.149024997081142,0.0,1025.6640625,16,1416.2890625
1779138565.169294,3182,2.2944500015000813,5.149149998032954,0.0,1025.6640625,16,1416.2890625
1779138565.1692946,3183,2.2944500015000813,5.149274998984765,0.0,1025.6640625,16,1416.2890625
1779138565.1961615,3184,2.4412499988102354,5.152774996531662,26.7,1025.6640625,16,1416.2890625
1779138565.1961682,3185,2.4412499988102354,5.154250000487082,26.7,1025.6640625,16,1416.2890625
1779138565.1961687,3186,2.4412499988102354,5.154400001629256,26.7,1025.6640625,16,1416.2890625
1779138565.1961694,3187,2.4412499988102354,5.15455000277143,26.7,1025.6640625,16,1416.2890625
1779138565.2225673,3188,2.1317749997251667,4.885075002675876,7.1,1025.66796875,16,1416.2890625
1779138565.2225702,3189,2.1317749997251667,4.88552499882644,7.1,1025.66796875,16,1416.2890625
1779138565.2225707,3190,2.1317749997251667,4.885674999968614,7.1,1025.66796875,16,1416.2890625
1779138565.2225716,3191,2.1317749997251667,4.885850001301151,7.1,1025.66796875,16,1416.2890625
1779138565.2487962,3192,2.208249999966938,4.92925000435207,37.5,1025.66796875,16,1416.2890625
1779138565.2487986,3193,2.208249999966938,4.9296750003122725,37.5,1025.66796875,16,1416.2890625
1779138565.2487993,3194,2.208249999966938,4.9298250014544465,37.5,1025.66796875,16,1416.2890625
1779138565.2487996,3195,2.208249999966938,4.9299750025966205,37.5,1025.66796875,16,1416.2890625
1779138565.2760756,3196,2.2398000000976026,4.874225000094157,0.0,1025.66796875,13,1416.2890625
1779138565.2760777,3197,2.2398000000976026,4.874625003139954,0.0,1025.66796875,13,1416.2890625
1779138565.2760787,3198,2.2398000000976026,4.874750004091766,0.0,1025.66796875,13,1416.2890625
1779138565.2760792,3199,2.2398000000976026,4.874875005043577,0.0,1025.66796875,13,1416.2890625
1779138565.3013358,3200,1.8009749983320944,4.524899995885789,50.0,1025.66796875,13,1416.2890625
1779138565.3013384,3201,1.8009749983320944,4.525299998931587,50.0,1025.66796875,13,1416.2890625
1779138565.301339,3202,1.8009749983320944,4.525424999883398,50.0,1025.66796875,13,1416.2890625
1779138565.3013394,3203,1.8009749983320944,4.525575001025572,50.0,1025.66796875,13,1416.2890625
1779138565.3304477,3204,2.722150005865842,5.384950003644917,15.4,1025.734375,13,1416.2890625
1779138565.3304498,3205,2.722150005865842,5.385349999414757,15.4,1025.734375,13,1416.2890625
1779138565.3304508,3206,2.722150005865842,5.385475000366569,15.4,1025.734375,13,1416.2890625
1779138565.3304513,3207,2.722150005865842,5.385625001508743,15.4,1025.734375,13,1416.2890625
1779138565.35725,3208,2.173224995203782,4.91929999407148,0.0,1025.734375,13,1416.2890625
1779138565.357253,3209,2.173224995203782,4.91972499730764,0.0,1025.734375,13,1416.2890625
1779138565.3572536,3210,2.173224995203782,4.919874998449814,0.0,1025.734375,13,1416.2890625
1779138565.357254,3211,2.173224995203782,4.919999999401625,0.0,1025.734375,13,1416.2890625
1779138565.3816924,3212,1.781699997081887,4.413825001392979,30.0,1025.734375,13,1416.2890625
1779138565.3816948,3213,1.781699997081887,4.414249997353181,30.0,1025.734375,13,1416.2890625
1779138565.3816955,3214,1.781699997081887,4.414399998495355,30.0,1025.734375,13,1416.2890625
1779138565.381696,3215,1.781699997081887,4.414549999637529,30.0,1025.734375,13,1416.2890625
1779138565.4092782,3216,2.489375001459848,5.094399995869026,36.4,1025.734375,13,1416.2890625
1779138565.4092805,3217,2.489375001459848,5.094799998914823,36.4,1025.734375,13,1416.2890625
1779138565.409281,3218,2.489375001459848,5.094924999866635,36.4,1025.734375,13,1416.2890625
1779138565.4092815,3219,2.489375001459848,5.095050000818446,36.4,1025.734375,13,1416.2890625
1779138565.4392557,3220,2.79022500035353,5.571299996518064,50.0,1025.734375,13,1416.2890625
1779138565.4392583,3221,2.79022500035353,5.571749999944586,50.0,1025.734375,13,1416.2890625
1779138565.4392588,3222,2.79022500035353,5.57190000108676,50.0,1025.734375,13,1416.2890625
1779138565.4392593,3223,2.79022500035353,5.572024994762614,50.0,1025.734375,13,1416.2890625
1779138565.4650805,3224,1.954074999957811,4.73075000627432,0.0,1025.734375,13,1416.2890625
1779138565.4650834,3225,1.954074999957811,4.731200002424885,0.0,1025.734375,13,1416.2890625
1779138565.4650838,3226,1.954074999957811,4.731350003567059,0.0,1025.734375,13,1416.2890625
1779138565.4650843,3227,1.954074999957811,4.73147500451887,0.0,1025.734375,13,1416.2890625
1779138565.4906619,3228,1.9123000020044856,4.881225002463907,9.7,1025.734375,13,1416.2890625
1779138565.4906645,3229,1.9123000020044856,4.881674998614471,9.7,1025.734375,13,1416.2890625
1779138565.4906654,3230,1.9123000020044856,4.881849999947008,9.7,1025.734375,13,1416.2890625
1779138565.490666,3231,1.9123000020044856,4.882000001089182,9.7,1025.734375,13,1416.2890625
1779138565.5202384,3232,2.3531249971711077,4.98150000203168,13.6,1025.734375,13,1416.2890625
1779138565.5202413,3233,2.3531249971711077,4.981949998182245,13.6,1025.734375,13,1416.2890625
1779138565.520242,3234,2.3531249971711077,4.982074999134056,13.6,1025.734375,13,1416.2890625
1779138565.5202422,3235,2.3531249971711077,4.982200000085868,13.6,1025.734375,13,1416.2890625
1779138565.5474403,3236,2.1310250012902543,4.851350000535604,0.0,1025.734375,13,1416.2890625
1779138565.5474427,3237,2.1310250012902543,4.851724996115081,0.0,1025.734375,13,1416.2890625
1779138565.5474432,3238,2.1310250012902543,4.851874997257255,0.0,1025.734375,13,1416.2890625
1779138565.5474436,3239,2.1310250012902543,4.852024998399429,0.0,1025.734375,13,1416.2890625
1779138565.5744905,3240,2.3123999999370426,5.068849997769576,0.0,1025.734375,13,1416.2890625
1779138565.5744932,3241,2.3123999999370426,5.069200000434648,0.0,1025.734375,13,1416.2890625
1779138565.5744936,3242,2.3123999999370426,5.069375001767185,0.0,1025.734375,13,1416.2890625
1779138565.5744948,3243,2.3123999999370426,5.069575003290083,0.0,1025.734375,13,1416.2890625
1779138565.6018384,3244,2.5716750024002977,5.269724999379832,23.1,1025.734375,13,1416.2890625
1779138565.601841,3245,2.5716750024002977,5.27012500242563,23.1,1025.734375,13,1416.2890625
1779138565.6018414,3246,2.5716750024002977,5.270275003567804,23.1,1025.734375,13,1416.2890625
1779138565.6018422,3247,2.5716750024002977,5.27045000490034,23.1,1025.734375,13,1416.2890625
1779138565.62554,3248,1.728725001157727,4.38554999709595,30.0,1025.734375,13,1416.2890625
1779138565.6255438,3249,1.728725001157727,4.386324995721225,30.0,1025.734375,13,1416.2890625
1779138565.6255448,3250,1.728725001157727,4.386474996863399,30.0,1025.734375,13,1416.2890625
1779138565.6255453,3251,1.728725001157727,4.386624998005573,30.0,1025.734375,13,1416.2890625
1779138565.6529536,3252,2.3047750000841916,5.051849999290425,0.0,1025.734375,13,1416.2890625
1779138565.6529562,3253,2.3047750000841916,5.052275002526585,0.0,1025.734375,13,1416.2890625
1779138565.6529567,3254,2.3047750000841916,5.052399996202439,0.0,1025.734375,13,1416.2890625
1779138565.6529572,3255,2.3047750000841916,5.052524997154251,0.0,1025.734375,13,1416.2890625
1779138565.6812603,3256,2.312124997843057,5.010925000533462,0.0,1025.734375,13,1416.2890625
1779138565.6812625,3257,2.312124997843057,5.011325003579259,0.0,1025.734375,13,1416.2890625
1779138565.6812634,3258,2.312124997843057,5.011450004531071,0.0,1025.734375,13,1416.2890625
1779138565.681264,3259,2.312124997843057,5.011599998397287,0.0,1025.734375,13,1416.2890625
1779138565.7062309,3260,1.8632249993970618,4.5917250026832335,35.3,1025.734375,13,1416.2890625
1779138565.7062335,3261,1.8632249993970618,4.592099998262711,35.3,1025.734375,13,1416.2890625
1779138565.7062342,3262,1.8632249993970618,4.592249999404885,35.3,1025.734375,13,1416.2890625
1779138565.706235,3263,1.8632249993970618,4.5924500009277835,35.3,1025.734375,13,1416.2890625
1779138565.732455,3264,1.8669249984668568,4.569600001559593,0.0,1025.734375,13,1416.2890625
1779138565.7324576,3265,1.8669249984668568,4.570049997710157,0.0,1025.734375,13,1416.2890625
1779138565.7324586,3266,1.8669249984668568,4.5702249990426935,0.0,1025.734375,13,1416.2890625
1779138565.7324593,3267,1.8669249984668568,4.57040000037523,0.0,1025.734375,13,1416.2890625
1779138565.761712,3268,3.0408250022446737,5.703825001546647,0.0,1025.734375,16,1416.2890625
1779138565.7617147,3269,3.0408250022446737,5.704225004592445,0.0,1025.734375,16,1416.2890625
1779138565.7617152,3270,3.0408250022446737,5.704375005734619,0.0,1025.734375,16,1416.2890625
1779138565.761716,3271,3.0408250022446737,5.704525006876793,0.0,1025.734375,16,1416.2890625
1779138565.788602,3272,2.1155750000616536,4.899500003375579,8.7,1025.734375,16,1416.2890625
1779138565.7886045,3273,2.1155750000616536,4.899875006231014,8.7,1025.734375,16,1416.2890625
1779138565.7886052,3274,2.1155750000616536,4.90002500009723,8.7,1025.734375,16,1416.2890625
1779138565.7886057,3275,2.1155750000616536,4.900175001239404,8.7,1025.734375,16,1416.2890625
1779138565.8154187,3276,2.2373249958036467,4.911399999400601,33.3,1025.734375,16,1416.2890625
1779138565.8154209,3277,2.2373249958036467,4.9118250026367605,33.3,1025.734375,16,1416.2890625
1779138565.8154216,3278,2.2373249958036467,4.911974996502977,33.3,1025.734375,16,1416.2890625
1779138565.8154223,3279,2.2373249958036467,4.912149997835513,33.3,1025.734375,16,1416.2890625
1779138565.842526,3280,2.3130000045057386,4.978850003681146,20.0,1025.734375,16,1416.2890625
1779138565.8425286,3281,2.3130000045057386,4.979274999641348,20.0,1025.734375,16,1416.2890625
1779138565.8425293,3282,2.3130000045057386,4.979450000973884,20.0,1025.734375,16,1416.2890625
1779138565.8425295,3283,2.3130000045057386,4.979575001925696,20.0,1025.734375,16,1416.2890625
1779138565.867628,3284,2.0515749929472804,4.723474994534627,0.0,1025.734375,16,1416.2890625
1779138565.8676305,3285,2.0515749929472804,4.723874997580424,0.0,1025.734375,16,1416.2890625
1779138565.8676312,3286,2.0515749929472804,4.724024998722598,0.0,1025.734375,16,1416.2890625
1779138565.8676317,3287,2.0515749929472804,4.72414999967441,0.0,1025.734375,16,1416.2890625
1779138565.8953989,3288,2.3666249981033616,5.080225004348904,27.3,1025.734375,16,1416.2890625
1779138565.8954015,3289,2.3666249981033616,5.080650000309106,27.3,1025.734375,16,1416.2890625
1779138565.895402,3290,2.3666249981033616,5.080775001260918,27.3,1025.734375,16,1416.2890625
1779138565.8954024,3291,2.3666249981033616,5.080900002212729,27.3,1025.734375,16,1416.2890625
1779138565.922208,3292,2.32092499936698,5.017174997192342,10.0,1025.734375,16,1416.2890625
1779138565.922211,3293,2.32092499936698,5.017625000618864,10.0,1025.734375,16,1416.2890625
1779138565.9222114,3294,2.32092499936698,5.017775001761038,10.0,1025.734375,16,1416.2890625
1779138565.922212,3295,2.32092499936698,5.0179000027128495,10.0,1025.734375,16,1416.2890625
1779138565.9468646,3296,1.9232999984524213,4.620499996235594,0.0,1025.734375,16,1416.2890625
1779138565.9468675,3297,1.9232999984524213,4.6208999992813915,0.0,1025.734375,16,1416.2890625
1779138565.9468682,3298,1.9232999984524213,4.6210500004235655,0.0,1025.734375,16,1416.2890625
1779138565.9468687,3299,1.9232999984524213,4.6212750021368265,0.0,1025.734375,16,1416.2890625
1779138565.971602,3300,1.9155249974573962,4.611224998370744,0.0,1025.734375,16,1416.2890625
1779138565.9716046,3301,1.9155249974573962,4.611600001226179,0.0,1025.734375,16,1416.2890625
1779138565.9716058,3302,1.9155249974573962,4.611900003510527,0.0,1025.734375,16,1416.2890625
1779138565.9716063,3303,1.9155249974573962,4.612074997567106,0.0,1025.734375,16,1416.2890625
1779138566.0002258,3304,2.8713499996229075,5.526124994503334,33.3,1025.734375,16,1416.2890625
1779138566.0002282,3305,2.8713499996229075,5.526499997358769,33.3,1025.734375,16,1416.2890625
1779138566.000229,3306,2.8713499996229075,5.526649998500943,33.3,1025.734375,16,1416.2890625
1779138566.0002294,3307,2.8713499996229075,5.5267499992623925,33.3,1025.734375,16,1416.2890625
1779138566.0257561,3308,2.0737750019179657,4.78675000340445,0.0,1025.734375,16,1416.2890625
1779138566.0257587,3309,2.0737750019179657,4.787149999174289,0.0,1025.734375,16,1416.2890625
1779138566.0257595,3310,2.0737750019179657,4.787275000126101,0.0,1025.734375,16,1416.2890625
1779138566.02576,3311,2.0737750019179657,4.787425001268275,0.0,1025.734375,16,1416.2890625
1779138566.0500705,3312,1.7509749959572218,4.527650002273731,9.1,1025.73828125,16,1416.2890625
1779138566.0500731,3313,1.7509749959572218,4.528124998614658,9.1,1025.73828125,16,1416.2890625
1779138566.0500736,3314,1.7509749959572218,4.528274999756832,9.1,1025.73828125,16,1416.2890625
1779138566.050074,3315,1.7509749959572218,4.528400000708643,9.1,1025.73828125,16,1416.2890625
1779138566.0751767,3316,2.074725001875777,4.776125002535991,0.0,1025.73828125,16,1416.2890625
1779138566.0751796,3317,2.074725001875777,4.776574998686556,0.0,1025.73828125,16,1416.2890625
1779138566.07518,3318,2.074725001875777,4.77672499982873,0.0,1025.73828125,16,1416.2890625
1779138566.0751805,3319,2.074725001875777,4.7768500007805414,0.0,1025.73828125,16,1416.2890625
1779138566.1027963,3320,2.2810250011389144,5.052000000432599,28.6,1025.73828125,16,1416.2890625
1779138566.102799,3321,2.2810250011389144,5.052399996202439,28.6,1025.73828125,16,1416.2890625
1779138566.1027997,3322,2.2810250011389144,5.052549997344613,28.6,1025.73828125,16,1416.2890625
1779138566.1028,3323,2.2810250011389144,5.052649998106062,28.6,1025.73828125,16,1416.2890625
1779138566.1281683,3324,2.0268500011297874,4.6832000007270835,23.1,1025.73828125,16,1416.2890625
1779138566.128171,3325,2.0268500011297874,4.683624996687286,23.1,1025.73828125,16,1416.2890625
1779138566.1281717,3326,2.0268500011297874,4.683749997639097,23.1,1025.73828125,16,1416.2890625
1779138566.1281724,3327,2.0268500011297874,4.683874998590909,23.1,1025.73828125,16,1416.2890625
1779138566.1537356,3328,2.105675004713703,4.858975000388455,0.0,1025.73828125,16,1416.2890625
1779138566.1537385,3329,2.105675004713703,4.859500004386064,0.0,1025.73828125,16,1416.2890625
1779138566.1537392,3330,2.105675004713703,4.859650005528238,0.0,1025.73828125,16,1416.2890625
1779138566.15374,3331,2.105675004713703,4.859824999584816,0.0,1025.73828125,16,1416.2890625
1779138566.1808512,3332,2.475925000908319,5.196874997636769,14.3,1025.73828125,16,1416.2890625
1779138566.1808536,3333,2.475925000908319,5.197300000872929,14.3,1025.73828125,16,1416.2890625
1779138566.180854,3334,2.475925000908319,5.19742500182474,14.3,1025.73828125,16,1416.2890625
1779138566.1808548,3335,2.475925000908319,5.197549995500594,14.3,1025.73828125,16,1416.2890625
1779138566.2074583,3336,2.203600000939332,4.913675002171658,10.0,1024.1484375,16,1416.2890625
1779138566.207461,3337,2.203600000939332,4.914074997941498,10.0,1024.1484375,16,1416.2890625
1779138566.2074616,3338,2.203600000939332,4.914224999083672,10.0,1024.1484375,16,1416.2890625
1779138566.207462,3339,2.203600000939332,4.914350000035483,10.0,1024.1484375,16,1416.2890625
1779138566.2316976,3340,1.8613749998621643,4.536050000751857,0.0,1024.17578125,16,1416.2890625
1779138566.2317004,3341,1.8613749998621643,4.536500004178379,0.0,1024.17578125,16,1416.2890625
1779138566.231701,3342,1.8613749998621643,4.536649998044595,0.0,1024.17578125,16,1416.2890625
1779138566.2317019,3343,1.8613749998621643,4.536799999186769,0.0,1024.17578125,16,1416.2890625
1779138566.2572463,3344,2.0769500042661093,4.723700003523845,0.0,1023.50390625,17,1416.2890625
1779138566.2572484,3345,2.0769500042661093,4.72404999891296,0.0,1023.50390625,17,1416.2890625
1779138566.257249,3346,2.0769500042661093,4.724200000055134,0.0,1023.50390625,17,1416.2890625
1779138566.2572496,3347,2.0769500042661093,4.724325001006946,0.0,1023.50390625,17,1416.2890625
1779138566.2930636,3348,2.533275001042057,5.177650004043244,0.0,1026.3515625,17,1416.2890625
1779138566.293066,3349,2.533275001042057,5.178024999622721,0.0,1026.3515625,17,1416.2890625
1779138566.2930665,3350,2.533275001042057,5.178150000574533,0.0,1026.3515625,17,1416.2890625
1779138566.293067,3351,2.533275001042057,5.178275001526345,0.0,1026.3515625,17,1416.2890625
1779138566.3206353,3352,2.32615000277292,5.001274999813177,27.3,1025.0390625,17,1416.2890625
1779138566.320638,3353,2.32615000277292,5.001675002858974,27.3,1025.0390625,17,1416.2890625
1779138566.3206384,3354,2.32615000277292,5.00182499672519,27.3,1025.0390625,17,1416.2890625
1779138566.320639,3355,2.32615000277292,5.001949997677002,27.3,1025.0390625,17,1416.2890625
1779138566.3448808,3356,1.7991250060731545,4.509950005740393,13.3,1025.22265625,17,1416.2890625
1779138566.3448834,3357,1.7991250060731545,4.510350001510233,13.3,1025.22265625,17,1416.2890625
1779138566.344884,3358,1.7991250060731545,4.510500002652407,13.3,1025.22265625,17,1416.2890625
1779138566.3448844,3359,1.7991250060731545,4.510625003604218,13.3,1025.22265625,17,1416.2890625
1779138566.370558,3360,2.1449749983730726,4.811225000594277,0.0,1025.22265625,17,1416.2890625
1779138566.3705604,3361,2.1449749983730726,4.811599996173754,0.0,1025.22265625,17,1416.2890625
1779138566.3705614,3362,2.1449749983730726,4.811724997125566,0.0,1025.22265625,17,1416.2890625
1779138566.3705618,3363,2.1449749983730726,4.81187499826774,0.0,1025.22265625,17,1416.2890625
1779138566.3959086,3364,2.002649998757988,4.681949998484924,0.0,1025.22265625,17,1416.2890625
1779138566.3959112,3365,2.002649998757988,4.682350001530722,0.0,1025.22265625,17,1416.2890625
1779138566.3959117,3366,2.002649998757988,4.6824750024825335,0.0,1025.22265625,17,1416.2890625
1779138566.3959122,3367,2.002649998757988,4.682600003434345,0.0,1025.22265625,17,1416.2890625
1779138566.4206295,3368,1.8348500016145408,4.459974996279925,12.5,1025.2265625,17,1416.2890625
1779138566.4206324,3369,1.8348500016145408,4.460399999516085,12.5,1025.2265625,17,1416.2890625
1779138566.420633,3370,1.8348500016145408,4.460550000658259,12.5,1025.2265625,17,1416.2890625
1779138566.4206336,3371,1.8348500016145408,4.4606750016100705,12.5,1025.2265625,17,1416.2890625
1779138566.445327,3372,1.8544999984442256,4.528425000899006,12.5,1025.2265625,17,1416.2890625
1779138566.4453294,3373,1.8544999984442256,4.528799996478483,12.5,1025.2265625,17,1416.2890625
1779138566.44533,3374,1.8544999984442256,4.528924997430295,12.5,1025.2265625,17,1416.2890625
1779138566.4453306,3375,1.8544999984442256,4.529099998762831,12.5,1025.2265625,17,1416.2890625
1779138566.4729128,3376,2.3637749982299283,5.053974993643351,8.3,1025.2265625,17,1416.2890625
1779138566.4729154,3377,2.3637749982299283,5.054399996879511,8.3,1025.2265625,17,1416.2890625
1779138566.472916,3378,2.3637749982299283,5.054524997831322,8.3,1025.2265625,17,1416.2890625
1779138566.4729164,3379,2.3637749982299283,5.054649998783134,8.3,1025.2265625,17,1416.2890625
1779138566.4993339,3380,2.3684249972575344,5.017274997953791,0.0,1024.58203125,17,1416.2890625
1779138566.4993365,3381,2.3684249972575344,5.017699993913993,0.0,1024.58203125,17,1416.2890625
1779138566.4993372,3382,2.3684249972575344,5.017849995056167,0.0,1024.58203125,17,1416.2890625
1779138566.4993377,3383,2.3684249972575344,5.017949995817617,0.0,1024.58203125,17,1416.2890625
1779138566.5282662,3384,2.730025000346359,5.439524997200351,0.0,1024.640625,17,1416.2890625
1779138566.5282688,3385,2.730025000346359,5.439900000055786,0.0,1024.640625,17,1416.2890625
1779138566.5282693,3386,2.730025000346359,5.44005000119796,0.0,1024.640625,17,1416.2890625
1779138566.5282698,3387,2.730025000346359,5.440224995254539,0.0,1024.640625,17,1416.2890625
1779138566.5563505,3388,2.7682999934768304,5.42864999442827,0.0,1024.765625,17,1416.2890625
1779138566.5563533,3389,2.7682999934768304,5.429024997283705,0.0,1024.765625,17,1416.2890625
1779138566.556354,3390,2.7682999934768304,5.429174998425879,0.0,1024.765625,17,1416.2890625
1779138566.5563545,3391,2.7682999934768304,5.42929999937769,0.0,1024.765625,17,1416.2890625
1779138566.5823243,3392,2.2003499980201013,4.911800002446398,11.1,1024.76953125,17,1416.2890625
1779138566.5823271,3393,2.2003499980201013,4.912274998787325,11.1,1024.76953125,17,1416.2890625
1779138566.5823278,3394,2.2003499980201013,4.912424999929499,11.1,1024.76953125,17,1416.2890625
1779138566.5823283,3395,2.2003499980201013,4.9125500008813106,11.1,1024.76953125,17,1416.2890625
1779138566.6075766,3396,2.1092000024509616,4.747525003040209,0.0,1024.76953125,17,1416.2890625
1779138566.6075795,3397,2.1092000024509616,4.747950006276369,0.0,1024.76953125,17,1416.2890625
1779138566.60758,3398,2.1092000024509616,4.7481000001425855,0.0,1024.76953125,17,1416.2890625
1779138566.6075845,3399,2.1092000024509616,4.749200001242571,0.0,1024.76953125,17,1416.2890625
1779138566.6319964,3400,1.7924249987117946,4.416049996507354,20.0,1024.85546875,17,1416.2890625
1779138566.6319988,3401,1.7924249987117946,4.416424999362789,20.0,1024.85546875,17,1416.2890625
1779138566.6319995,3402,1.7924249987117946,4.416550000314601,20.0,1024.85546875,17,1416.2890625
1779138566.6319997,3403,1.7924249987117946,4.4166499938000925,20.0,1024.85546875,17,1416.2890625
1779138566.6607926,3404,2.7343500041752122,5.46707500325283,0.0,1024.99609375,17,1416.2890625
1779138566.6607955,3405,2.7343500041752122,5.46750000648899,0.0,1024.99609375,17,1416.2890625
1779138566.660796,3406,2.7343500041752122,5.467650000355206,0.0,1024.99609375,17,1416.2890625
1779138566.6607964,3407,2.7343500041752122,5.46780000149738,0.0,1024.99609375,17,1416.2890625
1779138566.6858954,3408,2.028174996667076,4.702749996795319,0.0,1025.078125,17,1416.2890625
1779138566.685898,3409,2.028174996667076,4.703149999841116,0.0,1025.078125,17,1416.2890625
1779138566.6858985,3410,2.028174996667076,4.703275000792928,0.0,1025.078125,17,1416.2890625
1779138566.685899,3411,2.028174996667076,4.703425001935102,0.0,1025.078125,17,1416.2890625
1779138566.7103455,3412,1.890250001451932,4.591824996168725,38.5,1025.1484375,17,1416.2890625
1779138566.710348,3413,1.890250001451932,4.59219999902416,38.5,1025.1484375,17,1416.2890625
1779138566.7103484,3414,1.890250001451932,4.592324999975972,38.5,1025.1484375,17,1416.2890625
1779138566.7103488,3415,1.890250001451932,4.592425000737421,38.5,1025.1484375,17,1416.2890625
1779138566.7354157,3416,1.839725002355408,4.497750000155065,20.0,1025.29296875,17,1416.2890625
1779138566.7354183,3417,1.839725002355408,4.4981250030105,20.0,1025.29296875,17,1416.2890625
1779138566.7354188,3418,1.839725002355408,4.498275004152674,20.0,1025.29296875,17,1416.2890625
1779138566.7354226,3419,1.839725002355408,4.499250004300848,20.0,1025.29296875,17,1416.2890625
1779138566.7599275,3420,1.9256250016042031,4.587750001519453,0.0,1025.3046875,16,1416.2890625
1779138566.7599304,3421,1.9256250016042031,4.5881750047556125,0.0,1025.3046875,16,1416.2890625
1779138566.7599308,3422,1.9256250016042031,4.588300005707424,0.0,1025.3046875,16,1416.2890625
1779138566.7599313,3423,1.9256250016042031,4.5884499995736405,0.0,1025.3046875,16,1416.2890625
1779138566.7844255,3424,1.7596749967196956,4.445974998816382,33.3,1025.375,16,1416.2890625
1779138566.7844281,3425,1.7596749967196956,4.446399994776584,33.3,1025.375,16,1416.2890625
1779138566.7844286,3426,1.7596749967196956,4.446524995728396,33.3,1025.375,16,1416.2890625
1779138566.784429,3427,1.7596749967196956,4.4466499966802076,33.3,1025.375,16,1416.2890625
1779138566.810621,3428,2.355625001655426,5.047149999882095,0.0,1025.3828125,16,1416.2890625
1779138566.8106236,3429,2.355625001655426,5.047600003308617,0.0,1025.3828125,16,1416.2890625
1779138566.8106244,3430,2.355625001655426,5.047750004450791,0.0,1025.3828125,16,1416.2890625
1779138566.810625,3431,2.355625001655426,5.047899998317007,0.0,1025.3828125,16,1416.2890625
1779138566.836554,3432,2.0291499968152493,4.8209749948000535,20.0,1025.52734375,16,1416.2890625
1779138566.8365562,3433,2.0291499968152493,4.8213499976554886,20.0,1025.52734375,16,1416.2890625
1779138566.836557,3434,2.0291499968152493,4.821499998797663,20.0,1025.52734375,16,1416.2890625
1779138566.8365574,3435,2.0291499968152493,4.821624999749474,20.0,1025.52734375,16,1416.2890625
1779138566.8609822,3436,1.766749999660533,4.439299998921342,9.1,1025.59765625,16,1416.2890625
1779138566.860985,3437,1.766749999660533,4.439725002157502,9.1,1025.59765625,16,1416.2890625
1779138566.8609893,3438,1.766749999660533,4.440849996171892,9.1,1025.59765625,16,1416.2890625
1779138566.8609903,3439,1.766749999660533,4.440999997314066,9.1,1025.59765625,16,1416.2890625
1779138566.8873367,3440,2.256850006233435,4.897650003840681,0.0,1025.60546875,16,1416.2890625
1779138566.887339,3441,2.256850006233435,4.898074999800883,0.0,1025.60546875,16,1416.2890625
1779138566.8873396,3442,2.256850006233435,4.898200000752695,0.0,1025.60546875,16,1416.2890625
1779138566.88734,3443,2.256850006233435,4.898300001514144,0.0,1025.60546875,16,1416.2890625
1779138566.9121995,3444,1.9432499975664541,4.621624997525942,6.7,1025.61328125,16,1416.2890625
1779138566.9122016,3445,1.9432499975664541,4.622050000762101,6.7,1025.61328125,16,1416.2890625
1779138566.9122024,3446,1.9432499975664541,4.622174994437955,6.7,1025.61328125,16,1416.2890625
1779138566.912203,3447,1.9432499975664541,4.622324995580129,6.7,1025.61328125,16,1416.2890625
1779138566.9400418,3448,2.3750499967718497,5.074000000604428,8.3,1025.6171875,16,1416.2890625
1779138566.9400444,3449,2.3750499967718497,5.074399996374268,8.3,1025.6171875,16,1416.2890625
1779138566.9400449,3450,2.3750499967718497,5.074549997516442,8.3,1025.6171875,16,1416.2890625
1779138566.9400454,3451,2.3750499967718497,5.074674998468254,8.3,1025.6171875,16,1416.2890625
1779138566.965382,3452,2.0457249993341975,4.75817500409903,0.0,1025.625,16,1416.2890625
1779138566.9653847,3453,2.0457249993341975,4.758600000059232,0.0,1025.625,16,1416.2890625
1779138566.9653854,3454,2.0457249993341975,4.758750001201406,0.0,1025.625,16,1416.2890625
1779138566.965386,3455,2.0457249993341975,4.75890000234358,0.0,1025.625,16,1416.2890625
1779138566.9914799,3456,2.292324999871198,4.976750002242625,11.1,1025.62890625,16,1416.2890625
1779138566.991482,3457,2.292324999871198,4.977124997822102,11.1,1025.62890625,16,1416.2890625
1779138566.991487,3458,2.292324999871198,4.978375000064261,11.1,1025.62890625,16,1416.2890625
1779138566.9914875,3459,2.292324999871198,4.978550001396798,11.1,1025.62890625,16,1416.2890625
1779138567.0186775,3460,2.2322500008158386,4.95855000190204,16.7,1025.6328125,16,1416.2890625
1779138567.01868,3461,2.2322500008158386,4.959024998242967,16.7,1025.6328125,16,1416.2890625
1779138567.0186806,3462,2.2322500008158386,4.959174999385141,16.7,1025.6328125,16,1416.2890625
1779138567.0186813,3463,2.2322500008158386,4.9593000003369525,16.7,1025.6328125,16,1416.2890625
1779138567.044869,3464,2.1543249968090095,4.881224995187949,0.0,1025.6328125,16,1416.2890625
1779138567.0448713,3465,2.1543249968090095,4.881624998233747,0.0,1025.6328125,16,1416.2890625
1779138567.0448723,3466,2.1543249968090095,4.881774999375921,0.0,1025.6328125,16,1416.2890625
1779138567.0448725,3467,2.1543249968090095,4.881900000327732,0.0,1025.6328125,16,1416.2890625
1779138567.069234,3468,1.8757999932859093,4.509974998654798,20.0,1025.6328125,16,1416.2890625
1779138567.0692365,3469,1.8757999932859093,4.510399994615,20.0,1025.6328125,16,1416.2890625
1779138567.069237,3470,1.8757999932859093,4.510549995757174,20.0,1025.6328125,16,1416.2890625
1779138567.0692377,3471,1.8757999932859093,4.510674996708985,20.0,1025.6328125,16,1416.2890625
1779138567.0947337,3472,2.0775500015588477,4.798025001946371,0.0,1025.63671875,16,1416.2890625
1779138567.094736,3473,2.0775500015588477,4.798425004992168,0.0,1025.63671875,16,1416.2890625
1779138567.0947366,3474,2.0775500015588477,4.798575006134342,0.0,1025.63671875,16,1416.2890625
1779138567.094737,3475,2.0775500015588477,4.7986999998101965,0.0,1025.63671875,16,1416.2890625
1779138567.1209176,3476,2.0664500043494627,4.705525003373623,0.0,1025.640625,16,1416.2890625
1779138567.1209228,3477,2.0664500043494627,4.7067249979591,0.0,1025.640625,16,1416.2890625
1779138567.1209238,3478,2.0664500043494627,4.706849998910911,0.0,1025.640625,16,1416.2890625
1779138567.120924,3479,2.0664500043494627,4.707000000053085,0.0,1025.640625,16,1416.2890625
1779138567.1473181,3480,2.3688250003033318,4.987950000213459,10.0,1025.64453125,16,1416.2890625
1779138567.1473205,3481,2.3688250003033318,4.9883500032592565,10.0,1025.64453125,16,1416.2890625
1779138567.147321,3482,2.3688250003033318,4.9885000044014305,10.0,1025.64453125,16,1416.2890625
1779138567.1473217,3483,2.3688250003033318,4.9886500055436045,10.0,1025.64453125,16,1416.2890625
1779138567.173292,3484,2.07570000202395,4.7227750037563965,0.0,1025.64453125,16,1416.2890625
1779138567.1732945,3485,2.07570000202395,4.7231999997165985,0.0,1025.64453125,16,1416.2890625
1779138567.173295,3486,2.07570000202395,4.723375001049135,0.0,1025.64453125,16,1416.2890625
1779138567.173296,3487,2.07570000202395,4.7235000020009466,0.0,1025.64453125,16,1416.2890625
1779138567.2004132,3488,2.341550003620796,5.05785000132164,0.0,1025.64453125,16,1416.2890625
1779138567.2004158,3489,2.341550003620796,5.058300004748162,0.0,1025.64453125,16,1416.2890625
1779138567.2004163,3490,2.341550003620796,5.058424998424016,0.0,1025.64453125,16,1416.2890625
1779138567.2004168,3491,2.341550003620796,5.058549999375828,0.0,1025.64453125,16,1416.2890625
1779138567.2272065,3492,2.3133249997044913,5.0571000028867275,22.2,1025.65234375,16,1416.2890625
1779138567.2272089,3493,2.3133249997044913,5.0574750057421625,22.2,1025.65234375,16,1416.2890625
1779138567.2272096,3494,2.3133249997044913,5.0576250068843365,22.2,1025.65234375,16,1416.2890625
1779138567.22721,3495,2.3133249997044913,5.0577500005601905,22.2,1025.65234375,16,1416.2890625
1779138567.252522,3496,1.785925000149291,4.4612499987124465,27.3,1025.66015625,16,1416.2890625
1779138567.2525246,3497,1.785925000149291,4.461649994482286,27.3,1025.66015625,16,1416.2890625
1779138567.252525,3498,1.785925000149291,4.46179999562446,27.3,1025.66015625,16,1416.2890625
1779138567.2525256,3499,1.785925000149291,4.461924996576272,27.3,1025.66015625,16,1416.2890625
1779138567.2898722,3500,4.641674997401424,7.73552500322694,66.7,1025.6640625,15,1416.2890625
1779138567.289876,3501,4.641674997401424,7.736200001090765,66.7,1025.6640625,15,1416.2890625
1779138567.2898767,3502,4.641674997401424,7.736375002423301,66.7,1025.6640625,15,1416.2890625
1779138567.2898774,3503,4.641674997401424,7.736525003565475,66.7,1025.6640625,15,1416.2890625
1779138567.3212876,3504,2.623025000502821,5.322550001437776,14.3,1025.6640625,15,1416.2890625
1779138567.3212914,3505,2.623025000502821,5.323175006196834,14.3,1025.6640625,15,1416.2890625
1779138567.3212924,3506,2.623025000502821,5.323375000443775,14.3,1025.6640625,15,1416.2890625
1779138567.321293,3507,2.623025000502821,5.323575001966674,14.3,1025.6640625,15,1416.2890625
1779138567.3522177,3508,2.5701749982545152,5.282999998598825,0.0,1025.6640625,15,1416.2890625
1779138567.3522198,3509,2.5701749982545152,5.2834000016446225,0.0,1025.6640625,15,1416.2890625
1779138567.3522208,3510,2.5701749982545152,5.283525002596434,0.0,1025.6640625,15,1416.2890625
1779138567.3522213,3511,2.5701749982545152,5.283649996272288,0.0,1025.6640625,15,1416.2890625
1779138567.3823621,3512,2.8956250025657937,5.6215750009869225,8.3,1025.6640625,15,1416.2890625
1779138567.3823652,3513,2.8956250025657937,5.622125005174894,8.3,1025.6640625,15,1416.2890625
1779138567.382366,3514,2.8956250025657937,5.62230000650743,8.3,1025.6640625,15,1416.2890625
1779138567.3823664,3515,2.8956250025657937,5.622425000183284,8.3,1025.6640625,15,1416.2890625
1779138567.4062471,3516,1.7158500049845316,4.45659999968484,30.8,1025.66796875,15,1416.2890625
1779138567.4062498,3517,1.7158500049845316,4.457025002921,30.8,1025.66796875,15,1416.2890625
1779138567.4062505,3518,1.7158500049845316,4.4572000042535365,30.8,1025.66796875,15,1416.2890625
1779138567.406251,3519,1.7158500049845316,4.457349998119753,30.8,1025.66796875,15,1416.2890625
1779138567.4320946,3520,2.2360000002663583,4.889424999419134,0.0,1025.66796875,15,1416.2890625
1779138567.432097,3521,2.2360000002663583,4.889899995760061,0.0,1025.66796875,15,1416.2890625
1779138567.4320974,3522,2.2360000002663583,4.88999999652151,0.0,1025.66796875,15,1416.2890625
1779138567.4320982,3523,2.2360000002663583,4.890149997663684,0.0,1025.66796875,15,1416.2890625
1779138567.4575417,3524,1.8477499979780987,4.625850000593346,0.0,1025.67578125,15,1416.2890625
1779138567.457544,3525,1.8477499979780987,4.626250003639143,0.0,1025.67578125,15,1416.2890625
1779138567.4575448,3526,1.8477499979780987,4.626399997505359,0.0,1025.67578125,15,1416.2890625
1779138567.4575455,3527,1.8477499979780987,4.626549998647533,0.0,1025.67578125,15,1416.2890625
1779138567.4832337,3528,2.0249499939382076,4.637699996237643,21.4,1025.6796875,15,1416.2890625
1779138567.483236,3529,2.0249499939382076,4.638074999093078,21.4,1025.6796875,15,1416.2890625
1779138567.4832368,3530,2.0249499939382076,4.638225000235252,21.4,1025.6796875,15,1416.2890625
1779138567.4832373,3531,2.0249499939382076,4.638324993720744,21.4,1025.6796875,15,1416.2890625
1779138567.5099132,3532,2.550075005274266,5.227225003181957,0.0,1025.6796875,15,1416.2890625
1779138567.5099154,3533,2.550075005274266,5.227625006227754,0.0,1025.6796875,15,1416.2890625
1779138567.509916,3534,2.550075005274266,5.227749999903608,0.0,1025.6796875,15,1416.2890625
1779138567.5099168,3535,2.550075005274266,5.227900001045782,0.0,1025.6796875,15,1416.2890625
1779138567.5342114,3536,1.8026000034296885,4.558550004730932,11.1,1025.68359375,15,1416.2890625
1779138567.5342138,3537,1.8026000034296885,4.5589750006911345,11.1,1025.68359375,15,1416.2890625
1779138567.5342145,3538,1.8026000034296885,4.5591250018333085,11.1,1025.68359375,15,1416.2890625
1779138567.5342152,3539,1.8026000034296885,4.559300003165845,11.1,1025.68359375,15,1416.2890625
1779138567.55905,3540,1.9689999971888028,4.644349995942321,0.0,1025.68359375,15,1416.2890625
1779138567.5590525,3541,1.9689999971888028,4.64477499917848,0.0,1025.68359375,15,1416.2890625
1779138567.559053,3542,1.9689999971888028,4.64487499993993,0.0,1025.68359375,15,1416.2890625
1779138567.559054,3543,1.9689999971888028,4.645049993996508,0.0,1025.68359375,15,1416.2890625
1779138567.5834658,3544,1.8073749961331487,4.539474997727666,10.0,1025.68359375,15,1416.2890625
1779138567.5834682,3545,1.8073749961331487,4.539900000963826,10.0,1025.68359375,15,1416.2890625
1779138567.583469,3546,1.8073749961331487,4.540025001915637,10.0,1025.68359375,15,1416.2890625
1779138567.5834694,3547,1.8073749961331487,4.540175003057811,10.0,1025.68359375,15,1416.2890625
1779138567.6079564,3548,1.8562249970273115,4.51407500077039,0.0,1025.68359375,15,1416.2890625
1779138567.6079588,3549,1.8562249970273115,4.51447499654023,0.0,1025.68359375,15,1416.2890625
1779138567.6079595,3550,1.8562249970273115,4.514599997492041,0.0,1025.68359375,15,1416.2890625
1779138567.60796,3551,1.8562249970273115,4.514724998443853,0.0,1025.68359375,15,1416.2890625
1779138567.633617,3552,2.2192249962245114,4.890999996860046,31.6,1025.68359375,15,1416.2890625
1779138567.6336193,3553,2.2192249962245114,4.891349999525119,31.6,1025.68359375,15,1416.2890625
1779138567.63362,3554,2.2192249962245114,4.891500000667293,31.6,1025.68359375,15,1416.2890625
1779138567.633622,3555,2.2192249962245114,4.891999997198582,31.6,1025.68359375,15,1416.2890625
1779138567.660856,3556,2.0048500009579584,4.714299997431226,9.1,1025.6953125,15,1416.2890625
1779138567.6608586,3557,2.0048500009579584,4.714675000286661,9.1,1025.6953125,15,1416.2890625
1779138567.660859,3558,2.0048500009579584,4.714800001238473,9.1,1025.6953125,15,1416.2890625
1779138567.6608596,3559,2.0048500009579584,4.714950002380647,9.1,1025.6953125,15,1416.2890625
1779138567.690877,3560,2.765899997029919,5.513074996997602,33.3,1025.76953125,15,1416.2890625
1779138567.6908796,3561,2.765899997029919,5.513449999853037,33.3,1025.76953125,15,1416.2890625
1779138567.69088,3562,2.765899997029919,5.513599993719254,33.3,1025.76953125,15,1416.2890625
1779138567.6908805,3563,2.765899997029919,5.513724994671065,33.3,1025.76953125,15,1416.2890625
1779138567.7154884,3564,1.9700749980984256,4.672324997955002,0.0,1025.76953125,15,1416.2890625
1779138567.715491,3565,1.9700749980984256,4.672724993724842,0.0,1025.76953125,15,1416.2890625
1779138567.7154915,3566,1.9700749980984256,4.672874994867016,0.0,1025.76953125,15,1416.2890625
1779138567.7154922,3567,1.9700749980984256,4.672999995818827,0.0,1025.76953125,15,1416.2890625
1779138567.7400768,3568,1.9861250038957223,4.633700002159458,6.2,1025.76953125,15,1416.2890625
1779138567.7400794,3569,1.9861250038957223,4.634099997929297,6.2,1025.76953125,15,1416.2890625
1779138567.74008,3570,1.9861250038957223,4.634224998881109,6.2,1025.76953125,15,1416.2890625
1779138567.7400804,3571,1.9861250038957223,4.634375000023283,6.2,1025.76953125,15,1416.2890625
1779138567.7658918,3572,2.2269750043051317,4.877425002632663,8.3,1025.76953125,15,1416.2890625
1779138567.7658944,3573,2.2269750043051317,4.877874998783227,8.3,1025.76953125,15,1416.2890625
1779138567.7658951,3574,2.2269750043051317,4.878050000115763,8.3,1025.76953125,15,1416.2890625
1779138567.7658992,3575,2.2269750043051317,4.8790750006446615,8.3,1025.76953125,15,1416.2890625
1779138567.792847,3576,2.3334000070462935,5.040525000367779,0.0,1025.7734375,15,1416.2890625
1779138567.7928493,3577,2.3334000070462935,5.040950003603939,0.0,1025.7734375,15,1416.2890625
1779138567.7928503,3578,2.3334000070462935,5.041100004746113,0.0,1025.7734375,15,1416.2890625
1779138567.7928507,3579,2.3334000070462935,5.041250005888287,0.0,1025.7734375,15,1416.2890625
1779138567.8183327,3580,2.143999998224899,4.8318250046577305,16.7,1025.77734375,15,1416.2890625
1779138567.818335,3581,2.143999998224899,4.832200000237208,16.7,1025.77734375,15,1416.2890625
1779138567.8183355,3582,2.143999998224899,4.832350001379382,16.7,1025.77734375,15,1416.2890625
1779138567.8183362,3583,2.143999998224899,4.832500002521556,16.7,1025.77734375,15,1416.2890625
1779138567.8444903,3584,2.2094999949331395,4.975174997525755,0.0,1025.77734375,15,1416.2890625
1779138567.844493,3585,2.2094999949331395,4.975599993485957,0.0,1025.77734375,15,1416.2890625
1779138567.8444934,3586,2.2094999949331395,4.975749994628131,0.0,1025.77734375,15,1416.2890625
1779138567.8444939,3587,2.2094999949331395,4.975849995389581,0.0,1025.77734375,15,1416.2890625
1779138567.8707347,3588,2.171000000089407,4.898275001323782,0.0,1025.77734375,15,1416.2890625
1779138567.8707368,3589,2.171000000089407,4.898649996903259,0.0,1025.77734375,15,1416.2890625
1779138567.8707373,3590,2.171000000089407,4.898774997855071,0.0,1025.77734375,15,1416.2890625
1779138567.870738,3591,2.171000000089407,4.898924998997245,0.0,1025.77734375,15,1416.2890625
1779138567.8962147,3592,2.1333499971660785,4.840549998334609,21.4,1025.77734375,15,1416.2890625
1779138567.8962176,3593,2.1333499971660785,4.841050002141856,21.4,1025.77734375,15,1416.2890625
1779138567.8962235,3594,2.1333499971660785,4.842524998821318,21.4,1025.77734375,15,1416.2890625
1779138567.8962243,3595,2.1333499971660785,4.84264999977313,21.4,1025.77734375,15,1416.2890625
1779138567.9223745,3596,2.0579250049195252,4.8537500042584725,22.2,1025.78125,15,1416.2890625
1779138567.922377,3597,2.0579250049195252,4.854200000409037,22.2,1025.78125,15,1416.2890625
1779138567.9223778,3598,2.0579250049195252,4.854350001551211,22.2,1025.78125,15,1416.2890625
1779138567.9223785,3599,2.0579250049195252,4.854525002883747,22.2,1025.78125,15,1416.2890625
1779138567.9473493,3600,1.9919000042136759,4.676125005062204,0.0,1025.78125,15,1416.2890625
1779138567.9473515,3601,1.9919000042136759,4.676525000832044,0.0,1025.78125,15,1416.2890625
1779138567.9473524,3602,1.9919000042136759,4.676675001974218,0.0,1025.78125,15,1416.2890625
1779138567.9473526,3603,1.9919000042136759,4.676825003116392,0.0,1025.78125,15,1416.2890625
1779138567.9730606,3604,2.1130250024725683,4.863225003646221,10.0,1025.78125,15,1416.2890625
1779138567.9730632,3605,2.1130250024725683,4.863649999606423,10.0,1025.78125,15,1416.2890625
1779138567.9730637,3606,2.1130250024725683,4.863775000558235,10.0,1025.78125,15,1416.2890625
1779138567.9730642,3607,2.1130250024725683,4.863875001319684,10.0,1025.78125,15,1416.2890625
1779138567.9997609,3608,2.1631500057992525,4.789425001945347,10.0,1025.78515625,15,1416.2890625
1779138567.9997633,3609,2.1631500057992525,4.789825004991144,10.0,1025.78515625,15,1416.2890625
1779138567.999764,3610,2.1631500057992525,4.789975006133318,10.0,1025.78515625,15,1416.2890625
1779138567.9997644,3611,2.1631500057992525,4.790124999999534,10.0,1025.78515625,15,1416.2890625
1779138568.0260265,3612,2.3751250046188943,5.025425001804251,0.0,1025.78515625,15,1416.2890625
1779138568.026029,3613,2.3751250046188943,5.025825004850049,0.0,1025.78515625,15,1416.2890625
1779138568.0260339,3614,2.3751250046188943,5.027000006521121,0.0,1025.78515625,15,1416.2890625
1779138568.0260344,3615,2.3751250046188943,5.027150000387337,0.0,1025.78515625,15,1416.2890625
1779138568.0509548,3616,2.041725005256012,4.669800000556279,30.8,1025.7890625,15,1416.2890625
1779138568.0509572,3617,2.041725005256012,4.670200003602076,30.8,1025.7890625,15,1416.2890625
1779138568.050958,3618,2.041725005256012,4.670325004553888,30.8,1025.7890625,15,1416.2890625
1779138568.0509582,3619,2.041725005256012,4.670425005315337,30.8,1025.7890625,15,1416.2890625
1779138568.0780013,3620,2.268149997689761,4.978600001777522,36.4,1025.79296875,15,1416.2890625
1779138568.078004,3621,2.268149997689761,4.979024997737724,36.4,1025.79296875,15,1416.2890625
1779138568.0780046,3622,2.268149997689761,4.979149998689536,36.4,1025.79296875,15,1416.2890625
1779138568.078005,3623,2.268149997689761,4.979274999641348,36.4,1025.79296875,15,1416.2890625
1779138568.1020415,3624,1.7634249961702153,4.468824998184573,8.3,1025.79296875,15,1416.2890625
1779138568.102044,3625,1.7634249961702153,4.469250001420733,8.3,1025.79296875,15,1416.2890625
1779138568.1020446,3626,1.7634249961702153,4.469375002372544,8.3,1025.79296875,15,1416.2890625
1779138568.1020455,3627,1.7634249961702153,4.469549996429123,8.3,1025.79296875,15,1416.2890625
1779138568.1262183,3628,1.8196499950136058,4.493799999181647,15.4,1025.79296875,15,1416.2890625
1779138568.1262205,3629,1.8196499950136058,4.494174994761124,15.4,1025.79296875,15,1416.2890625
1779138568.1262214,3630,1.8196499950136058,4.494349996093661,15.4,1025.79296875,15,1416.2890625
1779138568.126222,3631,1.8196499950136058,4.494499997235835,15.4,1025.79296875,15,1416.2890625
1779138568.151934,3632,2.391225003520958,4.9996750021819025,0.0,1025.79296875,15,1416.2890625
1779138568.151938,3633,2.391225003520958,5.000450000807177,0.0,1025.79296875,15,1416.2890625
1779138568.151939,3634,2.391225003520958,5.000575001758989,0.0,1025.79296875,15,1416.2890625
1779138568.1519392,3635,2.391225003520958,5.000725002901163,0.0,1025.79296875,15,1416.2890625
1779138568.177319,3636,2.173975000914652,4.8285500015481375,0.0,1025.80078125,15,1416.2890625
1779138568.1773214,3637,2.173975000914652,4.828950004593935,0.0,1025.80078125,15,1416.2890625
1779138568.177322,3638,2.173975000914652,4.8290750055457465,0.0,1025.80078125,15,1416.2890625
1779138568.1773224,3639,2.173975000914652,4.8292250066879205,0.0,1025.80078125,15,1416.2890625
1779138568.2052438,3640,2.6842750012292527,5.4763000007369556,27.3,1025.80078125,15,1416.2890625
1779138568.2052464,3641,2.6842750012292527,5.47677500435384,27.3,1025.80078125,15,1416.2890625
1779138568.2052472,3642,2.6842750012292527,5.476900005305652,27.3,1025.80078125,15,1416.2890625
1779138568.2052476,3643,2.6842750012292527,5.477049999171868,27.3,1025.80078125,15,1416.2890625
1779138568.2308664,3644,2.1480249997694045,4.801249997399282,0.0,1025.80078125,15,1416.2890625
1779138568.2308695,3645,2.1480249997694045,4.801700000825804,0.0,1025.80078125,15,1416.2890625
1779138568.23087,3646,2.1480249997694045,4.801850001967978,0.0,1025.80078125,15,1416.2890625
1779138568.2308705,3647,2.1480249997694045,4.802000003110152,0.0,1025.80078125,15,1416.2890625
1779138568.2572844,3648,2.412949994322844,5.0824249992729165,30.0,1025.80078125,15,1416.2890625
1779138568.2572873,3649,2.412949994322844,5.0828499952331185,30.0,1025.80078125,15,1416.2890625
1779138568.2572877,3650,2.412949994322844,5.0829999963752925,30.0,1025.80078125,15,1416.2890625
1779138568.2572885,3651,2.412949994322844,5.0831499975174665,30.0,1025.80078125,15,1416.2890625
1779138568.2879598,3652,3.0556749989045784,5.749149997427594,20.0,1025.80078125,16,1416.2890625
1779138568.2879667,3653,3.0556749989045784,5.750625001383014,20.0,1025.80078125,16,1416.2890625
1779138568.2879672,3654,3.0556749989045784,5.750749995058868,20.0,1025.80078125,16,1416.2890625
1779138568.2879677,3655,3.0556749989045784,5.750899996201042,20.0,1025.80078125,16,1416.2890625
1779138568.315677,3656,2.231174999906216,4.8574999964330345,0.0,1025.80859375,16,1416.2890625
1779138568.3156796,3657,2.231174999906216,4.857924999669194,0.0,1025.80859375,16,1416.2890625
1779138568.3156803,3658,2.231174999906216,4.858050000621006,0.0,1025.80859375,16,1416.2890625
1779138568.3156807,3659,2.231174999906216,4.85820000176318,0.0,1025.80859375,16,1416.2890625
1779138568.3410735,3660,2.1593249985016882,4.767874997924082,0.0,1025.80859375,16,1416.2890625
1779138568.3410778,3661,2.1593249985016882,4.768724997120444,0.0,1025.80859375,16,1416.2890625
1779138568.3410785,3662,2.1593249985016882,4.768874998262618,0.0,1025.80859375,16,1416.2890625
1779138568.341079,3663,2.1593249985016882,4.769024999404792,0.0,1025.80859375,16,1416.2890625
1779138568.3674073,3664,2.260675006255042,4.914725002890918,44.4,1025.8125,16,1416.2890625
1779138568.36741,3665,2.260675006255042,4.915125005936716,44.4,1025.8125,16,1416.2890625
1779138568.3674107,3666,2.260675006255042,4.915274999802932,44.4,1025.8125,16,1416.2890625
1779138568.3674111,3667,2.260675006255042,4.915425000945106,44.4,1025.8125,16,1416.2890625
1779138568.3918283,3668,1.6725500026950613,4.293950005376246,9.1,1025.8125,16,1416.2890625
1779138568.3918307,3669,1.6725500026950613,4.294375001336448,9.1,1025.8125,16,1416.2890625
1779138568.3918316,3670,1.6725500026950613,4.294525002478622,9.1,1025.8125,16,1416.2890625
1779138568.391832,3671,1.6725500026950613,4.294650003430434,9.1,1025.8125,16,1416.2890625
1779138568.417749,3672,1.9027499947696924,4.6061499961069785,0.0,1025.81640625,16,1416.2890625
1779138568.4177516,3673,1.9027499947696924,4.606549999152776,0.0,1025.81640625,16,1416.2890625
1779138568.417752,3674,1.9027499947696924,4.606699993018992,0.0,1025.81640625,16,1416.2890625
1779138568.4177525,3675,1.9027499947696924,4.606824993970804,0.0,1025.81640625,16,1416.2890625
1779138568.4433243,3676,2.1618250029860064,4.87082500330871,6.2,1025.81640625,16,1416.2890625
1779138568.4433267,3677,2.1618250029860064,4.871249999268912,6.2,1025.81640625,16,1416.2890625
1779138568.4433274,3678,2.1618250029860064,4.871400000411086,6.2,1025.81640625,16,1416.2890625
1779138568.4433277,3679,2.1618250029860064,4.871500001172535,6.2,1025.81640625,16,1416.2890625
1779138568.4695463,3680,2.3409499990521,5.04969999747118,16.7,1025.8203125,16,1416.2890625
1779138568.4695487,3681,2.3409499990521,5.0501250007073395,16.7,1025.8203125,16,1416.2890625
1779138568.4695494,3682,2.3409499990521,5.050250001659151,16.7,1025.8203125,16,1416.2890625
1779138568.46955,3683,2.3409499990521,5.05042499571573,16.7,1025.8203125,16,1416.2890625
1779138568.495734,3684,2.1761500029242598,4.863925001700409,0.0,1025.8203125,16,1416.2890625
1779138568.4957364,3685,2.1761500029242598,4.8643249974702485,0.0,1025.8203125,16,1416.2890625
1779138568.4957368,3686,2.1761500029242598,4.8644749986124225,0.0,1025.8203125,16,1416.2890625
1779138568.4957373,3687,2.1761500029242598,4.864599999564234,0.0,1025.8203125,16,1416.2890625
1779138568.5203352,3688,2.0560249977279454,4.702949998318218,7.7,1025.82421875,16,1416.2890625
1779138568.5203376,3689,2.0560249977279454,4.70340000174474,7.7,1025.82421875,16,1416.2890625
1779138568.520338,3690,2.0560249977279454,4.703575003077276,7.7,1025.82421875,16,1416.2890625
1779138568.520339,3691,2.0560249977279454,4.703724996943492,7.7,1025.82421875,16,1416.2890625
1779138568.5440512,3692,1.7570000054547563,4.40330000128597,0.0,1025.828125,16,1416.2890625
1779138568.5440538,3693,1.7570000054547563,4.403700004331768,0.0,1025.828125,16,1416.2890625
1779138568.5440543,3694,1.7570000054547563,4.403825005283579,0.0,1025.828125,16,1416.2890625
1779138568.5440547,3695,1.7570000054547563,4.403975006425753,0.0,1025.828125,16,1416.2890625
1779138568.5699236,3696,2.208925005106721,4.880849999608472,16.7,1025.828125,16,1416.2890625
1779138568.5699263,3697,2.208925005106721,4.881250002654269,16.7,1025.828125,16,1416.2890625
1779138568.569927,3698,2.208925005106721,4.881400003796443,16.7,1025.828125,16,1416.2890625
1779138568.5699275,3699,2.208925005106721,4.881525004748255,16.7,1025.828125,16,1416.2890625
1779138568.5956025,3700,2.180224997573532,4.838000000745524,33.3,1025.828125,16,1416.2890625
1779138568.595605,3701,2.180224997573532,4.838374996325001,33.3,1025.828125,16,1416.2890625
1779138568.5956056,3702,2.180224997573532,4.838499997276813,33.3,1025.828125,16,1416.2890625
1779138568.595606,3703,2.180224997573532,4.838674998609349,33.3,1025.828125,16,1416.2890625
1779138568.6197135,3704,1.9424249985604547,4.575375001877546,0.0,1025.828125,16,1416.2890625
1779138568.619716,3705,1.9424249985604547,4.575724997266661,0.0,1025.828125,16,1416.2890625
1779138568.6197164,3706,1.9424249985604547,4.575874998408835,0.0,1025.828125,16,1416.2890625
1779138568.619717,3707,1.9424249985604547,4.575999999360647,0.0,1025.828125,16,1416.2890625
1779138568.645505,3708,2.222549999714829,4.905900001176633,50.0,1025.828125,16,1416.2890625
1779138568.6455076,3709,2.222549999714829,4.906299996946473,50.0,1025.828125,16,1416.2890625
1779138568.645508,3710,2.222549999714829,4.906424997898284,50.0,1025.828125,16,1416.2890625
1779138568.6455123,3711,2.222549999714829,4.907524998998269,50.0,1025.828125,16,1416.2890625
1779138568.6725774,3712,1.9718250041478314,4.705575003754348,12.5,1025.83203125,16,1416.2890625
1779138568.6725798,3713,1.9718250041478314,4.705949999333825,12.5,1025.83203125,16,1416.2890625
1779138568.6725802,3714,1.9718250041478314,4.706050000095274,12.5,1025.83203125,16,1416.2890625
1779138568.6725807,3715,1.9718250041478314,4.706175001047086,12.5,1025.83203125,16,1416.2890625
1779138568.6987054,3716,2.220800000941381,4.920949999359436,0.0,1026.71875,16,1416.2890625
1779138568.6987085,3717,2.220800000941381,4.921449995890725,0.0,1026.71875,16,1416.2890625
1779138568.698709,3718,2.220800000941381,4.921624997223262,0.0,1026.71875,16,1416.2890625
1779138568.6987097,3719,2.220800000941381,4.921774998365436,0.0,1026.71875,16,1416.2890625
1779138568.7289755,3720,3.297850002127234,5.9962750019622035,0.0,1026.71875,16,1416.2890625
1779138568.7289782,3721,3.297850002127234,5.996750005579088,0.0,1026.71875,16,1416.2890625
1779138568.728979,3722,3.297850002127234,5.996925006911624,0.0,1026.71875,16,1416.2890625
1779138568.7289798,3723,3.297850002127234,5.997050000587478,0.0,1026.71875,16,1416.2890625
1779138568.7601178,3724,2.119750002748333,4.914400000416208,0.0,1026.71875,15,1416.2890625
1779138568.7601204,3725,2.119750002748333,4.91485000384273,0.0,1026.71875,15,1416.2890625
1779138568.7601209,3726,2.119750002748333,4.914975004794542,0.0,1026.71875,15,1416.2890625
1779138568.7601216,3727,2.119750002748333,4.915125005936716,0.0,1026.71875,15,1416.2890625
1779138568.7904618,3728,2.6490000018384308,5.458100000396371,45.5,1026.71875,15,1416.2890625
1779138568.7904642,3729,2.6490000018384308,5.458475003251806,45.5,1026.71875,15,1416.2890625
1779138568.790465,3730,2.6490000018384308,5.458650004584342,45.5,1026.71875,15,1416.2890625
1779138568.790469,3731,2.6490000018384308,5.459600004542153,45.5,1026.71875,15,1416.2890625
1779138568.8180802,3732,1.987200004805345,4.837774999032263,31.2,1026.72265625,15,1416.2890625
1779138568.8180842,3733,1.987200004805345,4.838425003981683,31.2,1026.72265625,15,1416.2890625
1779138568.8180854,3734,1.987200004805345,4.838674998609349,31.2,1026.72265625,15,1416.2890625
1779138568.8180861,3735,1.987200004805345,4.838875000132248,31.2,1026.72265625,15,1416.2890625
1779138568.8459365,3736,2.0032499960507266,4.715974995633587,21.4,1026.72265625,15,1416.2890625
1779138568.8459394,3737,2.0032499960507266,4.716374998679385,21.4,1026.72265625,15,1416.2890625
1779138568.8459399,3738,2.0032499960507266,4.716524999821559,21.4,1026.72265625,15,1416.2890625
1779138568.8459406,3739,2.0032499960507266,4.716675000963733,21.4,1026.72265625,15,1416.2890625
1779138568.872386,3740,2.256024999951478,5.027324994443916,0.0,1026.72265625,15,1416.2890625
1779138568.8723886,3741,2.256024999951478,5.0277499976800755,0.0,1026.72265625,15,1416.2890625
1779138568.8723893,3742,2.256024999951478,5.0278999988222495,0.0,1026.72265625,15,1416.2890625
1779138568.8723898,3743,2.256024999951478,5.028024999774061,0.0,1026.72265625,15,1416.2890625
1779138568.8971972,3744,1.8063500028802082,4.626825000741519,41.7,1026.73046875,15,1416.2890625
1779138568.8971999,3745,1.8063500028802082,4.627225003787316,41.7,1026.73046875,15,1416.2890625
1779138568.8972003,3746,1.8063500028802082,4.62734999746317,41.7,1026.73046875,15,1416.2890625
1779138568.8972008,3747,1.8063500028802082,4.627474998414982,41.7,1026.73046875,15,1416.2890625
1779138568.926417,3748,3.0043000006116927,5.688274999556597,12.5,1026.73046875,15,1416.2890625
1779138568.9264197,3749,3.0043000006116927,5.688675002602395,12.5,1026.73046875,15,1416.2890625
1779138568.926423,3750,3.0043000006116927,5.689525001798756,12.5,1026.73046875,15,1416.2890625
1779138568.9264238,3751,3.0043000006116927,5.689700003131293,12.5,1026.73046875,15,1416.2890625
1779138568.9527967,3752,2.2611500025959685,5.07077499787556,53.8,1026.734375,15,1416.2890625
1779138568.9528015,3753,2.2611500025959685,5.0715999968815595,53.8,1026.734375,15,1416.2890625
1779138568.952803,3754,2.2611500025959685,5.071849998785183,53.8,1026.734375,15,1416.2890625
1779138568.9528039,3755,2.2611500025959685,5.0721250008791685,53.8,1026.734375,15,1416.2890625
1779138568.980099,3756,1.753324999299366,4.504699994868133,0.0,1026.734375,15,1416.2890625
1779138568.9801013,3757,1.753324999299366,4.505074997723568,0.0,1026.734375,15,1416.2890625
1779138568.980102,3758,1.753324999299366,4.50519999867538,0.0,1026.734375,15,1416.2890625
1779138568.9801025,3759,1.753324999299366,4.505349999817554,0.0,1026.734375,15,1416.2890625
1779138569.006762,3760,2.229600002465304,4.832824997720309,33.3,1026.734375,15,1416.2890625
1779138569.0067647,3761,2.229600002465304,4.833250000956468,33.3,1026.734375,15,1416.2890625
1779138569.0067654,3762,2.229600002465304,4.833400002098642,33.3,1026.734375,15,1416.2890625
1779138569.0067656,3763,2.229600002465304,4.833500002860092,33.3,1026.734375,15,1416.2890625
1779138569.035868,3764,2.9291000028024428,5.632774998957757,21.4,1026.734375,15,1416.2890625
1779138569.0358706,3765,2.9291000028024428,5.633175002003554,21.4,1026.734375,15,1416.2890625
1779138569.035871,3766,2.9291000028024428,5.633325003145728,21.4,1026.734375,15,1416.2890625
1779138569.0358715,3767,2.9291000028024428,5.633475004287902,21.4,1026.734375,15,1416.2890625
1779138569.061003,3768,1.9370999943930656,4.685449996031821,0.0,1026.73828125,15,1416.2890625
1779138569.0610054,3769,1.9370999943930656,4.6858749992679805,0.0,1026.73828125,15,1416.2890625
1779138569.0610087,3770,1.9370999943930656,4.6866749980836175,0.0,1026.73828125,15,1416.2890625
1779138569.0610092,3771,1.9370999943930656,4.686799999035429,0.0,1026.73828125,15,1416.2890625
1779138569.0878816,3772,2.0799999983864836,4.79227500181878,0.0,1026.7421875,15,1416.2890625
1779138569.0878837,3773,2.0799999983864836,4.792675004864577,0.0,1026.7421875,15,1416.2890625
1779138569.0878842,3774,2.0799999983864836,4.792799998540431,0.0,1026.7421875,15,1416.2890625
1779138569.087885,3775,2.0799999983864836,4.792949999682605,0.0,1026.7421875,15,1416.2890625
1779138569.1153827,3776,2.292574994498864,5.014524998841807,50.0,1026.7421875,15,1416.2890625
1779138569.115385,3777,2.292574994498864,5.014924994611647,50.0,1026.7421875,15,1416.2890625
1779138569.1153858,3778,2.292574994498864,5.015049995563459,50.0,1026.7421875,15,1416.2890625
1779138569.1153865,3779,2.292574994498864,5.01517499651527,50.0,1026.7421875,15,1416.2890625
1779138569.1413248,3780,2.133249996404629,4.882000001089182,20.0,1026.7421875,15,1416.2890625
1779138569.1413271,3781,2.133249996404629,4.882424997049384,20.0,1026.7421875,15,1416.2890625
1779138569.1413276,3782,2.133249996404629,4.8825499980011955,20.0,1026.7421875,15,1416.2890625
1779138569.141328,3783,2.133249996404629,4.8826999991433695,20.0,1026.7421875,15,1416.2890625
1779138569.1672685,3784,2.2013250054442324,4.948525005602278,0.0,1026.7421875,15,1416.2890625
1779138569.1672711,3785,2.2013250054442324,4.948900001181755,0.0,1026.7421875,15,1416.2890625
1779138569.1672716,3786,2.2013250054442324,4.949025002133567,0.0,1026.7421875,15,1416.2890625
1779138569.167272,3787,2.2013250054442324,4.949175003275741,0.0,1026.7421875,15,1416.2890625
1779138569.1948905,3788,2.3341749983956106,5.008225001802202,58.3,1026.7421875,15,1416.2890625
1779138569.1948965,3789,2.3341749983956106,5.009500004234724,58.3,1026.7421875,15,1416.2890625
1779138569.194897,3790,2.3341749983956106,5.009650005376898,58.3,1026.7421875,15,1416.2890625
1779138569.1948974,3791,2.3341749983956106,5.009774999052752,58.3,1026.7421875,15,1416.2890625
1779138569.2240145,3792,2.2126999974716455,4.891324999334756,27.3,1026.74609375,15,1416.2890625
1779138569.224017,3793,2.2126999974716455,4.891725002380554,27.3,1026.74609375,15,1416.2890625
1779138569.2240176,3794,2.2126999974716455,4.891850003332365,27.3,1026.74609375,15,1416.2890625
1779138569.2240179,3795,2.2126999974716455,4.891975004284177,27.3,1026.74609375,15,1416.2890625
1779138569.2502806,3796,2.1412749993032776,4.87404999876162,10.0,1026.75,15,1416.2890625
1779138569.250283,3797,2.1412749993032776,4.874450001807418,10.0,1026.75,15,1416.2890625
1779138569.2502835,3798,2.1412749993032776,4.874575002759229,10.0,1026.75,15,1416.2890625
1779138569.2502842,3799,2.1412749993032776,4.874724996625446,10.0,1026.75,15,1416.2890625
1779138569.275774,3800,1.7704249985399656,4.502324998611584,0.0,1026.75,12,1416.2890625
1779138569.2757766,3801,1.7704249985399656,4.502725001657382,0.0,1026.75,12,1416.2890625
1779138569.275777,3802,1.7704249985399656,4.502875002799556,0.0,1026.75,12,1416.2890625
1779138569.2757776,3803,1.7704249985399656,4.50302500394173,0.0,1026.75,12,1416.2890625
1779138569.3030746,3804,2.4469999989378266,5.1554000019677915,30.8,1026.75,12,1416.2890625
1779138569.3030775,3805,2.4469999989378266,5.1558249979279935,30.8,1026.75,12,1416.2890625
1779138569.303078,3806,2.4469999989378266,5.1559749990701675,30.8,1026.75,12,1416.2890625
1779138569.3030784,3807,2.4469999989378266,5.1561250002123415,30.8,1026.75,12,1416.2890625
1779138569.3301067,3808,2.1697500051232055,4.862125002546236,50.0,1026.7578125,12,1416.2890625
1779138569.330109,3809,2.1697500051232055,4.862550005782396,50.0,1026.7578125,12,1416.2890625
1779138569.3301094,3810,2.1697500051232055,4.862675006734207,50.0,1026.7578125,12,1416.2890625
1779138569.3301098,3811,2.1697500051232055,4.862775000219699,50.0,1026.7578125,12,1416.2890625
1779138569.358602,3812,2.5609000003896654,5.251825001323596,6.8,1026.7578125,12,1416.2890625
1779138569.3586044,3813,2.5609000003896654,5.252199996903073,6.8,1026.7578125,12,1416.2890625
1779138569.3586051,3814,2.5609000003896654,5.252324997854885,6.8,1026.7578125,12,1416.2890625
1779138569.3586056,3815,2.5609000003896654,5.252449998806696,6.8,1026.7578125,12,1416.2890625
1779138569.3887315,3816,2.6591250061756,5.405975003668573,0.0,1026.7578125,12,1416.2890625
1779138569.3887339,3817,2.6591250061756,5.406400006904732,0.0,1026.7578125,12,1416.2890625
1779138569.3887346,3818,2.6591250061756,5.4065250005805865,0.0,1026.7578125,12,1416.2890625
1779138569.388735,3819,2.6591250061756,5.4066750017227605,0.0,1026.7578125,12,1416.2890625
1779138569.4145536,3820,2.0654749969253317,4.712750000180677,40.0,1026.7578125,12,1416.2890625
1779138569.4145565,3821,2.0654749969253317,4.713175003416836,40.0,1026.7578125,12,1416.2890625
1779138569.4145567,3822,2.0654749969253317,4.71329999709269,40.0,1026.7578125,12,1416.2890625
1779138569.4145575,3823,2.0654749969253317,4.713449998234864,40.0,1026.7578125,12,1416.2890625
1779138569.4421175,3824,2.2103250012150966,4.875150007137563,20.0,1026.76171875,12,1416.2890625
1779138569.4421198,3825,2.2103250012150966,4.875575003097765,20.0,1026.76171875,12,1416.2890625
1779138569.4421206,3826,2.2103250012150966,4.875725004239939,20.0,1026.76171875,12,1416.2890625
1779138569.442121,3827,2.2103250012150966,4.8758250050013885,20.0,1026.76171875,12,1416.2890625
1779138569.4668643,3828,1.8785749998642132,4.647399997338653,0.0,1026.765625,12,1416.2890625
1779138569.466867,3829,1.8785749998642132,4.647849993489217,0.0,1026.765625,12,1416.2890625
1779138569.4668674,3830,1.8785749998642132,4.647974994441029,0.0,1026.765625,12,1416.2890625
1779138569.466868,3831,1.8785749998642132,4.64809999539284,0.0,1026.765625,12,1416.2890625
1779138569.4925537,3832,2.0334000000730157,4.711425004643388,40.0,1026.765625,12,1416.2890625
1779138569.4925563,3833,2.0334000000730157,4.711825000413228,40.0,1026.765625,12,1416.2890625
1779138569.4925568,3834,2.0334000000730157,4.7119500013650395,40.0,1026.765625,12,1416.2890625
1779138569.4925575,3835,2.0334000000730157,4.7121000025072135,40.0,1026.765625,12,1416.2890625
1779138569.524243,3836,2.9742749975412153,5.651824998494703,50.0,1026.765625,12,1416.2890625
1779138569.5242457,3837,2.9742749975412153,5.652249994454905,50.0,1026.765625,12,1416.2890625
1779138569.5242465,3838,2.9742749975412153,5.652374995406717,50.0,1026.765625,12,1416.2890625
1779138569.5242467,3839,2.9742749975412153,5.652499996358529,50.0,1026.765625,12,1416.2890625
1779138569.5518107,3840,2.521825001167599,5.184125002415385,23.1,1026.765625,12,1416.2890625
1779138569.5518136,3841,2.521825001167599,5.184550005651545,23.1,1026.765625,12,1416.2890625
1779138569.5518143,3842,2.521825001167599,5.1846750066033565,23.1,1026.765625,12,1416.2890625
1779138569.5518146,3843,2.521825001167599,5.184825000469573,23.1,1026.765625,12,1416.2890625
1779138569.579041,3844,2.2696249943692237,5.01527499727672,12.5,1026.765625,12,1416.2890625
1779138569.5790434,3845,2.2696249943692237,5.015650000132155,12.5,1026.765625,12,1416.2890625
1779138569.5790436,3846,2.2696249943692237,5.015799993998371,12.5,1026.765625,12,1416.2890625
1779138569.5790443,3847,2.2696249943692237,5.015924994950183,12.5,1026.765625,12,1416.2890625
1779138569.606953,3848,2.735575006227009,5.4429000010713935,0.0,1026.76953125,12,1416.2890625
1779138569.6069555,3849,2.735575006227009,5.443325004307553,0.0,1026.76953125,12,1416.2890625
1779138569.6069562,3850,2.735575006227009,5.443475005449727,0.0,1026.76953125,12,1416.2890625
1779138569.6069567,3851,2.735575006227009,5.443624999315944,0.0,1026.76953125,12,1416.2890625
1779138569.6330597,3852,2.1994999988237396,4.91005000367295,25.0,1026.7734375,12,1416.2890625
1779138569.6330624,3853,2.1994999988237396,4.91044999944279,25.0,1026.7734375,12,1416.2890625
1779138569.6330628,3854,2.1994999988237396,4.910600000584964,25.0,1026.7734375,12,1416.2890625
1779138569.6330633,3855,2.1994999988237396,4.910750001727138,25.0,1026.7734375,12,1416.2890625
1779138569.6679296,3856,4.041175001475494,6.721575002302416,0.0,1026.7734375,12,1416.2890625
1779138569.6679318,3857,4.041175001475494,6.721974998072255,0.0,1026.7734375,12,1416.2890625
1779138569.6679327,3858,4.041175001475494,6.722124999214429,0.0,1026.7734375,12,1416.2890625
1779138569.6679332,3859,4.041175001475494,6.722224999975879,0.0,1026.7734375,12,1416.2890625
1779138569.698735,3860,2.471300002071075,5.120875001011882,0.0,1026.7734375,12,1416.2890625
1779138569.6987374,3861,2.471300002071075,5.121250003867317,0.0,1026.7734375,12,1416.2890625
1779138569.6987379,3862,2.471300002071075,5.121375004819129,0.0,1026.7734375,12,1416.2890625
1779138569.6987383,3863,2.471300002071075,5.121499998494983,0.0,1026.7734375,12,1416.2890625
1779138569.7267568,3864,2.531400001316797,5.3202250055619515,12.5,1026.7734375,12,1416.2890625
1779138569.7267597,3865,2.531400001316797,5.320650001522154,12.5,1026.7734375,12,1416.2890625
1779138569.7267601,3866,2.531400001316797,5.320775002473965,12.5,1026.7734375,12,1416.2890625
1779138569.7267642,3867,2.531400001316797,5.321800003002863,12.5,1026.7734375,12,1416.2890625
1779138569.7542336,3868,2.463900003931485,5.123900002217852,7.7,1026.77734375,12,1416.2890625
1779138569.7542362,3869,2.463900003931485,5.124274997797329,7.7,1026.77734375,12,1416.2890625
1779138569.7542367,3870,2.463900003931485,5.124399998749141,7.7,1026.77734375,12,1416.2890625
1779138569.7542372,3871,2.463900003931485,5.124549999891315,7.7,1026.77734375,12,1416.2890625
1779138569.7849975,3872,2.774475004116539,5.444025002361741,41.7,1026.78125,12,1416.2890625
1779138569.7850008,3873,2.774475004116539,5.444624999654479,41.7,1026.78125,12,1416.2890625
1779138569.7850018,3874,2.774475004116539,5.44485000136774,41.7,1026.78125,12,1416.2890625
1779138569.7850022,3875,2.774475004116539,5.445000002509914,41.7,1026.78125,12,1416.2890625
1779138569.8105612,3876,2.009525000175927,4.711699999461416,0.0,1026.78515625,12,1416.2890625
1779138569.810564,3877,2.009525000175927,4.712149995611981,0.0,1026.78515625,12,1416.2890625
1779138569.8105648,3878,2.009525000175927,4.712299996754155,0.0,1026.78515625,12,1416.2890625
1779138569.8105655,3879,2.009525000175927,4.712449997896329,0.0,1026.78515625,12,1416.2890625
1779138569.840573,3880,2.964374994917307,5.598349998763297,0.0,1026.78515625,12,1416.2890625
1779138569.840576,3881,2.964374994917307,5.598799994913861,0.0,1026.78515625,12,1416.2890625
1779138569.8405764,3882,2.964374994917307,5.598949996056035,0.0,1026.78515625,12,1416.2890625
1779138569.8405774,3883,2.964374994917307,5.599099997198209,0.0,1026.78515625,12,1416.2890625
1779138569.8656595,3884,1.861399992776569,4.539899993687868,0.0,1026.78515625,12,1416.2890625
1779138569.8656616,3885,1.861399992776569,4.540249996352941,0.0,1026.78515625,12,1416.2890625
1779138569.865662,3886,1.861399992776569,4.5403749973047525,0.0,1026.78515625,12,1416.2890625
1779138569.8656666,3887,1.861399992776569,4.5414999985951,0.0,1026.78515625,12,1416.2890625
1779138569.893831,3888,2.2768249982618727,5.060249997768551,50.0,1026.7890625,12,1416.2890625
1779138569.8938332,3889,2.2768249982618727,5.0606249933480285,50.0,1026.7890625,12,1416.2890625
1779138569.8938336,3890,2.2768249982618727,5.0607749944902025,50.0,1026.7890625,12,1416.2890625
1779138569.8938344,3891,2.2768249982618727,5.060899995442014,50.0,1026.7890625,12,1416.2890625
1779138569.9192367,3892,1.97055000171531,4.69777500256896,0.0,1026.7890625,12,1416.2890625
1779138569.9192393,3893,1.97055000171531,4.6981749983388,0.0,1026.7890625,12,1416.2890625
1779138569.9192398,3894,1.97055000171531,4.698324999480974,0.0,1026.7890625,12,1416.2890625
1779138569.9192405,3895,1.97055000171531,4.69850000081351,0.0,1026.7890625,12,1416.2890625
1779138569.943406,3896,1.716074999421835,4.371499999251682,16.7,1026.7890625,12,1416.2890625
1779138569.9434087,3897,1.716074999421835,4.371925002487842,16.7,1026.7890625,12,1416.2890625
1779138569.9434092,3898,1.716074999421835,4.372050003439654,16.7,1026.7890625,12,1416.2890625
1779138569.94341,3899,1.716074999421835,4.372275005152915,16.7,1026.7890625,12,1416.2890625
1779138569.9720302,3900,2.718899995670654,5.417274995124899,28.6,1026.7890625,12,1416.2890625
1779138569.972033,3901,2.718899995670654,5.4176999983610585,28.6,1026.7890625,12,1416.2890625
1779138569.9720333,3902,2.718899995670654,5.41782499931287,28.6,1026.7890625,12,1416.2890625
1779138569.972034,3903,2.718899995670654,5.417950000264682,28.6,1026.7890625,12,1416.2890625
1779138569.998201,3904,2.025499998126179,4.736874994705431,0.0,1026.79296875,12,1416.2890625
1779138569.9982033,3905,2.025499998126179,4.737299997941591,0.0,1026.79296875,12,1416.2890625
1779138569.9982078,3906,2.025499998126179,4.738349998660851,0.0,1026.79296875,12,1416.2890625
1779138569.9982083,3907,2.025499998126179,4.738499999803025,0.0,1026.79296875,12,1416.2890625
1779138570.0233364,3908,1.8964749979204498,4.612349999661092,13.3,1026.796875,12,1416.2890625
1779138570.0233388,3909,1.8964749979204498,4.612725002516527,13.3,1026.796875,12,1416.2890625
1779138570.0233393,3910,1.8964749979204498,4.612874996382743,13.3,1026.796875,12,1416.2890625
1779138570.02334,3911,1.8964749979204498,4.6130499977152795,13.3,1026.796875,12,1416.2890625
1779138570.049686,3912,2.3361999992630444,5.061474999820348,0.0,1026.796875,12,1416.2890625
1779138570.0496883,3913,2.3361999992630444,5.061875002866145,0.0,1026.796875,12,1416.2890625
1779138570.0496888,3914,2.3361999992630444,5.062000003817957,0.0,1026.796875,12,1416.2890625
1779138570.0496893,3915,2.3361999992630444,5.062174997874536,0.0,1026.796875,12,1416.2890625
1779138570.0751255,3916,1.807125001505483,4.534799998509698,0.0,1026.796875,12,1416.2890625
1779138570.075128,3917,1.807125001505483,4.535225001745857,0.0,1026.796875,12,1416.2890625
1779138570.0751286,3918,1.807125001505483,4.535350002697669,0.0,1026.796875,12,1416.2890625
1779138570.0751293,3919,1.807125001505483,4.535550004220568,0.0,1026.796875,12,1416.2890625
1779138570.102615,3920,2.455750000081025,5.192450000322424,30.0,1026.796875,12,1416.2890625
1779138570.1026173,3921,2.455750000081025,5.192825003177859,30.0,1026.796875,12,1416.2890625
1779138570.1026182,3922,2.455750000081025,5.192975004320033,30.0,1026.796875,12,1416.2890625
1779138570.1026187,3923,2.455750000081025,5.193099997995887,30.0,1026.796875,12,1416.2890625
1779138570.1288218,3924,1.999600004637614,4.728500003693625,57.1,1026.796875,12,1416.2890625
1779138570.1288242,3925,1.999600004637614,4.728899999463465,57.1,1026.796875,12,1416.2890625
1779138570.128829,3926,1.999600004637614,4.730050000944175,57.1,1026.796875,12,1416.2890625
1779138570.1288295,3927,1.999600004637614,4.730200002086349,57.1,1026.796875,12,1416.2890625
1779138570.1565616,3928,2.491449995432049,5.17487499746494,11.1,1026.80078125,12,1416.2890625
1779138570.156564,3929,2.491449995432049,5.175225000130013,11.1,1026.80078125,12,1416.2890625
1779138570.1565645,3930,2.491449995432049,5.175374993996229,11.1,1026.80078125,12,1416.2890625
1779138570.156565,3931,2.491449995432049,5.175499994948041,11.1,1026.80078125,12,1416.2890625
1779138570.1829057,3932,2.3235499975271523,4.959325000527315,0.0,1026.80859375,12,1416.2890625
1779138570.182908,3933,2.3235499975271523,4.959724996297155,0.0,1026.80859375,12,1416.2890625
1779138570.1829088,3934,2.3235499975271523,4.959824997058604,0.0,1026.80859375,12,1416.2890625
1779138570.1829093,3935,2.3235499975271523,4.959974998200778,0.0,1026.80859375,12,1416.2890625
1779138570.208107,3936,1.9050249975407496,4.569024997181259,31.6,1026.80859375,12,1416.2890625
1779138570.2081099,3937,1.9050249975407496,4.569400000036694,31.6,1026.80859375,12,1416.2890625
1779138570.2081103,3938,1.9050249975407496,4.5695499939029105,31.6,1026.80859375,12,1416.2890625
1779138570.2081108,3939,1.9050249975407496,4.569674994854722,31.6,1026.80859375,12,1416.2890625
1779138570.232608,3940,1.7343250001431443,4.374249998363666,0.0,1026.80859375,12,1416.2890625
1779138570.2326105,3941,1.7343250001431443,4.374649994133506,0.0,1026.80859375,12,1416.2890625
1779138570.2326114,3942,1.7343250001431443,4.374774995085318,0.0,1026.80859375,12,1416.2890625
1779138570.2326117,3943,1.7343250001431443,4.374899996037129,0.0,1026.80859375,12,1416.2890625
1779138570.259482,3944,2.3006249975878745,4.936224999255501,0.0,1026.80859375,15,1416.2890625
1779138570.2594883,3945,2.3006249975878745,4.937624995363876,0.0,1026.80859375,15,1416.2890625
1779138570.259489,3946,2.3006249975878745,4.93777499650605,0.0,1026.80859375,15,1416.2890625
1779138570.2594895,3947,2.3006249975878745,4.937924997648224,0.0,1026.80859375,15,1416.2890625
1779138570.286698,3948,2.4840249971020967,5.1730249979300424,20.0,1026.8125,15,1416.2890625
1779138570.2867002,3949,2.4840249971020967,5.1734000007854775,20.0,1026.8125,15,1416.2890625
1779138570.286701,3950,2.4840249971020967,5.1735500019276515,20.0,1026.8125,15,1416.2890625
1779138570.286702,3951,2.4840249971020967,5.173699995793868,20.0,1026.8125,15,1416.2890625
1779138570.3153358,3952,2.412699999695178,5.164800000784453,27.3,1026.8125,15,1416.2890625
1779138570.3153381,3953,2.412699999695178,5.165199996554293,27.3,1026.8125,15,1416.2890625
1779138570.315339,3954,2.412699999695178,5.165324997506104,27.3,1026.8125,15,1416.2890625
1779138570.3153396,3955,2.412699999695178,5.165424998267554,27.3,1026.8125,15,1416.2890625
1779138570.3413124,3956,1.9219749956391752,4.673224997532088,0.0,1026.81640625,15,1416.2890625
1779138570.3413153,3957,1.9219749956391752,4.673625000577886,0.0,1026.81640625,15,1416.2890625
1779138570.341316,3958,1.9219749956391752,4.673750001529697,0.0,1026.81640625,15,1416.2890625
1779138570.3413167,3959,1.9219749956391752,4.673874995205551,0.0,1026.81640625,15,1416.2890625
1779138570.3675451,3960,2.062599996861536,4.8137249978026375,33.3,1026.81640625,15,1416.2890625
1779138570.367549,3961,2.062599996861536,4.814324995095376,33.3,1026.81640625,15,1416.2890625
1779138570.3675497,3962,2.062599996861536,4.814499996427912,33.3,1026.81640625,15,1416.2890625
1779138570.3675504,3963,2.062599996861536,4.814724998141173,33.3,1026.81640625,15,1416.2890625
1779138570.3952289,3964,2.4025000020628795,5.071150000730995,18.2,1026.81640625,15,1416.2890625
1779138570.395237,3965,2.4025000020628795,5.072899999504443,18.2,1026.81640625,15,1416.2890625
1779138570.3952377,3966,2.4025000020628795,5.073025000456255,18.2,1026.81640625,15,1416.2890625
1779138570.3952382,3967,2.4025000020628795,5.073150001408067,18.2,1026.81640625,15,1416.2890625
1779138570.4225054,3968,1.8487749985069968,4.718000003776979,100.0,1026.8203125,15,1416.2890625
1779138570.422508,3969,1.8487749985069968,4.718424999737181,100.0,1026.8203125,15,1416.2890625
1779138570.4225087,3970,1.8487749985069968,4.718600001069717,100.0,1026.8203125,15,1416.2890625
1779138570.4225092,3971,1.8487749985069968,4.7187000018311664,100.0,1026.8203125,15,1416.2890625
1779138570.4516654,3972,2.6046250059152953,5.331050000677351,0.0,1026.8203125,15,1416.2890625
1779138570.451668,3973,2.6046250059152953,5.331450003723148,0.0,1026.8203125,15,1416.2890625
1779138570.4516685,3974,2.6046250059152953,5.33157500467496,0.0,1026.8203125,15,1416.2890625
1779138570.451669,3975,2.6046250059152953,5.331775006197859,0.0,1026.8203125,15,1416.2890625
1779138570.479048,3976,2.3484499979531392,5.064674995082896,0.0,1026.8203125,15,1416.2890625
1779138570.4790504,3977,2.3484499979531392,5.0650749981286936,0.0,1026.8203125,15,1416.2890625
1779138570.479051,3978,2.3484499979531392,5.065224999270868,0.0,1026.8203125,15,1416.2890625
1779138570.4790518,3979,2.3484499979531392,5.065375000413042,0.0,1026.8203125,15,1416.2890625
1779138570.5036151,3980,1.8764249980449677,4.565775001537986,4.3,1026.8203125,15,1416.2890625
1779138570.5036178,3981,1.8764249980449677,4.566199997498188,4.3,1026.8203125,15,1416.2890625
1779138570.5036182,3982,1.8764249980449677,4.56632499845,4.3,1026.8203125,15,1416.2890625
1779138570.5036187,3983,1.8764249980449677,4.566474999592174,4.3,1026.8203125,15,1416.2890625
1779138570.5322125,3984,2.670424997631926,5.443000001832843,50.0,1026.828125,15,1416.2890625
1779138570.532215,3985,2.670424997631926,5.443399997602683,50.0,1026.828125,15,1416.2890625
1779138570.5322158,3986,2.670424997631926,5.443574998935219,50.0,1026.828125,15,1416.2890625
1779138570.5322163,3987,2.670424997631926,5.443725000077393,50.0,1026.828125,15,1416.2890625
1779138570.556687,3988,1.82607500028098,4.530824997345917,0.0,1026.828125,15,1416.2890625
1779138570.55669,3989,1.82607500028098,4.531200000201352,0.0,1026.828125,15,1416.2890625
1779138570.5566907,3990,1.82607500028098,4.531350001343526,0.0,1026.828125,15,1416.2890625
1779138570.5566912,3991,1.82607500028098,4.531525002676062,0.0,1026.828125,15,1416.2890625
1779138570.582583,3992,2.1192499989410862,4.870575001405086,23.1,1026.828125,15,1416.2890625
1779138570.5825856,3993,2.1192499989410862,4.870950004260521,23.1,1026.828125,15,1416.2890625
1779138570.582586,3994,2.1192499989410862,4.871075005212333,23.1,1026.828125,15,1416.2890625
1779138570.5825865,3995,2.1192499989410862,4.8712249990785494,23.1,1026.828125,15,1416.2890625
1779138570.6095006,3996,2.034074997936841,4.950125003233552,18.8,1026.83203125,15,1416.2890625
1779138570.6095035,3997,2.034074997936841,4.950549999193754,18.8,1026.83203125,15,1416.2890625
1779138570.609504,3998,2.034074997936841,4.950675000145566,18.8,1026.83203125,15,1416.2890625
1779138570.6095045,3999,2.034074997936841,4.950800001097377,18.8,1026.83203125,15,1416.2890625
1779138570.636621,4000,2.23947500489885,4.932900003041141,0.0,1026.83203125,15,1416.2890625
1779138570.636632,4001,2.23947500489885,4.933274998620618,0.0,1026.83203125,15,1416.2890625
1779138570.6366327,4002,2.23947500489885,4.933424999762792,0.0,1026.83203125,15,1416.2890625
1779138570.6366332,4003,2.23947500489885,4.933550000714604,0.0,1026.83203125,15,1416.2890625
1779138570.6643972,4004,2.3271999962162226,5.067999998573214,27.3,1026.8359375,15,1416.2890625
1779138570.6643999,4005,2.3271999962162226,5.068400001619011,27.3,1026.8359375,15,1416.2890625
1779138570.6644003,4006,2.3271999962162226,5.068524995294865,27.3,1026.8359375,15,1416.2890625
1779138570.6644008,4007,2.3271999962162226,5.068674996437039,27.3,1026.8359375,15,1416.2890625
1779138570.6922379,4008,2.5973500014515594,5.370099999709055,8.3,1026.8359375,15,1416.2890625
1779138570.6922402,4009,2.5973500014515594,5.370500002754852,8.3,1026.8359375,15,1416.2890625
1779138570.692241,4010,2.5973500014515594,5.370649996621069,8.3,1026.8359375,15,1416.2890625
1779138570.6922414,4011,2.5973500014515594,5.370749997382518,8.3,1026.8359375,15,1416.2890625
1779138570.7169044,4012,1.7159499984700233,4.3842749946634285,0.0,1026.83984375,15,1416.2890625
1779138570.716907,4013,1.7159499984700233,4.384699997899588,0.0,1026.83984375,15,1416.2890625
1779138570.7169077,4014,1.7159499984700233,4.3848249988514,0.0,1026.83984375,15,1416.2890625
1779138570.7169082,4015,1.7159499984700233,4.385000000183936,0.0,1026.83984375,15,1416.2890625
1779138570.7428927,4016,2.005750000535045,4.714624999905936,46.2,1026.83984375,15,1416.2890625
1779138570.7428954,4017,2.005750000535045,4.715050003142096,46.2,1026.83984375,15,1416.2890625
1779138570.742896,4018,2.005750000535045,4.715224997198675,46.2,1026.83984375,15,1416.2890625
1779138570.7428966,4019,2.005750000535045,4.715324997960124,46.2,1026.83984375,15,1416.2890625
1779138570.7686858,4020,1.986025003134273,4.685275001975242,18.2,1026.83984375,14,1416.2890625
1779138570.7686882,4021,1.986025003134273,4.685674997745082,18.2,1026.83984375,14,1416.2890625
1779138570.7686887,4022,1.986025003134273,4.6857999986968935,18.2,1026.83984375,14,1416.2890625
1779138570.7686927,4023,1.986025003134273,4.686849999416154,18.2,1026.83984375,14,1416.2890625
1779138570.7920132,4024,1.6806250059744343,4.346600006101653,0.0,1026.84375,14,1416.2890625
1779138570.7920156,4025,1.6806250059744343,4.347050002252217,0.0,1026.84375,14,1416.2890625
1779138570.792016,4026,1.6806250059744343,4.347175003204029,0.0,1026.84375,14,1416.2890625
1779138570.792017,4027,1.6806250059744343,4.347325004346203,0.0,1026.84375,14,1416.2890625
1779138570.818365,4028,2.2377499990398064,4.910149997158442,26.7,1026.84375,14,1416.2890625
1779138570.818368,4029,2.2377499990398064,4.910575000394601,26.7,1026.84375,14,1416.2890625
1779138570.8183684,4030,2.2377499990398064,4.910699994070455,26.7,1026.84375,14,1416.2890625
1779138570.818369,4031,2.2377499990398064,4.910824995022267,26.7,1026.84375,14,1416.2890625
1779138570.8451083,4032,2.0810999994864687,4.838499997276813,41.7,1026.84375,14,1416.2890625
1779138570.845111,4033,2.0810999994864687,4.8389250005129725,41.7,1026.84375,14,1416.2890625
1779138570.8451114,4034,2.0810999994864687,4.839050001464784,41.7,1026.84375,14,1416.2890625
1779138570.8451118,4035,2.0810999994864687,4.839174995140638,41.7,1026.84375,14,1416.2890625
1779138570.8699322,4036,1.7475499989814125,4.48849999520462,50.0,1026.84375,14,1416.2890625
1779138570.8699343,4037,1.7475499989814125,4.48882499767933,50.0,1026.84375,14,1416.2890625
1779138570.8699348,4038,1.7475499989814125,4.488949998631142,50.0,1026.84375,14,1416.2890625
1779138570.8699353,4039,1.7475499989814125,4.489074999582954,50.0,1026.84375,14,1416.2890625
1779138570.8942015,4040,1.7378749980707653,4.491899999266025,41.7,1026.84765625,14,1416.2890625
1779138570.894204,4041,1.7378749980707653,4.49224999465514,41.7,1026.84765625,14,1416.2890625
1779138570.8942046,4042,1.7378749980707653,4.492374995606951,41.7,1026.84765625,14,1416.2890625
1779138570.8942084,4043,1.7378749980707653,4.4933999961358495,41.7,1026.84765625,14,1416.2890625
1779138570.9245808,4044,2.37685000320198,5.169325006136205,21.4,1026.8515625,14,1416.2890625
1779138570.9245832,4045,2.37685000320198,5.169725001906045,21.4,1026.8515625,14,1416.2890625
1779138570.9245837,4046,2.37685000320198,5.169875003048219,21.4,1026.8515625,14,1416.2890625
1779138570.9245842,4047,2.37685000320198,5.1700000040000305,21.4,1026.8515625,14,1416.2890625
1779138570.9535518,4048,2.4558750010328367,5.208725000557024,23.1,1026.8515625,14,1416.2890625
1779138570.9535542,4049,2.4558750010328367,5.209099996136501,23.1,1026.8515625,14,1416.2890625
1779138570.9535546,4050,2.4558750010328367,5.209224997088313,23.1,1026.8515625,14,1416.2890625
1779138570.953555,4051,2.4558750010328367,5.209349998040125,23.1,1026.8515625,14,1416.2890625
1779138570.9787748,4052,1.933724997797981,4.648975002055522,0.0,1026.8515625,14,1416.2890625
1779138570.9787776,4053,1.933724997797981,4.6494249982060865,0.0,1026.8515625,14,1416.2890625
1779138570.9787781,4054,1.933724997797981,4.649549999157898,0.0,1026.8515625,14,1416.2890625
1779138570.9787786,4055,1.933724997797981,4.649700000300072,0.0,1026.8515625,14,1416.2890625
1779138571.0032394,4056,1.82459999632556,4.45334999676561,30.0,1026.8515625,14,1416.2890625
1779138571.0032418,4057,1.82459999632556,4.453724999621045,30.0,1026.8515625,14,1416.2890625
1779138571.0032425,4058,1.82459999632556,4.453849993296899,30.0,1026.8515625,14,1416.2890625
1779138571.003243,4059,1.82459999632556,4.453949994058348,30.0,1026.8515625,14,1416.2890625
1779138571.0294201,4060,2.2474249999504536,4.928874994220678,0.0,1026.85546875,14,1416.2890625
1779138571.0294225,4061,2.2474249999504536,4.929274997266475,0.0,1026.85546875,14,1416.2890625
1779138571.0294263,4062,2.2474249999504536,4.9302499974146485,0.0,1026.85546875,14,1416.2890625
1779138571.0294273,4063,2.2474249999504536,4.9303999985568225,0.0,1026.85546875,14,1416.2890625
1779138571.0552495,4064,2.0872750028502196,4.809100006241351,55.6,1026.86328125,14,1416.2890625
1779138571.0552516,4065,2.0872750028502196,4.809450001630466,55.6,1026.86328125,14,1416.2890625
1779138571.0552523,4066,2.0872750028502196,4.809575002582278,55.6,1026.86328125,14,1416.2890625
1779138571.0552526,4067,2.0872750028502196,4.80970000353409,55.6,1026.86328125,14,1416.2890625
1779138571.0804584,4068,1.9641749968286604,4.74374999612337,100.0,1026.86328125,14,1416.2890625
1779138571.0804608,4069,1.9641749968286604,4.744124998978805,100.0,1026.86328125,14,1416.2890625
1779138571.0804613,4070,1.9641749968286604,4.744275000120979,100.0,1026.86328125,14,1416.2890625
1779138571.0804617,4071,1.9641749968286604,4.7443749936064705,100.0,1026.86328125,14,1416.2890625
1779138571.1053748,4072,1.766599998518359,4.510275000939146,0.0,1026.86328125,14,1416.2890625
1779138571.1053774,4073,1.766599998518359,4.510725004365668,0.0,1026.86328125,14,1416.2890625
1779138571.1053784,4074,1.766599998518359,4.510874998231884,0.0,1026.86328125,14,1416.2890625
1779138571.1053789,4075,1.766599998518359,4.510999999183696,0.0,1026.86328125,14,1416.2890625
1779138571.1322434,4076,2.329150003788527,4.953199997544289,21.4,1026.86328125,14,1416.2890625
1779138571.132246,4077,2.329150003788527,4.953575000399724,21.4,1026.86328125,14,1416.2890625
1779138571.1322465,4078,2.329150003788527,4.953725001541898,21.4,1026.86328125,14,1416.2890625
1779138571.1322472,4079,2.329150003788527,4.953875002684072,21.4,1026.86328125,14,1416.2890625
1779138571.1621442,4080,3.1356999970739707,5.823549996421207,33.3,1026.86328125,14,1416.2890625
1779138571.1621468,4081,3.1356999970739707,5.823949999467004,33.3,1026.86328125,14,1416.2890625
1779138571.1621516,4082,3.1356999970739707,5.8251500013284385,33.3,1026.86328125,14,1416.2890625
1779138571.1621523,4083,3.1356999970739707,5.825325002660975,33.3,1026.86328125,14,1416.2890625
1779138571.1897187,4084,2.4539000005461276,5.153199999767821,58.3,1026.8671875,14,1416.2890625
1779138571.1897216,4085,2.4539000005461276,5.153650003194343,58.3,1026.8671875,14,1416.2890625
1779138571.189722,4086,2.4539000005461276,5.153774996870197,58.3,1026.8671875,14,1416.2890625
1779138571.1897228,4087,2.4539000005461276,5.153949998202734,58.3,1026.8671875,14,1416.2890625
1779138571.2160122,4088,1.858825002273079,4.740150005090982,0.0,1026.8671875,14,1416.2890625
1779138571.2160184,4089,1.858825002273079,4.7412749991053715,0.0,1026.8671875,14,1416.2890625
1779138571.2160206,4090,1.858825002273079,4.741775002912618,0.0,1026.8671875,14,1416.2890625
1779138571.2160225,4091,1.858825002273079,4.74219999887282,0.0,1026.8671875,14,1416.2890625
1779138571.24292,4092,2.257975000247825,4.9700500021572225,20.0,1026.87109375,14,1416.2890625
1779138571.2429228,4093,2.257975000247825,4.9704749981174245,20.0,1026.87109375,14,1416.2890625
1779138571.2429233,4094,2.257975000247825,4.970599999069236,20.0,1026.87109375,14,1416.2890625
1779138571.2429237,4095,2.257975000247825,4.970725000021048,20.0,1026.87109375,14,1416.2890625
1779138571.2701576,4096,2.260674998979084,5.012850000639446,57.1,1026.87109375,14,1416.2890625
1779138571.27016,4097,2.260674998979084,5.013249996409286,57.1,1026.87109375,14,1416.2890625
1779138571.2701604,4098,2.260674998979084,5.0133749973610975,57.1,1026.87109375,14,1416.2890625
1779138571.270161,4099,2.260674998979084,5.013499998312909,57.1,1026.87109375,14,1416.2890625
1779138571.2944489,4100,1.8051999941235408,4.4856249951408245,0.0,1026.87109375,14,1416.2890625
1779138571.294455,4101,1.8051999941235408,4.486974998144433,0.0,1026.87109375,14,1416.2890625
1779138571.2944558,4102,1.8051999941235408,4.487149999476969,0.0,1026.87109375,14,1416.2890625
1779138571.2944562,4103,1.8051999941235408,4.487275000428781,0.0,1026.87109375,14,1416.2890625
1779138571.3191273,4104,1.7365749954478815,4.548349999822676,0.0,1026.875,14,1416.2890625
1779138571.3191302,4105,1.7365749954478815,4.548799995973241,0.0,1026.875,14,1416.2890625
1779138571.319131,4106,1.7365749954478815,4.548949997115415,0.0,1026.875,14,1416.2890625
1779138571.3191314,4107,1.7365749954478815,4.549049997876864,0.0,1026.875,14,1416.2890625
1779138571.3454082,4108,2.2655499997199513,4.924525004753377,10.0,1026.875,14,1416.2890625
1779138571.3454108,4109,2.2655499997199513,4.924950000713579,10.0,1026.875,14,1416.2890625
1779138571.3454113,4110,2.2655499997199513,4.925075001665391,10.0,1026.875,14,1416.2890625
1779138571.345412,4111,2.2655499997199513,4.925225002807565,10.0,1026.875,14,1416.2890625
1779138571.3723862,4112,2.2961000067880377,4.974675000994466,0.0,1026.875,14,1416.2890625
1779138571.372389,4113,2.2961000067880377,4.975075004040264,0.0,1026.875,14,1416.2890625
1779138571.3723896,4114,2.2961000067880377,4.975225005182438,0.0,1026.875,14,1416.2890625
1779138571.37239,4115,2.2961000067880377,4.975325005943887,0.0,1026.875,14,1416.2890625
1779138571.397258,4116,1.761100000294391,4.37367500126129,33.3,1026.875,14,1416.2890625
1779138571.3972602,4117,1.761100000294391,4.374050004116725,33.3,1026.875,14,1416.2890625
1779138571.397261,4118,1.761100000294391,4.374175005068537,33.3,1026.875,14,1416.2890625
1779138571.3972614,4119,1.761100000294391,4.3743000060203485,33.3,1026.875,14,1416.2890625
1779138571.4226394,4120,1.9998249990749173,4.751150001538917,20.0,1026.8828125,14,1416.2890625
1779138571.4226453,4121,1.9998249990749173,4.752374996314757,20.0,1026.8828125,14,1416.2890625
1779138571.422646,4122,1.9998249990749173,4.752549997647293,20.0,1026.8828125,14,1416.2890625
1779138571.4226465,4123,1.9998249990749173,4.752674998599105,20.0,1026.8828125,14,1416.2890625
1779138571.4486656,4124,2.295225000125356,5.01599999552127,0.0,1026.88671875,14,1416.2890625
1779138571.44867,4125,2.295225000125356,5.0169249952887185,0.0,1026.88671875,14,1416.2890625
1779138571.4486706,4126,2.295225000125356,5.01704999624053,0.0,1026.88671875,14,1416.2890625
1779138571.4486713,4127,2.295225000125356,5.017199997382704,0.0,1026.88671875,14,1416.2890625
1779138571.4760075,4128,2.504200005205348,5.211950003285892,18.2,1026.88671875,14,1416.2890625
1779138571.47601,4129,2.504200005205348,5.212374999246094,18.2,1026.88671875,14,1416.2890625
1779138571.4760106,4130,2.504200005205348,5.212525000388268,18.2,1026.88671875,14,1416.2890625
1779138571.4760113,4131,2.504200005205348,5.212675001530442,18.2,1026.88671875,14,1416.2890625
1779138571.5022564,4132,2.21797500125831,4.899150000710506,36.4,1026.88671875,14,1416.2890625
1779138571.5022588,4133,2.21797500125831,4.899550003756303,36.4,1026.88671875,14,1416.2890625
1779138571.5022595,4134,2.21797500125831,4.899700004898477,36.4,1026.88671875,14,1416.2890625
1779138571.50226,4135,2.21797500125831,4.899825005850289,36.4,1026.88671875,14,1416.2890625
1779138571.528358,4136,2.3013249956420623,4.993999995349441,0.0,1026.88671875,14,1416.2890625
1779138571.5283604,4137,2.3013249956420623,4.994449998775963,0.0,1026.88671875,14,1416.2890625
1779138571.5283608,4138,2.3013249956420623,4.994574999727774,0.0,1026.88671875,14,1416.2890625
1779138571.5283616,4139,2.3013249956420623,4.994700000679586,0.0,1026.88671875,14,1416.2890625
1779138571.556529,4140,2.3760499971103854,4.9959000025410205,0.0,1026.890625,14,1416.2890625
1779138571.5565314,4141,2.3760499971103854,4.996274998120498,0.0,1026.890625,14,1416.2890625
1779138571.5565321,4142,2.3760499971103854,4.996424999262672,0.0,1026.890625,14,1416.2890625
1779138571.5565324,4143,2.3760499971103854,4.996550000214484,0.0,1026.890625,14,1416.2890625
1779138571.5859978,4144,2.6639249990694225,5.4612750027445145,20.0,1026.89453125,14,1416.2890625
1779138571.5860026,4145,2.6639249990694225,5.462175002321601,20.0,1026.89453125,14,1416.2890625
1779138571.5860043,4146,2.6639249990694225,5.462524997710716,20.0,1026.89453125,14,1416.2890625
1779138571.5860052,4147,2.6639249990694225,5.462799999804702,20.0,1026.89453125,14,1416.2890625
1779138571.6120124,4148,2.0741749976878054,4.840350004087668,10.0,1026.89453125,14,1416.2890625
1779138571.6120145,4149,2.0741749976878054,4.840749999857508,10.0,1026.89453125,14,1416.2890625
1779138571.6120152,4150,2.0741749976878054,4.840875000809319,10.0,1026.89453125,14,1416.2890625
1779138571.612016,4151,2.0741749976878054,4.841050002141856,10.0,1026.89453125,14,1416.2890625
1779138571.6375844,4152,2.093700000841636,4.819000001589302,0.0,1026.89453125,14,1416.2890625
1779138571.6375866,4153,2.093700000841636,4.819375004444737,0.0,1026.89453125,14,1416.2890625
1779138571.6375873,4154,2.093700000841636,4.819500005396549,0.0,1026.89453125,14,1416.2890625
1779138571.637588,4155,2.093700000841636,4.819624999072403,0.0,1026.89453125,14,1416.2890625
1779138571.6649163,4156,2.3378499972750433,4.998149997845758,14.3,1026.89453125,14,1416.2890625
1779138571.6649184,4157,2.3378499972750433,4.998550000891555,14.3,1026.89453125,14,1416.2890625
1779138571.6649194,4158,2.3378499972750433,4.998700002033729,14.3,1026.89453125,14,1416.2890625
1779138571.6649199,4159,2.3378499972750433,4.998874996090308,14.3,1026.89453125,14,1416.2890625
1779138571.6915336,4160,2.5022249974426813,5.133724996994715,33.3,1026.8984375,14,1416.2890625
1779138571.691536,4161,2.5022249974426813,5.13409999985015,33.3,1026.8984375,14,1416.2890625
1779138571.6915364,4162,2.5022249974426813,5.134225000801962,33.3,1026.8984375,14,1416.2890625
1779138571.691537,4163,2.5022249974426813,5.1343500017537735,33.3,1026.8984375,14,1416.2890625
1779138571.7167828,4164,1.8898249982157722,4.658924997784197,0.0,1026.8984375,14,1416.2890625
1779138571.7167854,4165,1.8898249982157722,4.659350001020357,0.0,1026.8984375,14,1416.2890625
1779138571.716786,4166,1.8898249982157722,4.659475001972169,0.0,1026.8984375,14,1416.2890625
1779138571.7167864,4167,1.8898249982157722,4.65960000292398,0.0,1026.8984375,14,1416.2890625
1779138571.7447844,4168,2.5795499968808144,5.2683499961858615,0.0,1026.8984375,14,1416.2890625
1779138571.7447867,4169,2.5795499968808144,5.268749999231659,0.0,1026.8984375,14,1416.2890625
1779138571.7447872,4170,2.5795499968808144,5.268900000373833,0.0,1026.8984375,14,1416.2890625
1779138571.7447877,4171,2.5795499968808144,5.269024994049687,0.0,1026.8984375,14,1416.2890625
1779138571.771826,4172,2.518399996915832,5.284024999127723,16.7,1026.90234375,14,1416.2890625
1779138571.7718284,4173,2.518399996915832,5.284475002554245,16.7,1026.90234375,14,1416.2890625
1779138571.7718294,4174,2.518399996915832,5.284625003696419,16.7,1026.90234375,14,1416.2890625
1779138571.7718298,4175,2.518399996915832,5.284749997372273,16.7,1026.90234375,14,1416.2890625
1779138571.7987998,4176,2.2447250012191944,4.9448499994468875,22.2,1026.90234375,14,1416.2890625
1779138571.7988021,4177,2.2447250012191944,4.9452250023023225,22.2,1026.90234375,14,1416.2890625
1779138571.7988026,4178,2.2447250012191944,4.945349995978177,22.2,1026.90234375,14,1416.2890625
1779138571.7988062,4179,2.2447250012191944,4.946224995364901,22.2,1026.90234375,14,1416.2890625
1779138571.8287818,4180,2.158675000828225,5.80127500143135,25.0,1026.91015625,14,1416.2890625
1779138571.828786,4181,2.158675000828225,5.801949999295175,25.0,1026.91015625,14,1416.2890625
1779138571.8287866,4182,2.158675000828225,5.802175001008436,25.0,1026.91015625,14,1416.2890625
1779138571.8287878,4183,2.158675000828225,5.8023999954457395,25.0,1026.91015625,14,1416.2890625
1779138571.8592663,4184,2.6052000030176714,5.485075002070516,13.0,1026.9140625,14,1416.2890625
1779138571.8592687,4185,2.6052000030176714,5.485525005497038,13.0,1026.9140625,14,1416.2890625
1779138571.8592694,4186,2.6052000030176714,5.485699999553617,13.0,1026.9140625,14,1416.2890625
1779138571.8592699,4187,2.6052000030176714,5.485850000695791,13.0,1026.9140625,14,1416.2890625
1779138571.8860939,4188,2.1421999990707263,5.007899999327492,0.0,1026.9140625,14,1416.2890625
1779138571.8861005,4189,2.1421999990707263,5.00935000309255,0.0,1026.9140625,14,1416.2890625
1779138571.886101,4190,2.1421999990707263,5.009474996768404,0.0,1026.9140625,14,1416.2890625
1779138571.8861017,4191,2.1421999990707263,5.009624997910578,0.0,1026.9140625,14,1416.2890625
1779138571.912149,4192,1.9331000003148802,4.6648249990539625,25.0,1026.91796875,14,1416.2890625
1779138571.9121518,4193,1.9331000003148802,4.665250002290122,25.0,1026.91796875,14,1416.2890625
1779138571.9121523,4194,1.9331000003148802,4.665375003241934,25.0,1026.91796875,14,1416.2890625
1779138571.9121525,4195,1.9331000003148802,4.665499996917788,25.0,1026.91796875,14,1416.2890625
1779138571.9353766,4196,1.552424997498747,4.2759749994729646,0.0,1026.92578125,14,1416.2890625
1779138571.9353788,4197,1.552424997498747,4.2763500023284,0.0,1026.92578125,14,1416.2890625
1779138571.9353793,4198,1.552424997498747,4.276475003280211,0.0,1026.92578125,14,1416.2890625
1779138571.9353814,4199,1.552424997498747,4.277025000192225,0.0,1026.92578125,14,1416.2890625
1779138571.9616067,4200,2.340674996958114,5.058924994955305,27.3,1026.9375,14,1416.2890625
1779138571.9616094,4201,2.340674996958114,5.059399998572189,27.3,1026.9375,14,1416.2890625
1779138571.96161,4202,2.340674996958114,5.059549999714363,27.3,1026.9375,14,1416.2890625
1779138571.9616108,4203,2.340674996958114,5.0597250010469,27.3,1026.9375,14,1416.2890625
1779138571.9878714,4204,1.9830750024993904,4.690125002525747,13.3,1026.9375,14,1416.2890625
1779138571.9878747,4205,1.9830750024993904,4.690649999247398,13.3,1026.9375,14,1416.2890625
1779138571.987876,4206,1.9830750024993904,4.690875000960659,13.3,1026.9375,14,1416.2890625
1779138571.9878767,4207,1.9830750024993904,4.69110000267392,13.3,1026.9375,14,1416.2890625
1779138572.015738,4208,2.253500002552755,4.969800000253599,33.3,1026.94140625,14,1416.2890625
1779138572.0157406,4209,2.253500002552755,4.9702000032993965,33.3,1026.94140625,14,1416.2890625
1779138572.015741,4210,2.253500002552755,4.970349997165613,33.3,1026.94140625,14,1416.2890625
1779138572.0157416,4211,2.253500002552755,4.9704749981174245,33.3,1026.94140625,14,1416.2890625
1779138572.043964,4212,2.6034000038634986,5.3051750001031905,0.0,1026.94140625,14,1416.2890625
1779138572.0439665,4213,2.6034000038634986,5.305575003148988,0.0,1026.94140625,14,1416.2890625
1779138572.043967,4214,2.6034000038634986,5.305725004291162,0.0,1026.94140625,14,1416.2890625
1779138572.0439677,4215,2.6034000038634986,5.305874998157378,0.0,1026.94140625,14,1416.2890625
1779138572.0727286,4216,2.5526250028633513,5.271449997962918,0.0,1026.94140625,14,1416.2890625
1779138572.0727315,4217,2.5526250028633513,5.27190000138944,0.0,1026.94140625,14,1416.2890625
1779138572.0727365,4218,2.5526250028633513,5.273225004202686,0.0,1026.94140625,14,1416.2890625
1779138572.072737,4219,2.5526250028633513,5.27334999787854,0.0,1026.94140625,14,1416.2890625
1779138572.0985954,4220,2.033650001976639,4.827600001590326,12.5,1026.953125,14,1416.2890625
1779138572.098598,4221,2.033650001976639,4.827999997360166,12.5,1026.953125,14,1416.2890625
1779138572.0985985,4222,2.033650001976639,4.828124998311978,12.5,1026.953125,14,1416.2890625
1779138572.098599,4223,2.033650001976639,4.828274999454152,12.5,1026.953125,14,1416.2890625
1779138572.1263247,4224,2.1320999949239194,4.809974998352118,41.7,1026.95703125,14,1416.2890625
1779138572.1263275,4225,2.1320999949239194,4.810374994121958,41.7,1026.95703125,14,1416.2890625
1779138572.126328,4226,2.1320999949239194,4.810499995073769,41.7,1026.95703125,14,1416.2890625
1779138572.1263285,4227,2.1320999949239194,4.810624996025581,41.7,1026.95703125,14,1416.2890625
1779138572.1521235,4228,2.0119499968132004,4.806149998330511,0.0,1026.95703125,14,1416.2890625
1779138572.1521304,4229,2.0119499968132004,4.807325000001583,0.0,1026.95703125,14,1416.2890625
1779138572.152132,4230,2.0119499968132004,4.807724995771423,0.0,1026.95703125,14,1416.2890625
1779138572.1521337,4231,2.0119499968132004,4.808099998626858,0.0,1026.95703125,14,1416.2890625
1779138572.1901584,4232,2.828974997100886,5.815874996187631,52.9,1026.96484375,14,1416.2890625
1779138572.190168,4233,2.828974997100886,5.8175250014755875,52.9,1026.96484375,14,1416.2890625
1779138572.1901703,4234,2.828974997100886,5.818049998197239,52.9,1026.96484375,14,1416.2890625
1779138572.1901724,4235,2.828974997100886,5.818575002194848,52.9,1026.96484375,14,1416.2890625
1779138572.234972,4236,3.8189500046428293,6.664050000836141,18.2,1024.49609375,14,1416.2890625
1779138572.2349756,4237,3.8189500046428293,6.664650005404837,18.2,1024.49609375,14,1416.2890625
1779138572.2349813,4238,3.8189500046428293,6.666150002274662,18.2,1024.49609375,14,1416.2890625
1779138572.2349825,4239,3.8189500046428293,6.666350003797561,18.2,1024.49609375,14,1416.2890625
1779138572.2647753,4240,2.4915499961934984,5.369124999560881,58.3,1024.51171875,13,1416.2890625
1779138572.2647777,4241,2.4915499961934984,5.3695499955210835,58.3,1024.51171875,13,1416.2890625
1779138572.2647786,4242,2.4915499961934984,5.3696999966632575,58.3,1024.51171875,13,1416.2890625
1779138572.264779,4243,2.4915499961934984,5.3698499978054315,58.3,1024.51171875,13,1416.2890625
1779138572.2918265,4244,2.242199996544514,4.974099996616133,0.0,1023.9453125,13,1416.2890625
1779138572.2918293,4245,2.242199996544514,4.974550000042655,0.0,1023.9453125,13,1416.2890625
1779138572.29183,4246,2.242199996544514,4.974725001375191,0.0,1023.9453125,13,1416.2890625
1779138572.2918305,4247,2.242199996544514,4.974850002327003,0.0,1023.9453125,13,1416.2890625
1779138572.3316393,4248,2.5011999969137833,5.216224999458063,16.7,1026.87890625,13,1416.2890625
1779138572.3316424,4249,2.5011999969137833,5.216675002884585,16.7,1026.87890625,13,1416.2890625
1779138572.3316429,4250,2.5011999969137833,5.2167999965604395,16.7,1026.87890625,13,1416.2890625
1779138572.3316433,4251,2.5011999969137833,5.216924997512251,16.7,1026.87890625,13,1416.2890625
1779138572.3572173,4252,1.9746999969356693,4.778775000886526,0.0,1025.6796875,13,1416.2890625
1779138572.3572211,4253,1.9746999969356693,4.77932499779854,0.0,1025.6796875,13,1416.2890625
1779138572.3572218,4254,1.9746999969356693,4.779524999321438,0.0,1025.6796875,13,1416.2890625
1779138572.3572223,4255,1.9746999969356693,4.779700000653975,0.0,1025.6796875,13,1416.2890625
1779138572.3843033,4256,1.7661999954725616,4.590475000441074,43.8,1025.0859375,13,1416.2890625
1779138572.384306,4257,1.7661999954725616,4.590874996210914,43.8,1025.0859375,13,1416.2890625
1779138572.3843067,4258,1.7661999954725616,4.591074997733813,43.8,1025.0859375,13,1416.2890625
1779138572.3843071,4259,1.7661999954725616,4.591224998875987,43.8,1025.0859375,13,1416.2890625
1779138572.4155285,4260,2.7789999949163757,5.53412499721162,60.0,1025.0859375,13,1416.2890625
1779138572.4155312,4261,2.7789999949163757,5.534525000257418,60.0,1025.0859375,13,1416.2890625
1779138572.4155319,4262,2.7789999949163757,5.534674994123634,60.0,1025.0859375,13,1416.2890625
1779138572.4155326,4263,2.7789999949163757,5.53484999545617,60.0,1025.0859375,13,1416.2890625
1779138572.4403524,4264,1.897499998449348,4.623224995157216,30.8,1025.14453125,13,1416.2890625
1779138572.440355,4265,1.897499998449348,4.6236999987741,30.8,1025.14453125,13,1416.2890625
1779138572.4403555,4266,1.897499998449348,4.623824999725912,30.8,1025.14453125,13,1416.2890625
1779138572.440356,4267,1.897499998449348,4.623950000677723,30.8,1025.14453125,13,1416.2890625
1779138572.4707112,4268,2.691775000130292,5.449550000776071,16.7,1025.14453125,13,1416.2890625
1779138572.470714,4269,2.691775000130292,5.449975004012231,16.7,1025.14453125,13,1416.2890625
1779138572.4707146,4270,2.691775000130292,5.4501000049640425,16.7,1025.14453125,13,1416.2890625
1779138572.4707153,4271,2.691775000130292,5.4502500061062165,16.7,1025.14453125,13,1416.2890625
1779138572.499083,4272,2.077500001178123,4.717200004961342,25.0,1025.20703125,13,1416.2890625
1779138572.4990854,4273,2.077500001178123,4.717575000540819,25.0,1025.20703125,13,1416.2890625
1779138572.499086,4274,2.077500001178123,4.717725001682993,25.0,1025.20703125,13,1416.2890625
1779138572.4990864,4275,2.077500001178123,4.717850002634805,25.0,1025.20703125,13,1416.2890625
1779138572.5244787,4276,1.858975003415253,4.555974999675527,25.0,1025.20703125,13,1416.2890625
1779138572.5244825,4277,1.858975003415253,4.556774998491164,25.0,1025.20703125,13,1416.2890625
1779138572.524483,4278,1.858975003415253,4.556924999633338,25.0,1025.20703125,13,1416.2890625
1779138572.524484,4279,1.858975003415253,4.557075000775512,25.0,1025.20703125,13,1416.2890625
1779138572.5531664,4280,2.507950004655868,5.294900001899805,10.0,1025.21484375,13,1416.2890625
1779138572.553172,4281,2.507950004655868,5.295900002238341,10.0,1025.21484375,13,1416.2890625
1779138572.5531738,4282,2.507950004655868,5.296250004903413,10.0,1025.21484375,13,1416.2890625
1779138572.553175,4283,2.507950004655868,5.296575000102166,10.0,1025.21484375,13,1416.2890625
1779138572.5852993,4284,2.8590000001713634,5.627200000162702,20.0,1025.21484375,13,1416.2890625
1779138572.5853019,4285,2.8590000001713634,5.627674996503629,20.0,1025.21484375,13,1416.2890625
1779138572.5853026,4286,2.8590000001713634,5.6277999974554405,20.0,1025.21484375,13,1416.2890625
1779138572.585303,4287,2.8590000001713634,5.6279499985976145,20.0,1025.21484375,13,1416.2890625
1779138572.6131,4288,2.353675001359079,5.130074998305645,46.7,1025.21484375,13,1416.2890625
1779138572.6131027,4289,2.353675001359079,5.130475001351442,46.7,1025.21484375,13,1416.2890625
1779138572.6131032,4290,2.353675001359079,5.130599995027296,46.7,1025.21484375,13,1416.2890625
1779138572.6131036,4291,2.353675001359079,5.130724995979108,46.7,1025.21484375,13,1416.2890625
1779138572.6392932,4292,2.008624993322883,4.853774997172877,0.0,1025.21484375,13,1416.2890625
1779138572.6392958,4293,2.008624993322883,4.854200000409037,0.0,1025.21484375,13,1416.2890625
1779138572.6392965,4294,2.008624993322883,4.854349994275253,0.0,1025.21484375,13,1416.2890625
1779138572.6392972,4295,2.008624993322883,4.85452499560779,0.0,1025.21484375,13,1416.2890625
1779138572.6657572,4296,2.1997750009177253,4.988524997315835,20.0,1025.21875,13,1416.2890625
1779138572.6657605,4297,2.1997750009177253,4.989075001503807,20.0,1025.21875,13,1416.2890625
1779138572.6657612,4298,2.1997750009177253,4.989249995560385,20.0,1025.21875,13,1416.2890625
1779138572.6657617,4299,2.1997750009177253,4.989424996892922,20.0,1025.21875,13,1416.2890625
1779138572.7001941,4300,2.8604000035556965,5.608699997537769,0.0,1025.4140625,13,1416.2890625
1779138572.7001965,4301,2.8604000035556965,5.609125000773929,0.0,1025.4140625,13,1416.2890625
1779138572.7001972,4302,2.8604000035556965,5.609275001916103,0.0,1025.4140625,13,1416.2890625
1779138572.700198,4303,2.8604000035556965,5.609450003248639,0.0,1025.4140625,13,1416.2890625
1779138572.7310073,4304,2.6522500047576614,5.5410000059055164,0.0,1025.4921875,13,1416.2890625
1779138572.7310102,4305,2.6522500047576614,5.541400001675356,0.0,1025.4921875,13,1416.2890625
1779138572.731011,4306,2.6522500047576614,5.541525002627168,0.0,1025.4921875,13,1416.2890625
1779138572.7310114,4307,2.6522500047576614,5.5416500035789795,0.0,1025.4921875,13,1416.2890625
1779138572.7578232,4308,2.384949999395758,5.069275001005735,15.4,1025.62890625,13,1416.2890625
1779138572.7578259,4309,2.384949999395758,5.069674996775575,15.4,1025.62890625,13,1416.2890625
1779138572.7578266,4310,2.384949999395758,5.069874998298474,15.4,1025.62890625,13,1416.2890625
1779138572.757827,4311,2.384949999395758,5.070024999440648,15.4,1025.62890625,13,1416.2890625
1779138572.786399,4312,2.3631250005564652,5.141099994943943,35.7,1025.703125,11,1416.2890625
1779138572.7864013,4313,2.3631250005564652,5.14149999798974,35.7,1025.703125,11,1416.2890625
1779138572.7864017,4314,2.3631250005564652,5.141624998941552,35.7,1025.703125,11,1416.2890625
1779138572.7864025,4315,2.3631250005564652,5.141775000083726,35.7,1025.703125,11,1416.2890625
1779138572.8132722,4316,2.149949999875389,4.979025005013682,9.1,1025.7265625,11,1416.2890625
1779138572.8132746,4317,2.149949999875389,4.979400000593159,9.1,1025.7265625,11,1416.2890625
1779138572.813275,4318,2.149949999875389,4.979550001735333,9.1,1025.7265625,11,1416.2890625
1779138572.8132756,4319,2.149949999875389,4.979650002496783,9.1,1025.7265625,11,1416.2890625
1779138572.8429067,4320,2.6479000007384457,5.478200000652578,44.4,1025.73046875,11,1416.2890625
1779138572.8429086,4321,2.6479000007384457,5.478600003698375,44.4,1025.73046875,11,1416.2890625
1779138572.8429093,4322,2.6479000007384457,5.478750004840549,44.4,1025.73046875,11,1416.2890625
1779138572.84291,4323,2.6479000007384457,5.478850005601998,44.4,1025.73046875,11,1416.2890625
1779138572.8683197,4324,1.6631249964120798,4.5011749971308745,5.9,1025.80078125,11,1416.2890625
1779138572.8683221,4325,1.6631249964120798,4.501524999795947,5.9,1025.80078125,11,1416.2890625
1779138572.8683228,4326,1.6631249964120798,4.501675000938121,5.9,1025.80078125,11,1416.2890625
1779138572.8683233,4327,1.6631249964120798,4.501800001889933,5.9,1025.80078125,11,1416.2890625
1779138572.8961995,4328,2.4310250009875745,5.1225749994046055,36.4,1025.80078125,11,1416.2890625
1779138572.8962023,4329,2.4310250009875745,5.123000002640765,36.4,1025.80078125,11,1416.2890625
1779138572.896203,4330,2.4310250009875745,5.123124996316619,36.4,1025.80078125,11,1416.2890625
1779138572.8962035,4331,2.4310250009875745,5.123274997458793,36.4,1025.80078125,11,1416.2890625
1779138572.9234354,4332,2.263000002130866,5.001425000955351,25.0,1025.8046875,11,1416.2890625
1779138572.9234378,4333,2.263000002130866,5.001825004001148,25.0,1025.8046875,11,1416.2890625
1779138572.9234385,4334,2.263000002130866,5.00195000495296,25.0,1025.8046875,11,1416.2890625
1779138572.923441,4335,2.263000002130866,5.002600002626423,25.0,1025.8046875,11,1416.2890625
1779138572.95204,4336,2.336550001928117,5.051424996054266,42.9,1025.8203125,11,1416.2890625
1779138572.9520426,4337,2.336550001928117,5.051824999100063,42.9,1025.8203125,11,1416.2890625
1779138572.952043,4338,2.336550001928117,5.051950000051875,42.9,1025.8203125,11,1416.2890625
1779138572.9520435,4339,2.336550001928117,5.052075001003686,42.9,1025.8203125,11,1416.2890625
1779138572.9794345,4340,2.3339000035775825,5.065600002126303,0.0,1025.8203125,11,1416.2890625
1779138572.979437,4341,2.3339000035775825,5.065975004981738,0.0,1025.8203125,11,1416.2890625
1779138572.9794376,4342,2.3339000035775825,5.066100005933549,0.0,1025.8203125,11,1416.2890625
1779138572.979438,4343,2.3339000035775825,5.066224999609403,0.0,1025.8203125,11,1416.2890625
1779138573.0066426,4344,2.4215750017901883,5.122050002682954,38.5,1025.8203125,11,1416.2890625
1779138573.006645,4345,2.4215750017901883,5.122449998452794,38.5,1025.8203125,11,1416.2890625
1779138573.0066457,4346,2.4215750017901883,5.122599999594968,38.5,1025.8203125,11,1416.2890625
1779138573.0066462,4347,2.4215750017901883,5.122750000737142,38.5,1025.8203125,11,1416.2890625
1779138573.0325835,4348,2.0805749954888597,4.7625500010326505,12.5,1025.82421875,11,1416.2890625
1779138573.032586,4349,2.0805749954888597,4.762924996612128,12.5,1025.82421875,11,1416.2890625
1779138573.0325868,4350,2.0805749954888597,4.763074997754302,12.5,1025.82421875,11,1416.2890625
1779138573.0325873,4351,2.0805749954888597,4.763224998896476,12.5,1025.82421875,11,1416.2890625
1779138573.059811,4352,1.9139500000164844,4.657174999010749,0.0,1025.82421875,11,1416.2890625
1779138573.0598133,4353,1.9139500000164844,4.657525001675822,0.0,1025.82421875,11,1416.2890625
1779138573.059814,4354,1.9139500000164844,4.6576500026276335,0.0,1025.82421875,11,1416.2890625
1779138573.0598197,4355,1.9139500000164844,4.659124999307096,0.0,1025.82421875,11,1416.2890625
1779138573.0901356,4356,2.8218250008649193,5.511199997272342,0.0,1025.828125,11,1416.2890625
1779138573.0901387,4357,2.8218250008649193,5.5116500006988645,0.0,1025.828125,11,1416.2890625
1779138573.0901392,4358,2.8218250008649193,5.511824994755443,0.0,1025.828125,11,1416.2890625
1779138573.0901399,4359,2.8218250008649193,5.511974995897617,0.0,1025.828125,11,1416.2890625
1779138573.1195729,4360,2.1949250003672205,5.048200000601355,0.0,1025.8359375,11,1416.2890625
1779138573.1195796,4361,2.1949250003672205,5.04857500345679,0.0,1025.8359375,11,1416.2890625
1779138573.1195805,4362,2.1949250003672205,5.048700004408602,0.0,1025.8359375,11,1416.2890625
1779138573.1195807,4363,2.1949250003672205,5.048850005550776,0.0,1025.8359375,11,1416.2890625
1779138573.1521878,4364,2.3633000018890016,5.08412499766564,0.0,1026.0546875,11,1416.2890625
1779138573.1521907,4365,2.3633000018890016,5.0845500009018,0.0,1026.0546875,11,1416.2890625
1779138573.1521914,4366,2.3633000018890016,5.084700002043974,0.0,1026.0546875,11,1416.2890625
1779138573.152192,4367,2.3633000018890016,5.08484999591019,0.0,1026.0546875,11,1416.2890625
1779138573.1807542,4368,2.3485999990953133,5.0495249961386435,20.0,1026.05859375,11,1416.2890625
1779138573.1807587,4369,2.3485999990953133,5.0502499943831936,20.0,1026.05859375,11,1416.2890625
1779138573.18076,4370,2.3485999990953133,5.050524996477179,20.0,1026.05859375,11,1416.2890625
1779138573.1807606,4371,2.3485999990953133,5.050774998380803,20.0,1026.05859375,11,1416.2890625
1779138573.2074668,4372,2.0859500000369735,4.8902750058914535,8.3,1026.06640625,11,1416.2890625
1779138573.2074692,4373,2.0859500000369735,4.890675001661293,8.3,1026.06640625,11,1416.2890625
1779138573.2074738,4374,2.0859500000369735,4.891750002570916,8.3,1026.06640625,11,1416.2890625
1779138573.2074742,4375,2.0859500000369735,4.891875003522728,8.3,1026.06640625,11,1416.2890625
1779138573.2365797,4376,2.1466999969561584,4.818774999876041,0.0,1026.0703125,11,1416.2890625
1779138573.2365825,4377,2.1466999969561584,4.819224996026605,0.0,1026.0703125,11,1416.2890625
1779138573.236583,4378,2.1466999969561584,4.819374997168779,0.0,1026.0703125,11,1416.2890625
1779138573.2365835,4379,2.1466999969561584,4.819549998501316,0.0,1026.0703125,11,1416.2890625
1779138573.2645237,4380,2.6083999982802197,5.386525001085829,33.3,1026.0703125,15,1416.2890625
1779138573.2645264,4381,2.6083999982802197,5.386924996855669,33.3,1026.0703125,15,1416.2890625
1779138573.2645268,4382,2.6083999982802197,5.38704999780748,33.3,1026.0703125,15,1416.2890625
1779138573.2645273,4383,2.6083999982802197,5.387174998759292,33.3,1026.0703125,15,1416.2890625
1779138573.293306,4384,2.2706000017933547,4.975675001333002,0.0,1026.0703125,15,1416.2890625
1779138573.293309,4385,2.2706000017933547,4.976100004569162,0.0,1026.0703125,15,1416.2890625
1779138573.2933095,4386,2.2706000017933547,4.976225005520973,0.0,1026.0703125,15,1416.2890625
1779138573.29331,4387,2.2706000017933547,4.976350006472785,0.0,1026.0703125,15,1416.2890625
1779138573.3190281,4388,1.7541499983053654,4.660575003072154,16.1,1026.07421875,15,1416.2890625
1779138573.3190308,4389,1.7541499983053654,4.660949998651631,16.1,1026.07421875,15,1416.2890625
1779138573.3190312,4390,1.7541499983053654,4.661099999793805,16.1,1026.07421875,15,1416.2890625
1779138573.3190317,4391,1.7541499983053654,4.661225000745617,16.1,1026.07421875,15,1416.2890625
1779138573.3456564,4392,2.2748000046703964,4.9273000040557235,0.0,1026.07421875,15,1416.2890625
1779138573.3456588,4393,2.2748000046703964,4.927725000015926,0.0,1026.07421875,15,1416.2890625
1779138573.345663,4394,2.2748000046703964,4.928800000925548,0.0,1026.07421875,15,1416.2890625
1779138573.3456638,4395,2.2748000046703964,4.929000002448447,0.0,1026.07421875,15,1416.2890625
1779138573.370659,4396,1.97535000188509,4.710474997409619,0.0,1026.078125,15,1416.2890625
1779138573.3706613,4397,1.97535000188509,4.710850000265054,0.0,1026.078125,15,1416.2890625
1779138573.3706622,4398,1.97535000188509,4.711000001407228,0.0,1026.078125,15,1416.2890625
1779138573.3706627,4399,1.97535000188509,4.711150002549402,0.0,1026.078125,15,1416.2890625
1779138573.3965056,4400,2.050000002782326,4.73000000056345,12.5,1026.078125,15,1416.2890625
1779138573.3965082,4401,2.050000002782326,4.7304000036092475,12.5,1026.078125,15,1416.2890625
1779138573.396509,4402,2.050000002782326,4.730549997475464,12.5,1026.078125,15,1416.2890625
1779138573.3965092,4403,2.050000002782326,4.730674998427276,12.5,1026.078125,15,1416.2890625
1779138573.4255898,4404,2.825950003170874,5.568425003730226,9.1,1026.078125,15,1416.2890625
1779138573.425592,4405,2.825950003170874,5.568824999500066,9.1,1026.078125,15,1416.2890625
1779138573.4255927,4406,2.825950003170874,5.56897500064224,9.1,1026.078125,15,1416.2890625
1779138573.4255931,4407,2.825950003170874,5.569125001784414,9.1,1026.078125,15,1416.2890625
1779138573.4501622,4408,1.8800000034389086,4.528750003373716,0.0,1026.078125,15,1416.2890625
1779138573.4501648,4409,1.8800000034389086,4.529149999143556,0.0,1026.078125,15,1416.2890625
1779138573.4501653,4410,1.8800000034389086,4.529275000095367,0.0,1026.078125,15,1416.2890625
1779138573.450166,4411,1.8800000034389086,4.529425001237541,0.0,1026.078125,15,1416.2890625
1779138573.4771163,4412,2.509174999431707,5.149725002411287,15.4,1026.08203125,15,1416.2890625
1779138573.4771218,4413,2.509174999431707,5.150949997187126,15.4,1026.08203125,15,1416.2890625
1779138573.4771225,4414,2.509174999431707,5.151074998138938,15.4,1026.08203125,15,1416.2890625
1779138573.477123,4415,2.509174999431707,5.151224999281112,15.4,1026.08203125,15,1416.2890625
1779138573.5078485,4416,3.392574995814357,6.080724997445941,25.0,1026.0859375,15,1416.2890625
1779138573.5078514,4417,3.392574995814357,6.081150000682101,25.0,1026.0859375,15,1416.2890625
1779138573.5078518,4418,3.392574995814357,6.081299994548317,25.0,1026.0859375,15,1416.2890625
1779138573.5078523,4419,3.392574995814357,6.081449995690491,25.0,1026.0859375,15,1416.2890625
1779138573.532452,4420,1.8627000026754104,4.612600001564715,18.2,1026.0859375,15,1416.2890625
1779138573.532455,4421,1.8627000026754104,4.613000004610512,18.2,1026.0859375,15,1416.2890625
1779138573.5324554,4422,1.8627000026754104,4.613149998476729,18.2,1026.0859375,15,1416.2890625
1779138573.532456,4423,1.8627000026754104,4.6132749994285405,18.2,1026.0859375,15,1416.2890625
1779138573.5585225,4424,2.2305750026134774,4.927925001538824,0.0,1026.08984375,15,1416.2890625
1779138573.5585248,4425,2.2305750026134774,4.928350004774984,0.0,1026.08984375,15,1416.2890625
1779138573.5585253,4426,2.2305750026134774,4.928500005917158,0.0,1026.08984375,15,1416.2890625
1779138573.5585263,4427,2.2305750026134774,4.928649999783374,0.0,1026.08984375,15,1416.2890625
1779138573.5848029,4428,2.2998249987722374,4.967924993252382,8.3,1026.08984375,15,1416.2890625
1779138573.584805,4429,2.2998249987722374,4.968324996298179,8.3,1026.08984375,15,1416.2890625
1779138573.5848057,4430,2.2998249987722374,4.968449997249991,8.3,1026.08984375,15,1416.2890625
1779138573.5848062,4431,2.2998249987722374,4.968599998392165,8.3,1026.08984375,15,1416.2890625
1779138573.6111865,4432,2.150874999642838,4.852650003158487,12.5,1026.09765625,15,1416.2890625
1779138573.6111887,4433,2.150874999642838,4.8529999985476024,12.5,1026.09765625,15,1416.2890625
1779138573.6111894,4434,2.150874999642838,4.8531499996897765,12.5,1026.09765625,15,1416.2890625
1779138573.6111898,4435,2.150874999642838,4.853275000641588,12.5,1026.09765625,15,1416.2890625
1779138573.636973,4436,2.167074999306351,4.892475000815466,0.0,1026.09765625,15,1416.2890625
1779138573.636975,4437,2.167074999306351,4.892900004051626,0.0,1026.09765625,15,1416.2890625
1779138573.6369758,4438,2.167074999306351,4.8930500051938,0.0,1026.09765625,15,1416.2890625
1779138573.6369765,4439,2.167074999306351,4.893174998869654,0.0,1026.09765625,15,1416.2890625
1779138573.664301,4440,2.613224998640362,5.275899995467626,57.1,1026.1015625,15,1416.2890625
1779138573.664303,4441,2.613224998640362,5.276274998323061,57.1,1026.1015625,15,1416.2890625
1779138573.6643035,4442,2.613224998640362,5.276424999465235,57.1,1026.1015625,15,1416.2890625
1779138573.664304,4443,2.613224998640362,5.276525000226684,57.1,1026.1015625,15,1416.2890625
1779138573.6916945,4444,2.2409500015783124,4.9628499982645735,0.0,1026.1015625,15,1416.2890625
1779138573.691697,4445,2.2409500015783124,4.963250001310371,0.0,1026.1015625,15,1416.2890625
1779138573.6916976,4446,2.2409500015783124,4.963400002452545,0.0,1026.1015625,15,1416.2890625
1779138573.691698,4447,2.2409500015783124,4.963524996128399,0.0,1026.1015625,15,1416.2890625
1779138573.7200823,4448,2.4426999952993356,5.167399998754263,25.0,1026.1015625,15,1416.2890625
1779138573.7200847,4449,2.4426999952993356,5.167825001990423,25.0,1026.1015625,15,1416.2890625
1779138573.7200856,4450,2.4426999952993356,5.167999996047001,25.0,1026.1015625,15,1416.2890625
1779138573.720086,4451,2.4426999952993356,5.168174997379538,25.0,1026.1015625,15,1416.2890625
1779138573.7463195,4452,2.158524999686051,4.842924994591158,0.0,1026.10546875,15,1416.2890625
1779138573.7463222,4453,2.158524999686051,4.843349997827318,0.0,1026.10546875,15,1416.2890625
1779138573.7463229,4454,2.158524999686051,4.843499998969492,0.0,1026.10546875,15,1416.2890625
1779138573.7463233,4455,2.158524999686051,4.843650000111666,0.0,1026.10546875,15,1416.2890625
1779138573.7714646,4456,1.9225749929319136,4.6656249978696,0.0,1026.10546875,13,1416.2890625
1779138573.7714667,4457,1.9225749929319136,4.666049993829802,0.0,1026.10546875,13,1416.2890625
1779138573.7714674,4458,1.9225749929319136,4.666174994781613,0.0,1026.10546875,13,1416.2890625
1779138573.7714677,4459,1.9225749929319136,4.666299995733425,0.0,1026.10546875,13,1416.2890625
1779138573.7978475,4460,2.251750003779307,4.845850002311636,5.0,1026.109375,13,1416.2890625
1779138573.79785,4461,2.251750003779307,4.846225005167071,5.0,1026.109375,13,1416.2890625
1779138573.7978504,4462,2.251750003779307,4.846375006309245,5.0,1026.109375,13,1416.2890625
1779138573.7978508,4463,2.251750003779307,4.846525000175461,5.0,1026.109375,13,1416.2890625
1779138573.8237557,4464,2.1166750011616386,4.862025001784787,0.0,1026.109375,13,1416.2890625
1779138573.8237584,4465,2.1166750011616386,4.862424997554626,0.0,1026.109375,13,1416.2890625
1779138573.823759,4466,2.1166750011616386,4.8625749986968,0.0,1026.109375,13,1416.2890625
1779138573.8237596,4467,2.1166750011616386,4.862699999648612,0.0,1026.109375,13,1416.2890625
1779138573.8498914,4468,2.212674997281283,4.922050000459421,14.3,1026.11328125,13,1416.2890625
1779138573.849894,4469,2.212674997281283,4.922499996609986,14.3,1026.11328125,13,1416.2890625
1779138573.8498948,4470,2.212674997281283,4.92264999775216,14.3,1026.11328125,13,1416.2890625
1779138573.8498952,4471,2.212674997281283,4.9227749987039715,14.3,1026.11328125,13,1416.2890625
1779138573.8757322,4472,2.30685000133235,5.012875000829808,7.1,1026.1171875,13,1416.2890625
1779138573.8757348,4473,2.30685000133235,5.013300004065968,7.1,1026.1171875,13,1416.2890625
1779138573.8757355,4474,2.30685000133235,5.013424997741822,7.1,1026.1171875,13,1416.2890625
1779138573.8757358,4475,2.30685000133235,5.013574998883996,7.1,1026.1171875,13,1416.2890625
1779138573.9036562,4476,2.63832499331329,5.3045749955344945,0.0,1026.1171875,13,1416.2890625
1779138573.9036584,4477,2.63832499331329,5.304974998580292,0.0,1026.1171875,13,1416.2890625
1779138573.9036593,4478,2.63832499331329,5.3050999995321035,0.0,1026.1171875,13,1416.2890625
1779138573.9036598,4479,2.63832499331329,5.305225000483915,0.0,1026.1171875,13,1416.2890625
1779138573.9288132,4480,1.9865750000462867,4.666150001867209,30.0,1026.1171875,13,1416.2890625
1779138573.9288158,4481,1.9865750000462867,4.666550004913006,30.0,1026.1171875,13,1416.2890625
1779138573.9288166,4482,1.9865750000462867,4.666675005864818,30.0,1026.1171875,13,1416.2890625
1779138573.9288168,4483,1.9865750000462867,4.666800006816629,30.0,1026.1171875,13,1416.2890625
1779138573.9534564,4484,1.7271249962504953,4.600100000970997,28.6,1026.1171875,13,1416.2890625
1779138573.953459,4485,1.7271249962504953,4.600499996740837,28.6,1026.1171875,13,1416.2890625
1779138573.9534595,4486,1.7271249962504953,4.600649997883011,28.6,1026.1171875,13,1416.2890625
1779138573.95346,4487,1.7271249962504953,4.600799999025185,28.6,1026.1171875,13,1416.2890625
1779138573.9811306,4488,2.616625002701767,5.301949997374322,0.0,1026.1171875,13,1416.2890625
1779138573.9811332,4489,2.616625002701767,5.30235000042012,0.0,1026.1171875,13,1416.2890625
1779138573.981134,4490,2.616625002701767,5.302500001562294,0.0,1026.1171875,13,1416.2890625
1779138573.981138,4491,2.616625002701767,5.303525002091192,0.0,1026.1171875,13,1416.2890625
1779138574.0063937,4492,2.0797499964828603,4.801524999493267,2.0,1026.12109375,13,1416.2890625
1779138574.0063968,4493,2.0797499964828603,4.801999995834194,2.0,1026.12109375,13,1416.2890625
1779138574.0063972,4494,2.0797499964828603,4.802124996786006,2.0,1026.12109375,13,1416.2890625
1779138574.0063977,4495,2.0797499964828603,4.8022499977378175,2.0,1026.12109375,13,1416.2890625
1779138574.03147,4496,1.912250001623761,4.572024998196866,10.0,1026.12890625,13,1416.2890625
1779138574.0314724,4497,1.912250001623761,4.572425001242664,10.0,1026.12890625,13,1416.2890625
1779138574.0314732,4498,1.912250001623761,4.57257499510888,10.0,1026.12890625,13,1416.2890625
1779138574.0314736,4499,1.912250001623761,4.572724996251054,10.0,1026.12890625,13,1416.2890625
1779138574.0571318,4500,2.2419000015361235,4.869399999734014,0.0,1026.12890625,13,1416.2890625
1779138574.0571346,4501,2.2419000015361235,4.869850003160536,0.0,1026.12890625,13,1416.2890625
1779138574.057135,4502,2.2419000015361235,4.869999997026753,0.0,1026.12890625,13,1416.2890625
1779138574.0571356,4503,2.2419000015361235,4.870124997978564,0.0,1026.12890625,13,1416.2890625
1779138574.0874147,4504,3.1042499977047555,5.722374997276347,0.0,1026.12890625,13,1416.2890625
1779138574.0874174,4505,3.1042499977047555,5.7227750003221445,0.0,1026.12890625,13,1416.2890625
1779138574.0874178,4506,3.1042499977047555,5.7228999939979985,0.0,1026.12890625,13,1416.2890625
1779138574.0874186,4507,3.1042499977047555,5.723074995330535,0.0,1026.12890625,13,1416.2890625
1779138574.1150374,4508,2.469400002155453,5.173350000404753,25.0,1026.12890625,13,1416.2890625
1779138574.11504,4509,2.469400002155453,5.1737750036409125,25.0,1026.12890625,13,1416.2890625
1779138574.1150405,4510,2.469400002155453,5.173900004592724,25.0,1026.12890625,13,1416.2890625
1779138574.1150453,4511,2.469400002155453,5.175124999368563,25.0,1026.12890625,13,1416.2890625
